id,paper_trade_id,asset_type,buy_or_sell,mid,strike,expiration,ratio,delta
9,f7df3c4f-0f5a-4373-b3a1-4de21f8810af,OPTION,BUY,3.2000,95.0000,,1,
10,f7df3c4f-0f5a-4373-b3a1-4de21f8810af,OPTION,SELL,1.1000,105.0000,,1,
11,1d29561d-5b13-4486-8cc9-f051b26656f9,OPTION,BUY,3.2000,95.0000,,1,
12,1d29561d-5b13-4486-8cc9-f051b26656f9,OPTION,SELL,1.1000,105.0000,,1,
13,36606418-e378-45a2-87b3-b2959cd9988f,OPTION,BUY,3.2000,95.0000,,1,
14,36606418-e378-45a2-87b3-b2959cd9988f,OPTION,SELL,1.1000,105.0000,,1,
15,7965de94-34d8-4491-81d7-0c88772f5308,OPTION,BUY,3.2000,95.0000,,1,
16,7965de94-34d8-4491-81d7-0c88772f5308,OPTION,SELL,1.1000,105.0000,,1,
17,84263723-68b6-4b8b-8829-238f462538aa,OPTION,BUY,3.2000,95.0000,,1,
18,84263723-68b6-4b8b-8829-238f462538aa,OPTION,SELL,1.1000,105.0000,,1,
19,33a502ce-2ae8-43dc-8710-5ca457e9eee8,OPTION,BUY,3.2000,95.0000,,1,
20,33a502ce-2ae8-43dc-8710-5ca457e9eee8,OPTION,SELL,1.1000,105.0000,,1,
21,24ea4da9-5c39-4871-8f1d-7e0212849731,OPTION,BUY,3.2000,95.0000,,1,
22,24ea4da9-5c39-4871-8f1d-7e0212849731,OPTION,SELL,1.1000,105.0000,,1,
23,8089be1d-7f58-4384-8d00-cf16ee52359e,OPTION,BUY,3.2000,95.0000,,1,
24,8089be1d-7f58-4384-8d00-cf16ee52359e,OPTION,SELL,1.1000,105.0000,,1,
25,3944b42c-70ef-4058-badb-a64c343f05e2,OPTION,BUY,3.2000,95.0000,,1,
26,3944b42c-70ef-4058-badb-a64c343f05e2,OPTION,SELL,1.1000,105.0000,,1,
27,ase_pt_426097d373aa4fbd,CALL,LONG,6.0000,95.0000,2026-09-19,1,0.6200
28,ase_pt_426097d373aa4fbd,CALL,SHORT,2.0000,105.0000,2026-09-19,1,0.3800
29,ase_pt_6083b99595c94b37,CALL,LONG,6.0000,95.0000,2026-09-19,1,0.6200
30,ase_pt_6083b99595c94b37,CALL,SHORT,2.0000,105.0000,2026-09-19,1,0.3800
31,ase_pt_3bda863231e14809,CALL,LONG,6.0000,95.0000,2026-09-19,1,0.6200
32,ase_pt_3bda863231e14809,CALL,SHORT,2.0000,105.0000,2026-09-19,1,0.3800
33,ase_pt_ecffd21d1e71478d,CALL,LONG,8.0000,170.0000,2026-08-21,1,0.5800
34,ase_pt_ecffd21d1e71478d,CALL,SHORT,2.3000,185.0000,2026-08-21,1,0.2800
35,ase_pt_99857ff17e444244,CALL,LONG,7.2500,175.0000,2026-08-21,1,0.5500
36,ase_pt_9348885232d04d4e,CALL,LONG,9.7500,170.0000,2026-08-21,1,0.6200
37,ase_pt_9348885232d04d4e,CALL,SHORT,1.8000,190.0000,2026-08-21,1,0.2200
38,ase_pt_e93e30f16e154e46,PUT,LONG,8.3000,180.0000,2026-08-21,1,-0.5800
39,ase_pt_e93e30f16e154e46,PUT,SHORT,1.4000,160.0000,2026-08-21,1,-0.1800
40,ase_pt_556516fdaa6346da,CALL,SHORT,6.0000,175.0000,2026-08-21,1,0.5000
41,ase_pt_556516fdaa6346da,CALL,LONG,8.2500,175.0000,2026-09-18,1,0.5200
42,ase_pt_50cee139dd5f4d1b,CALL,SHORT,3.7000,180.0000,2026-08-21,1,0.3800
43,ase_pt_50cee139dd5f4d1b,CALL,LONG,9.3000,170.0000,2026-09-18,1,0.6000
44,ase_pt_dc09b5d14ef44603,CALL,LONG,12.7500,165.0000,2026-08-21,1,0.7200
45,ase_pt_dc09b5d14ef44603,CALL,SHORT,6.2000,175.0000,2026-08-21,2,0.5000
46,ase_pt_dc09b5d14ef44603,CALL,LONG,2.3000,185.0000,2026-08-21,1,0.2800
47,ase_pt_341bcf3e6977437d,PUT,SHORT,1.6000,155.0000,2026-08-21,1,-0.2200
48,ase_pt_341bcf3e6977437d,PUT,LONG,0.6800,145.0000,2026-08-21,1,-0.1200
49,ase_pt_341bcf3e6977437d,CALL,SHORT,1.7000,195.0000,2026-08-21,1,0.2000
50,ase_pt_341bcf3e6977437d,CALL,LONG,0.7300,205.0000,2026-08-21,1,0.1100
51,ase_pt_f417c1e1b7594d6f,CALL,LONG,6.0000,175.0000,2026-08-21,1,0.5000
52,ase_pt_f417c1e1b7594d6f,PUT,LONG,6.0000,175.0000,2026-08-21,1,-0.5000
53,ase_pt_fe5c39faa9ff45bb,CALL,SHORT,6.0000,175.0000,2026-08-21,1,0.5000
54,ase_pt_fe5c39faa9ff45bb,CALL,LONG,2.2000,185.0000,2026-08-21,2,0.2800
55,ase_pt_1c70e2ed36e748c0,CALL,LONG,1.0500,195.0000,2026-08-21,1,0.1800
56,ase_pt_1c70e2ed36e748c0,PUT,SHORT,2.6000,165.0000,2026-08-21,1,-0.2800
57,ase_pt_1c70e2ed36e748c0,PUT,LONG,1.1500,155.0000,2026-08-21,1,-0.1500
58,ase_pt_c07afef2857d49ed,CALL,LONG,8.0000,170.0000,2026-08-21,1,0.5800
59,ase_pt_c07afef2857d49ed,CALL,SHORT,2.3000,185.0000,2026-08-21,1,0.2800
60,ase_pt_35fc776144e54a4b,CALL,LONG,7.2500,175.0000,2026-08-21,1,0.5500
61,ase_pt_06792981111b4143,CALL,LONG,9.7500,170.0000,2026-08-21,1,0.6200
62,ase_pt_06792981111b4143,CALL,SHORT,1.8000,190.0000,2026-08-21,1,0.2200
63,ase_pt_f90caba5eb23474c,PUT,LONG,8.3000,180.0000,2026-08-21,1,-0.5800
64,ase_pt_f90caba5eb23474c,PUT,SHORT,1.4000,160.0000,2026-08-21,1,-0.1800
65,ase_pt_117a109ec5dd4070,CALL,SHORT,6.0000,175.0000,2026-08-21,1,0.5000
66,ase_pt_117a109ec5dd4070,CALL,LONG,8.2500,175.0000,2026-09-18,1,0.5200
67,ase_pt_16386550e4ec40a8,CALL,SHORT,3.7000,180.0000,2026-08-21,1,0.3800
68,ase_pt_16386550e4ec40a8,CALL,LONG,9.3000,170.0000,2026-09-18,1,0.6000
69,ase_pt_bf1cf12068b3467c,CALL,LONG,12.7500,165.0000,2026-08-21,1,0.7200
70,ase_pt_bf1cf12068b3467c,CALL,SHORT,6.2000,175.0000,2026-08-21,2,0.5000
71,ase_pt_bf1cf12068b3467c,CALL,LONG,2.3000,185.0000,2026-08-21,1,0.2800
72,ase_pt_bdd79945f43049f0,PUT,SHORT,1.6000,155.0000,2026-08-21,1,-0.2200
73,ase_pt_bdd79945f43049f0,PUT,LONG,0.6800,145.0000,2026-08-21,1,-0.1200
74,ase_pt_bdd79945f43049f0,CALL,SHORT,1.7000,195.0000,2026-08-21,1,0.2000
75,ase_pt_bdd79945f43049f0,CALL,LONG,0.7300,205.0000,2026-08-21,1,0.1100
76,ase_pt_c9285bac7ab4456a,CALL,LONG,6.0000,175.0000,2026-08-21,1,0.5000
77,ase_pt_c9285bac7ab4456a,PUT,LONG,6.0000,175.0000,2026-08-21,1,-0.5000
78,ase_pt_f03d8213adaf4693,CALL,SHORT,6.0000,175.0000,2026-08-21,1,0.5000
79,ase_pt_f03d8213adaf4693,CALL,LONG,2.2000,185.0000,2026-08-21,2,0.2800
80,ase_pt_6cb43827aca54901,CALL,LONG,1.0500,195.0000,2026-08-21,1,0.1800
81,ase_pt_6cb43827aca54901,PUT,SHORT,2.6000,165.0000,2026-08-21,1,-0.2800
82,ase_pt_6cb43827aca54901,PUT,LONG,1.1500,155.0000,2026-08-21,1,-0.1500
83,ase_pt_425af45e774a4d75,CALL,LONG,8.0000,170.0000,2026-08-21,1,0.5800
84,ase_pt_425af45e774a4d75,CALL,SHORT,2.3000,185.0000,2026-08-21,1,0.2800
85,ase_pt_f81f75f7f93c45bd,CALL,LONG,7.2500,175.0000,2026-08-21,1,0.5500
86,ase_pt_128484047a824332,CALL,LONG,9.7500,170.0000,2026-08-21,1,0.6200
87,ase_pt_128484047a824332,CALL,SHORT,1.8000,190.0000,2026-08-21,1,0.2200
88,ase_pt_ea65248f920c4afd,PUT,LONG,8.3000,180.0000,2026-08-21,1,-0.5800
89,ase_pt_ea65248f920c4afd,PUT,SHORT,1.4000,160.0000,2026-08-21,1,-0.1800
90,ase_pt_0b70f91107a2450c,CALL,SHORT,6.0000,175.0000,2026-08-21,1,0.5000
91,ase_pt_0b70f91107a2450c,CALL,LONG,8.2500,175.0000,2026-09-18,1,0.5200
92,ase_pt_14f3d29356e1406e,CALL,SHORT,3.7000,180.0000,2026-08-21,1,0.3800
93,ase_pt_14f3d29356e1406e,CALL,LONG,9.3000,170.0000,2026-09-18,1,0.6000
94,ase_pt_bacc84d4772d447c,CALL,LONG,12.7500,165.0000,2026-08-21,1,0.7200
95,ase_pt_bacc84d4772d447c,CALL,SHORT,6.2000,175.0000,2026-08-21,2,0.5000
96,ase_pt_bacc84d4772d447c,CALL,LONG,2.3000,185.0000,2026-08-21,1,0.2800
97,ase_pt_d08c204af0aa4d79,PUT,SHORT,1.6000,155.0000,2026-08-21,1,-0.2200
98,ase_pt_d08c204af0aa4d79,PUT,LONG,0.6800,145.0000,2026-08-21,1,-0.1200
99,ase_pt_d08c204af0aa4d79,CALL,SHORT,1.7000,195.0000,2026-08-21,1,0.2000
100,ase_pt_d08c204af0aa4d79,CALL,LONG,0.7300,205.0000,2026-08-21,1,0.1100
101,ase_pt_413ea62f4d2f4494,CALL,LONG,6.0000,175.0000,2026-08-21,1,0.5000
102,ase_pt_413ea62f4d2f4494,PUT,LONG,6.0000,175.0000,2026-08-21,1,-0.5000
103,ase_pt_441256588f4a4d41,CALL,SHORT,6.0000,175.0000,2026-08-21,1,0.5000
104,ase_pt_441256588f4a4d41,CALL,LONG,2.2000,185.0000,2026-08-21,2,0.2800
105,ase_pt_e5231e71990f4568,CALL,LONG,1.0500,195.0000,2026-08-21,1,0.1800
106,ase_pt_e5231e71990f4568,PUT,SHORT,2.6000,165.0000,2026-08-21,1,-0.2800
107,ase_pt_e5231e71990f4568,PUT,LONG,1.1500,155.0000,2026-08-21,1,-0.1500
108,ase_pt_31a61421b62646dc,CALL,LONG,2.3356,102.5800,2026-08-21,1,0.4000
109,ase_pt_82123c62b1164c60,PUT,LONG,4.9156,102.5800,2026-08-21,1,-0.4000
110,ase_pt_3795820de110476a,CALL,LONG,17.3751,89.3800,2027-07-16,1,0.7000
111,ase_pt_b81ee0040f7d4f04,PUT,LONG,6.7551,89.3800,2027-07-16,1,-0.7000
112,ase_pt_09120c21e9ab423c,CALL,LONG,7.6404,93.3600,2026-08-21,1,0.8000
113,ase_pt_5777f328ee784956,PUT,LONG,1.0004,93.3600,2026-08-21,1,-0.8000
114,ase_pt_2131ca79b52849e6,CALL,LONG,17.3751,89.3800,2027-07-16,1,0.7000
115,ase_pt_2131ca79b52849e6,CALL,SHORT,1.5664,105.0000,2026-08-21,1,0.3000
116,ase_pt_426a457a5c514b82,PUT,LONG,6.7551,89.3800,2027-07-16,1,-0.7000
117,ase_pt_426a457a5c514b82,PUT,SHORT,6.5664,105.0000,2026-08-21,1,-0.3000
118,ase_pt_ab7790faa1c546cf,CALL,LONG,3.2547,100.3700,2026-08-21,1,0.5000
119,ase_pt_ab7790faa1c546cf,CALL,SHORT,1.5664,105.0000,2026-08-21,1,0.3000
120,ase_pt_90aebf88d50e4c5e,CALL,LONG,5.0262,97.1000,2026-08-21,1,0.6500
121,ase_pt_90aebf88d50e4c5e,CALL,SHORT,3.2547,100.3700,2026-08-21,1,0.5000
122,ase_pt_81d385620a0340d0,CALL,LONG,1.9345,103.7500,2026-08-21,1,0.3500
123,ase_pt_81d385620a0340d0,CALL,SHORT,0.9215,107.9100,2026-08-21,1,0.2000
124,ase_pt_259c9ec7c0bb44ad,CALL,SHORT,1.9345,103.7500,2026-08-21,1,0.3500
125,ase_pt_259c9ec7c0bb44ad,CALL,LONG,0.9215,107.9100,2026-08-21,1,0.2000
126,ase_pt_efe0d09f127f4b5e,CALL,SHORT,1.2286,106.3700,2026-08-21,1,0.2500
127,ase_pt_efe0d09f127f4b5e,CALL,LONG,0.6432,109.7300,2026-08-21,1,0.1500
128,ase_pt_8fc139721c9c4d94,CALL,LONG,3.2547,100.3700,2026-08-21,1,0.5000
129,ase_pt_8fc139721c9c4d94,CALL,SHORT,2.3356,102.5800,2026-08-21,1,0.4000
130,ase_pt_3c7ddbca75b940eb,CALL,LONG,3.2547,100.3700,2026-08-21,1,0.5000
131,ase_pt_3c7ddbca75b940eb,CALL,SHORT,0.6432,109.7300,2026-08-21,1,0.1500
132,ase_pt_0ee34056a5ba483e,CALL,LONG,13.3288,96.9500,2027-07-16,1,0.6000
133,ase_pt_0ee34056a5ba483e,CALL,SHORT,6.0476,117.4200,2027-07-16,1,0.3500
134,ase_pt_bda5c6e34e8646be,CALL,SHORT,1.5664,105.0000,2026-08-21,1,0.3000
135,ase_pt_bda5c6e34e8646be,CALL,LONG,0.6432,109.7300,2026-08-21,1,0.1500
136,ase_pt_549092c247454f84,CALL,LONG,3.2547,100.3700,2026-08-21,1,0.5000
137,ase_pt_549092c247454f84,CALL,SHORT,2.1747,107.3800,2026-09-18,1,0.3000
138,ase_pt_19d58ab0083c4d4e,PUT,LONG,3.6247,100.3700,2026-08-21,1,-0.5000
139,ase_pt_19d58ab0083c4d4e,PUT,SHORT,6.5664,105.0000,2026-08-21,1,-0.3000
140,ase_pt_38c8440699ab4e45,PUT,LONG,2.1262,97.1000,2026-08-21,1,-0.6500
141,ase_pt_38c8440699ab4e45,PUT,SHORT,3.6247,100.3700,2026-08-21,1,-0.5000
142,ase_pt_36741c707c0f4b62,PUT,LONG,5.6845,103.7500,2026-08-21,1,-0.3500
143,ase_pt_36741c707c0f4b62,PUT,SHORT,8.8315,107.9100,2026-08-21,1,-0.2000
144,ase_pt_bf38b5588ca045ca,PUT,SHORT,5.6845,103.7500,2026-08-21,1,-0.3500
145,ase_pt_bf38b5588ca045ca,PUT,LONG,8.8315,107.9100,2026-08-21,1,-0.2000
146,ase_pt_40905bcdfaae4348,PUT,SHORT,7.5986,106.3700,2026-08-21,1,-0.2500
147,ase_pt_40905bcdfaae4348,PUT,LONG,10.3732,109.7300,2026-08-21,1,-0.1500
148,ase_pt_1f5c6dbfe19748df,PUT,LONG,3.6247,100.3700,2026-08-21,1,-0.5000
149,ase_pt_1f5c6dbfe19748df,PUT,SHORT,4.9156,102.5800,2026-08-21,1,-0.4000
150,ase_pt_1aeab363df7b46d9,PUT,LONG,3.6247,100.3700,2026-08-21,1,-0.5000
151,ase_pt_1aeab363df7b46d9,PUT,SHORT,10.3732,109.7300,2026-08-21,1,-0.1500
152,ase_pt_3a64d9fcbff1414d,PUT,LONG,10.2788,96.9500,2027-07-16,1,-0.6000
153,ase_pt_3a64d9fcbff1414d,PUT,SHORT,23.4676,117.4200,2027-07-16,1,-0.3500
154,ase_pt_01fef25551624710,PUT,SHORT,6.5664,105.0000,2026-08-21,1,-0.3000
155,ase_pt_01fef25551624710,PUT,LONG,10.3732,109.7300,2026-08-21,1,-0.1500
156,ase_pt_9f12756001424bb1,PUT,LONG,3.6247,100.3700,2026-08-21,1,-0.5000
157,ase_pt_9f12756001424bb1,PUT,SHORT,9.5547,107.3800,2026-09-18,1,-0.3000
158,ase_pt_b31a4d1261f343e9,CALL,LONG,3.2547,100.3700,2026-08-21,1,0.5000
159,ase_pt_b31a4d1261f343e9,CALL,SHORT,1.5664,105.0000,2026-08-21,1,0.3000
160,ase_pt_b31a4d1261f343e9,PUT,SHORT,5.6845,103.7500,2026-08-21,1,-0.3500
161,ase_pt_b31a4d1261f343e9,PUT,LONG,8.8315,107.9100,2026-08-21,1,-0.2000
162,ase_pt_2b6fcc40f3494051,PUT,LONG,3.6247,100.3700,2026-08-21,1,-0.5000
163,ase_pt_2b6fcc40f3494051,PUT,SHORT,6.5664,105.0000,2026-08-21,1,-0.3000
164,ase_pt_2b6fcc40f3494051,CALL,SHORT,1.9345,103.7500,2026-08-21,1,0.3500
165,ase_pt_2b6fcc40f3494051,CALL,LONG,0.9215,107.9100,2026-08-21,1,0.2000
166,ase_pt_99cb0be7029b4a82,CALL,SHORT,3.2547,100.3700,2026-08-21,1,0.5000
167,ase_pt_99cb0be7029b4a82,CALL,LONG,4.5063,100.7400,2026-09-18,1,0.5000
168,ase_pt_922c42b2e24d4fb5,PUT,SHORT,3.6247,100.3700,2026-08-21,1,-0.5000
169,ase_pt_922c42b2e24d4fb5,PUT,LONG,5.2463,100.7400,2026-09-18,1,-0.5000
170,ase_pt_30c9f7f099f04656,CALL,SHORT,5.0262,97.1000,2026-08-21,1,0.6500
171,ase_pt_30c9f7f099f04656,CALL,LONG,6.9385,96.1300,2026-09-18,1,0.6500
172,ase_pt_e1b81c458fdd4e71,CALL,SHORT,1.5664,105.0000,2026-08-21,1,0.3000
173,ase_pt_e1b81c458fdd4e71,CALL,LONG,2.1747,107.3800,2026-09-18,1,0.3000
174,ase_pt_76bbcd4f1f4f4321,CALL,SHORT,1.5664,105.0000,2026-08-21,1,0.3000
175,ase_pt_76bbcd4f1f4f4321,CALL,LONG,2.1747,107.3800,2026-09-18,1,0.3000
176,ase_pt_76bbcd4f1f4f4321,PUT,SHORT,6.5664,105.0000,2026-08-21,1,-0.3000
177,ase_pt_76bbcd4f1f4f4321,PUT,LONG,9.5547,107.3800,2026-09-18,1,-0.3000
178,ase_pt_348d05419ab448e7,CALL,SHORT,3.2547,100.3700,2026-08-21,1,0.5000
179,ase_pt_348d05419ab448e7,CALL,LONG,4.5063,100.7400,2026-09-18,1,0.5000
180,ase_pt_583071390312407f,CALL,SHORT,3.9381,100.5600,2026-09-18,1,0.5000
181,ase_pt_583071390312407f,CALL,LONG,10.0335,104.6000,2027-07-16,1,0.5000
182,ase_pt_413893ee62984e99,PUT,SHORT,4.4981,100.5600,2026-09-18,1,-0.5000
183,ase_pt_413893ee62984e99,PUT,LONG,14.6335,104.6000,2027-07-16,1,-0.5000
184,ase_pt_e11d456d41a84455,CALL,LONG,4.5063,100.7400,2026-09-18,1,0.5000
185,ase_pt_e11d456d41a84455,CALL,SHORT,1.5664,105.0000,2026-08-21,1,0.3000
186,ase_pt_d76fb2bccf7b4907,CALL,LONG,6.0365,97.6900,2026-09-18,1,0.6000
187,ase_pt_d76fb2bccf7b4907,CALL,SHORT,1.5664,105.0000,2026-08-21,1,0.3000
188,ase_pt_1cdfe82457184b5e,PUT,LONG,3.7265,97.6900,2026-09-18,1,-0.6000
189,ase_pt_1cdfe82457184b5e,PUT,SHORT,6.5664,105.0000,2026-08-21,1,-0.3000
190,ase_pt_25965cdfc2b84bb7,CALL,LONG,4.5063,100.7400,2026-09-18,1,0.5000
191,ase_pt_25965cdfc2b84bb7,CALL,SHORT,2.3356,102.5800,2026-08-21,1,0.4000
192,ase_pt_468a12d81bfa4bbe,CALL,SHORT,4.5063,100.7400,2026-09-18,1,0.5000
193,ase_pt_468a12d81bfa4bbe,CALL,LONG,1.5664,105.0000,2026-08-21,1,0.3000
194,ase_pt_79e593a33bc8450e,CALL,LONG,2.6826,105.5800,2026-09-18,1,0.3500
195,ase_pt_79e593a33bc8450e,CALL,SHORT,0.9215,107.9100,2026-08-21,1,0.2000
196,ase_pt_79e593a33bc8450e,PUT,LONG,8.2626,105.5800,2026-09-18,1,-0.3500
197,ase_pt_79e593a33bc8450e,PUT,SHORT,8.8315,107.9100,2026-08-21,1,-0.2000
198,ase_pt_56ec12c833d3410d,CALL,LONG,17.3751,89.3800,2027-07-16,1,0.7000
199,ase_pt_56ec12c833d3410d,CALL,SHORT,1.5664,105.0000,2026-08-21,1,0.3000
200,ase_pt_82ada73b5e58432a,PUT,LONG,6.7551,89.3800,2027-07-16,1,-0.7000
201,ase_pt_82ada73b5e58432a,PUT,SHORT,6.5664,105.0000,2026-08-21,1,-0.3000
202,ase_pt_e24cb20825964481,CALL,LONG,4.5063,100.7400,2026-09-18,1,0.5000
203,ase_pt_e24cb20825964481,CALL,SHORT,2.3356,102.5800,2026-08-21,1,0.4000
204,ase_pt_0696a7501e5a4b86,CALL,LONG,4.5063,100.7400,2026-09-18,1,0.5000
205,ase_pt_0696a7501e5a4b86,CALL,SHORT,0.9215,107.9100,2026-08-21,1,0.2000
206,ase_pt_aa854a4440c0485e,PUT,LONG,5.2463,100.7400,2026-09-18,1,-0.5000
207,ase_pt_aa854a4440c0485e,PUT,SHORT,8.8315,107.9100,2026-08-21,1,-0.2000
208,ase_pt_28ea289d06244a2c,CALL,LONG,4.5063,100.7400,2026-09-18,1,0.5000
209,ase_pt_28ea289d06244a2c,CALL,SHORT,3.2547,100.3700,2026-08-21,1,0.5000
210,ase_pt_28ea289d06244a2c,PUT,LONG,5.2463,100.7400,2026-09-18,1,-0.5000
211,ase_pt_28ea289d06244a2c,PUT,SHORT,3.6247,100.3700,2026-08-21,1,-0.5000
212,ase_pt_328f936a7b994ec1,CALL,LONG,7.2678,97.3700,2026-10-16,1,0.6000
213,ase_pt_328f936a7b994ec1,CALL,SHORT,1.5664,105.0000,2026-08-21,1,0.3000
214,ase_pt_00a319c736ae4b1d,CALL,LONG,3.2547,100.3700,2026-08-21,1,0.5000
215,ase_pt_00a319c736ae4b1d,PUT,LONG,3.6247,100.3700,2026-08-21,1,-0.5000
216,ase_pt_072a3bfdbe32476a,CALL,LONG,1.2286,106.3700,2026-08-21,1,0.2500
217,ase_pt_072a3bfdbe32476a,PUT,LONG,7.5986,106.3700,2026-08-21,1,-0.2500
218,ase_pt_61163c0323cd45fc,CALL,LONG,3.2547,100.3700,2026-08-21,2,0.5000
219,ase_pt_61163c0323cd45fc,PUT,LONG,3.6247,100.3700,2026-08-21,1,-0.5000
220,ase_pt_7a7c2d1c8e31410e,CALL,LONG,3.2547,100.3700,2026-08-21,1,0.5000
221,ase_pt_7a7c2d1c8e31410e,PUT,LONG,3.6247,100.3700,2026-08-21,2,-0.5000
222,ase_pt_bce325b6dbd949b5,CALL,SHORT,3.2547,100.3700,2026-08-21,1,0.5000
223,ase_pt_bce325b6dbd949b5,PUT,SHORT,3.6247,100.3700,2026-08-21,1,-0.5000
224,ase_pt_bce325b6dbd949b5,CALL,LONG,0.9215,107.9100,2026-08-21,1,0.2000
225,ase_pt_bce325b6dbd949b5,PUT,LONG,8.8315,107.9100,2026-08-21,1,-0.2000
226,ase_pt_57079b3931a14d23,CALL,LONG,3.2547,100.3700,2026-08-21,2,0.5000
227,ase_pt_57079b3931a14d23,PUT,LONG,3.6247,100.3700,2026-08-21,2,-0.5000
228,ase_pt_57079b3931a14d23,CALL,SHORT,1.9345,103.7500,2026-08-21,1,0.3500
229,ase_pt_57079b3931a14d23,PUT,SHORT,5.6845,103.7500,2026-08-21,1,-0.3500
230,ase_pt_b2ca50de093b4563,CALL,SHORT,3.2547,100.3700,2026-08-21,1,0.5000
231,ase_pt_b2ca50de093b4563,CALL,LONG,4.5063,100.7400,2026-09-18,1,0.5000
232,ase_pt_b2ca50de093b4563,PUT,SHORT,3.6247,100.3700,2026-08-21,1,-0.5000
233,ase_pt_b2ca50de093b4563,PUT,LONG,5.2463,100.7400,2026-09-18,1,-0.5000
234,ase_pt_c7a2f3b519e24441,CALL,LONG,2.1747,107.3800,2026-09-18,1,0.3000
235,ase_pt_c7a2f3b519e24441,CALL,SHORT,0.9215,107.9100,2026-08-21,1,0.2000
236,ase_pt_c7a2f3b519e24441,PUT,LONG,9.5547,107.3800,2026-09-18,1,-0.3000
237,ase_pt_c7a2f3b519e24441,PUT,SHORT,8.8315,107.9100,2026-08-21,1,-0.2000
238,ase_pt_2fc2f3bd813c4201,CALL,LONG,3.7847,99.2900,2026-08-21,1,0.5500
239,ase_pt_2fc2f3bd813c4201,CALL,SHORT,3.2547,100.3700,2026-08-21,2,0.5000
240,ase_pt_2fc2f3bd813c4201,CALL,LONG,2.7741,101.4600,2026-08-21,1,0.4500
241,ase_pt_001f7af9440e43f5,PUT,LONG,3.0747,99.2900,2026-08-21,1,-0.5500
242,ase_pt_001f7af9440e43f5,PUT,SHORT,3.6247,100.3700,2026-08-21,2,-0.5000
243,ase_pt_001f7af9440e43f5,PUT,LONG,4.2341,101.4600,2026-08-21,1,-0.4500
244,ase_pt_f7e0e8d95161439f,CALL,LONG,1.2286,106.3700,2026-08-21,1,0.2500
245,ase_pt_f7e0e8d95161439f,CALL,SHORT,3.2547,100.3700,2026-08-21,1,0.5000
246,ase_pt_f7e0e8d95161439f,PUT,SHORT,3.6247,100.3700,2026-08-21,1,-0.5000
247,ase_pt_f7e0e8d95161439f,PUT,LONG,7.5986,106.3700,2026-08-21,1,-0.2500
248,ase_pt_61db83e800514e09,CALL,LONG,3.7847,99.2900,2026-08-21,1,0.5500
249,ase_pt_61db83e800514e09,CALL,SHORT,3.2547,100.3700,2026-08-21,2,0.5000
250,ase_pt_61db83e800514e09,CALL,LONG,1.9345,103.7500,2026-08-21,1,0.3500
251,ase_pt_6117d75ace464771,PUT,LONG,3.0747,99.2900,2026-08-21,1,-0.5500
252,ase_pt_6117d75ace464771,PUT,SHORT,3.6247,100.3700,2026-08-21,2,-0.5000
253,ase_pt_6117d75ace464771,PUT,LONG,5.6845,103.7500,2026-08-21,1,-0.3500
254,ase_pt_713448510d67452d,CALL,LONG,3.7847,99.2900,2026-08-21,1,0.5500
255,ase_pt_713448510d67452d,CALL,SHORT,3.2547,100.3700,2026-08-21,3,0.5000
256,ase_pt_713448510d67452d,CALL,LONG,2.3356,102.5800,2026-08-21,2,0.4000
257,ase_pt_5bab2972c84849cd,CALL,LONG,3.7847,99.2900,2026-08-21,1,0.5500
258,ase_pt_5bab2972c84849cd,CALL,SHORT,2.7741,101.4600,2026-08-21,2,0.4500
259,ase_pt_5bab2972c84849cd,CALL,LONG,1.5664,105.0000,2026-08-21,1,0.3000
260,ase_pt_d6e7b562298d4374,CALL,LONG,5.0262,97.1000,2026-08-21,1,0.6500
261,ase_pt_d6e7b562298d4374,CALL,SHORT,3.2547,100.3700,2026-08-21,2,0.5000
262,ase_pt_d6e7b562298d4374,CALL,LONG,1.9345,103.7500,2026-08-21,1,0.3500
263,ase_pt_b592a8277a61404c,CALL,LONG,3.4592,99.9400,2026-08-21,1,0.5200
264,ase_pt_b592a8277a61404c,CALL,SHORT,3.2547,100.3700,2026-08-21,2,0.5000
265,ase_pt_b592a8277a61404c,CALL,LONG,3.0586,100.8000,2026-08-21,1,0.4800
266,ase_pt_071adb86c61641aa,CALL,LONG,3.7847,99.2900,2026-08-21,1,0.5500
267,ase_pt_071adb86c61641aa,CALL,SHORT,3.2547,100.3700,2026-08-21,2,0.5000
268,ase_pt_071adb86c61641aa,CALL,LONG,2.7741,101.4600,2026-08-21,1,0.4500
269,ase_pt_071adb86c61641aa,PUT,LONG,3.0747,99.2900,2026-08-21,1,-0.5500
270,ase_pt_071adb86c61641aa,PUT,SHORT,3.6247,100.3700,2026-08-21,2,-0.5000
271,ase_pt_071adb86c61641aa,PUT,LONG,4.2341,101.4600,2026-08-21,1,-0.4500
272,ase_pt_81d56157029f4bbc,CALL,LONG,4.5063,100.7400,2026-09-18,1,0.5000
273,ase_pt_81d56157029f4bbc,CALL,SHORT,3.2547,100.3700,2026-08-21,2,0.5000
274,ase_pt_81d56157029f4bbc,CALL,LONG,5.4274,101.1200,2026-10-16,1,0.5000
275,ase_pt_48205beec76749a1,CALL,LONG,3.7847,99.2900,2026-08-21,1,0.5500
276,ase_pt_48205beec76749a1,CALL,SHORT,3.2547,100.3700,2026-08-21,2,0.5000
277,ase_pt_48205beec76749a1,CALL,LONG,2.3356,102.5800,2026-08-21,1,0.4000
278,ase_pt_0dd0cca698e3471b,PUT,LONG,10.3732,109.7300,2026-08-21,1,-0.1500
279,ase_pt_0dd0cca698e3471b,PUT,SHORT,6.5664,105.0000,2026-08-21,1,-0.3000
280,ase_pt_0dd0cca698e3471b,CALL,SHORT,1.5664,105.0000,2026-08-21,1,0.3000
281,ase_pt_0dd0cca698e3471b,CALL,LONG,0.6432,109.7300,2026-08-21,1,0.1500
282,ase_pt_32be02a6f8b348be,PUT,LONG,8.8315,107.9100,2026-08-21,1,-0.2000
283,ase_pt_32be02a6f8b348be,PUT,SHORT,5.6845,103.7500,2026-08-21,1,-0.3500
284,ase_pt_32be02a6f8b348be,CALL,SHORT,1.9345,103.7500,2026-08-21,1,0.3500
285,ase_pt_32be02a6f8b348be,CALL,LONG,0.9215,107.9100,2026-08-21,1,0.2000
286,ase_pt_2af95b3f1e834dbb,PUT,LONG,13.5617,113.2600,2026-08-21,1,-0.0800
287,ase_pt_2af95b3f1e834dbb,PUT,SHORT,8.8315,107.9100,2026-08-21,1,-0.2000
288,ase_pt_2af95b3f1e834dbb,CALL,SHORT,0.9215,107.9100,2026-08-21,1,0.2000
289,ase_pt_2af95b3f1e834dbb,CALL,LONG,0.3017,113.2600,2026-08-21,1,0.0800
290,ase_pt_24d5f67c97a24cf4,PUT,SHORT,10.3732,109.7300,2026-08-21,1,-0.1500
291,ase_pt_24d5f67c97a24cf4,PUT,LONG,6.5664,105.0000,2026-08-21,1,-0.3000
292,ase_pt_24d5f67c97a24cf4,CALL,LONG,1.5664,105.0000,2026-08-21,1,0.3000
293,ase_pt_24d5f67c97a24cf4,CALL,SHORT,0.6432,109.7300,2026-08-21,1,0.1500
294,ase_pt_651c3abf1f1f4b08,PUT,LONG,12.4628,112.0700,2026-08-21,1,-0.1000
295,ase_pt_651c3abf1f1f4b08,PUT,SHORT,7.5986,106.3700,2026-08-21,1,-0.2500
296,ase_pt_651c3abf1f1f4b08,CALL,SHORT,1.5664,105.0000,2026-08-21,1,0.3000
297,ase_pt_651c3abf1f1f4b08,CALL,LONG,0.9215,107.9100,2026-08-21,1,0.2000
298,ase_pt_e8ac703556ed4ca8,PUT,LONG,12.4628,112.0700,2026-08-21,1,-0.1000
299,ase_pt_e8ac703556ed4ca8,PUT,SHORT,8.8315,107.9100,2026-08-21,1,-0.2000
300,ase_pt_e8ac703556ed4ca8,CALL,SHORT,1.9345,103.7500,2026-08-21,1,0.3500
301,ase_pt_e8ac703556ed4ca8,CALL,LONG,0.9215,107.9100,2026-08-21,1,0.2000
302,ase_pt_5b48b5fc0a3f40de,PUT,LONG,12.4628,112.0700,2026-08-21,1,-0.1000
303,ase_pt_5b48b5fc0a3f40de,PUT,SHORT,7.5986,106.3700,2026-08-21,1,-0.2500
304,ase_pt_5b48b5fc0a3f40de,CALL,SHORT,1.2286,106.3700,2026-08-21,1,0.2500
305,ase_pt_5b48b5fc0a3f40de,CALL,LONG,0.3928,112.0700,2026-08-21,1,0.1000
306,ase_pt_5b48b5fc0a3f40de,PUT,LONG,6.5664,105.0000,2026-08-21,1,-0.3000
307,ase_pt_5b48b5fc0a3f40de,PUT,SHORT,4.9156,102.5800,2026-08-21,1,-0.4000
308,ase_pt_5b48b5fc0a3f40de,CALL,SHORT,2.3356,102.5800,2026-08-21,1,0.4000
309,ase_pt_5b48b5fc0a3f40de,CALL,LONG,1.5664,105.0000,2026-08-21,1,0.3000
310,ase_pt_41fa6adf243d4784,PUT,LONG,8.8315,107.9100,2026-08-21,1,-0.2000
311,ase_pt_41fa6adf243d4784,PUT,SHORT,5.6845,103.7500,2026-08-21,1,-0.3500
312,ase_pt_41fa6adf243d4784,CALL,SHORT,1.2286,106.3700,2026-08-21,1,0.2500
313,ase_pt_41fa6adf243d4784,CALL,LONG,0.3928,112.0700,2026-08-21,1,0.1000
314,ase_pt_033247baa7c14f4a,PUT,LONG,10.3732,109.7300,2026-08-21,1,-0.1500
315,ase_pt_033247baa7c14f4a,PUT,SHORT,6.5664,105.0000,2026-08-21,1,-0.3000
316,ase_pt_033247baa7c14f4a,CALL,SHORT,1.5664,105.0000,2026-08-21,1,0.3000
317,ase_pt_033247baa7c14f4a,CALL,LONG,0.6432,109.7300,2026-08-21,1,0.1500
318,ase_pt_0c5895db0d4c4a51,PUT,LONG,12.4628,112.0700,2026-08-21,1,-0.1000
319,ase_pt_0c5895db0d4c4a51,PUT,SHORT,7.5986,106.3700,2026-08-21,1,-0.2500
320,ase_pt_0c5895db0d4c4a51,CALL,SHORT,1.2286,106.3700,2026-08-21,1,0.2500
321,ase_pt_0c5895db0d4c4a51,CALL,LONG,0.3928,112.0700,2026-08-21,1,0.1000
322,ase_pt_2a71b6dad9324f42,PUT,LONG,12.4628,112.0700,2026-08-21,1,-0.1000
323,ase_pt_2a71b6dad9324f42,PUT,SHORT,8.8315,107.9100,2026-08-21,1,-0.2000
324,ase_pt_2a71b6dad9324f42,CALL,SHORT,0.9215,107.9100,2026-08-21,1,0.2000
325,ase_pt_2a71b6dad9324f42,CALL,LONG,0.3928,112.0700,2026-08-21,1,0.1000
326,ase_pt_64cba35090f74aaf,PUT,SHORT,3.6247,100.3700,2026-08-21,1,-0.5000
327,ase_pt_64cba35090f74aaf,CALL,SHORT,3.2547,100.3700,2026-08-21,1,0.5000
328,ase_pt_64cba35090f74aaf,PUT,LONG,10.3732,109.7300,2026-08-21,1,-0.1500
329,ase_pt_64cba35090f74aaf,CALL,LONG,0.6432,109.7300,2026-08-21,1,0.1500
330,ase_pt_e79f6d8cdfbc417d,CALL,SHORT,3.2547,100.3700,2026-08-21,1,0.5000
331,ase_pt_e79f6d8cdfbc417d,CALL,LONG,1.5664,105.0000,2026-08-21,2,0.3000
332,ase_pt_662b1d2e3f3b4a8c,PUT,SHORT,3.6247,100.3700,2026-08-21,1,-0.5000
333,ase_pt_662b1d2e3f3b4a8c,PUT,LONG,6.5664,105.0000,2026-08-21,2,-0.3000
334,ase_pt_e2c2f6a10bdb4b99,CALL,LONG,3.7847,99.2900,2026-08-21,1,0.5500
335,ase_pt_e2c2f6a10bdb4b99,CALL,SHORT,1.9345,103.7500,2026-08-21,2,0.3500
336,ase_pt_e2c2f6a10bdb4b99,CALL,LONG,0.9215,107.9100,2026-08-21,1,0.2000
337,ase_pt_7c43d64b976b406e,PUT,LONG,3.0747,99.2900,2026-08-21,1,-0.5500
338,ase_pt_7c43d64b976b406e,PUT,SHORT,5.6845,103.7500,2026-08-21,2,-0.3500
339,ase_pt_7c43d64b976b406e,PUT,LONG,8.8315,107.9100,2026-08-21,1,-0.2000
340,ase_pt_f8dc673d2e074d35,PUT,SHORT,6.5664,105.0000,2026-08-21,1,-0.3000
341,ase_pt_f8dc673d2e074d35,PUT,LONG,10.3732,109.7300,2026-08-21,1,-0.1500
342,ase_pt_f8dc673d2e074d35,CALL,SHORT,1.5664,105.0000,2026-08-21,1,0.3000
343,ase_pt_f8dc673d2e074d35,CALL,LONG,0.6432,109.7300,2026-08-21,1,0.1500
344,ase_pt_a1c8e3c5b81941d4,CALL,LONG,0.9215,107.9100,2026-08-21,1,0.2000
345,ase_pt_a1c8e3c5b81941d4,CALL,SHORT,3.2547,100.3700,2026-08-21,1,0.5000
346,ase_pt_a1c8e3c5b81941d4,PUT,SHORT,3.6247,100.3700,2026-08-21,1,-0.5000
347,ase_pt_a1c8e3c5b81941d4,PUT,LONG,8.8315,107.9100,2026-08-21,1,-0.2000
348,ase_pt_fb84854ccb4f40ab,CALL,SHORT,0.9215,107.9100,2026-08-21,1,0.2000
349,ase_pt_fb84854ccb4f40ab,CALL,LONG,3.2547,100.3700,2026-08-21,1,0.5000
350,ase_pt_fb84854ccb4f40ab,PUT,LONG,3.6247,100.3700,2026-08-21,1,-0.5000
351,ase_pt_fb84854ccb4f40ab,PUT,SHORT,8.8315,107.9100,2026-08-21,1,-0.2000
352,ase_pt_fe02671f0c3b4c14,PUT,LONG,12.4628,112.0700,2026-08-21,1,-0.1000
353,ase_pt_fe02671f0c3b4c14,PUT,SHORT,15.7942,115.6200,2026-08-21,1,-0.0500
354,ase_pt_76488e2737934974,PUT,LONG,10.3732,109.7300,2026-08-21,1,-0.1500
355,ase_pt_76488e2737934974,PUT,SHORT,15.7942,115.6200,2026-08-21,1,-0.0500
356,ase_pt_52a1199441b842c2,CALL,LONG,3.2547,100.3700,2026-08-21,1,0.5000
357,ase_pt_52a1199441b842c2,CALL,SHORT,1.5664,105.0000,2026-08-21,1,0.3000
358,ase_pt_52a1199441b842c2,PUT,SHORT,6.5664,105.0000,2026-08-21,1,-0.3000
359,ase_pt_52a1199441b842c2,PUT,LONG,10.3732,109.7300,2026-08-21,1,-0.1500
360,ase_pt_3d55b52d40e74304,CALL,SHORT,1.9345,103.7500,2026-08-21,1,0.3500
361,ase_pt_3d55b52d40e74304,PUT,SHORT,5.6845,103.7500,2026-08-21,1,-0.3500
362,ase_pt_3d55b52d40e74304,CALL,LONG,0.6432,109.7300,2026-08-21,1,0.1500
363,ase_pt_3d55b52d40e74304,PUT,LONG,10.3732,109.7300,2026-08-21,1,-0.1500
364,ase_pt_aaac37a07a91407d,CALL,LONG,3.2547,100.3700,2026-08-21,1,0.5000
365,ase_pt_aaac37a07a91407d,PUT,LONG,3.6247,100.3700,2026-08-21,1,-0.5000
366,ase_pt_7da7c3b4e64846b4,CALL,LONG,4.5063,100.7400,2026-09-18,1,0.5000
367,ase_pt_7da7c3b4e64846b4,CALL,SHORT,3.2547,100.3700,2026-08-21,1,0.5000
368,ase_pt_0f937b112584409c,CALL,LONG,3.2547,100.3700,2026-08-21,1,0.5000
369,ase_pt_0f937b112584409c,PUT,LONG,3.6247,100.3700,2026-08-21,1,-0.5000
370,ase_pt_1170d8dc89b04e2d,CALL,LONG,1.2286,106.3700,2026-08-21,1,0.2500
371,ase_pt_1170d8dc89b04e2d,PUT,LONG,7.5986,106.3700,2026-08-21,1,-0.2500
372,ase_pt_93a3a93c4f9f4e12,CALL,LONG,3.7847,99.2900,2026-08-21,1,0.5500
373,ase_pt_93a3a93c4f9f4e12,CALL,SHORT,3.2547,100.3700,2026-08-21,2,0.5000
374,ase_pt_93a3a93c4f9f4e12,CALL,LONG,2.3356,102.5800,2026-08-21,1,0.4000
375,ase_pt_e42209c2003d4359,PUT,LONG,12.4628,112.0700,2026-08-21,1,-0.1000
376,ase_pt_e42209c2003d4359,PUT,SHORT,7.5986,106.3700,2026-08-21,1,-0.2500
377,ase_pt_e42209c2003d4359,CALL,SHORT,1.2286,106.3700,2026-08-21,1,0.2500
378,ase_pt_e42209c2003d4359,CALL,LONG,0.3928,112.0700,2026-08-21,1,0.1000
379,ase_pt_57dc0fe985a24f4f,CALL,LONG,4.5063,100.7400,2026-09-18,1,0.5000
380,ase_pt_57dc0fe985a24f4f,CALL,SHORT,3.2547,100.3700,2026-08-21,1,0.5000
381,ase_pt_e0a6c5ea0c7841ed,PUT,LONG,10.3732,109.7300,2026-08-21,1,-0.1500
382,ase_pt_e0a6c5ea0c7841ed,PUT,SHORT,6.5664,105.0000,2026-08-21,1,-0.3000
383,ase_pt_e0a6c5ea0c7841ed,CALL,SHORT,1.5664,105.0000,2026-08-21,1,0.3000
384,ase_pt_e0a6c5ea0c7841ed,CALL,LONG,0.6432,109.7300,2026-08-21,1,0.1500
385,ase_pt_d2435f0b6b9843e7,CALL,LONG,3.2547,100.3700,2026-08-21,1,0.5000
386,ase_pt_d2435f0b6b9843e7,CALL,SHORT,1.5664,105.0000,2026-08-21,1,0.3000
387,ase_pt_02fefa8de1fa4313,CALL,LONG,3.7847,99.2900,2026-08-21,1,0.5500
388,ase_pt_02fefa8de1fa4313,CALL,SHORT,3.2547,100.3700,2026-08-21,2,0.5000
389,ase_pt_02fefa8de1fa4313,CALL,LONG,2.7741,101.4600,2026-08-21,1,0.4500
390,ase_pt_9aa23c0340c74068,CALL,LONG,0.9215,107.9100,2026-08-21,1,0.2000
391,ase_pt_9aa23c0340c74068,CALL,SHORT,3.2547,100.3700,2026-08-21,1,0.5000
392,ase_pt_9aa23c0340c74068,PUT,SHORT,3.6247,100.3700,2026-08-21,1,-0.5000
393,ase_pt_9aa23c0340c74068,PUT,LONG,8.8315,107.9100,2026-08-21,1,-0.2000
394,ase_pt_6eeb91756b384821,PUT,LONG,12.4628,112.0700,2026-08-21,1,-0.1000
395,ase_pt_6eeb91756b384821,PUT,SHORT,8.8315,107.9100,2026-08-21,1,-0.2000
396,ase_pt_6eeb91756b384821,CALL,SHORT,0.9215,107.9100,2026-08-21,1,0.2000
397,ase_pt_6eeb91756b384821,CALL,LONG,0.3928,112.0700,2026-08-21,1,0.1000
398,ase_pt_f756f793419d420f,CALL,LONG,0.9215,107.9100,2026-08-21,1,0.2000
399,ase_pt_f756f793419d420f,PUT,LONG,8.8315,107.9100,2026-08-21,1,-0.2000
400,ase_pt_931dd6df28c1477d,PUT,LONG,6.5664,105.0000,2026-08-21,1,-0.3000
401,ase_pt_931dd6df28c1477d,PUT,SHORT,12.4628,112.0700,2026-08-21,1,-0.1000
402,ase_pt_4d0273c3681a4f01,CALL,LONG,1.0929,105.0000,2026-08-07,1,0.4000
403,ase_pt_e2ba930eaa534393,CALL,LONG,4.4890,98.0000,2026-08-21,1,0.5800
404,ase_pt_e2ba930eaa534393,CALL,SHORT,1.8561,104.0000,2026-08-21,1,0.3800
405,ase_pt_40462d8d32c14ee9,PUT,LONG,0.5665,91.0000,2026-08-21,1,-0.1500
406,ase_pt_40462d8d32c14ee9,PUT,SHORT,1.4216,95.0000,2026-08-21,1,-0.2800
407,ase_pt_40462d8d32c14ee9,CALL,SHORT,1.5664,105.0000,2026-08-21,1,0.2800
408,ase_pt_40462d8d32c14ee9,CALL,LONG,0.7449,109.0000,2026-08-21,1,0.1500
409,ase_pt_bbd9a12dae4b4160,CALL,LONG,5.0882,97.0000,2026-08-21,1,0.6000
410,ase_pt_bbd9a12dae4b4160,CALL,SHORT,2.5558,102.0000,2026-08-21,1,0.4500
411,ase_pt_bbd9a12dae4b4160,CALL,LONG,2.1851,103.0000,2026-08-21,1,0.4200
412,ase_pt_bbd9a12dae4b4160,CALL,SHORT,0.9057,108.0000,2026-08-21,1,0.1800
413,ase_pt_bbd9a12dae4b4160,PUT,LONG,3.4301,100.0000,2026-08-21,1,-0.5000
414,ase_pt_274b14eb2f984158,CALL,LONG,5.7329,96.0000,2026-08-21,1,0.6300
415,ase_pt_274b14eb2f984158,CALL,SHORT,3.4301,100.0000,2026-08-21,2,0.5000
416,ase_pt_274b14eb2f984158,CALL,LONG,1.8561,104.0000,2026-08-21,1,0.3800
417,ase_pt_274b14eb2f984158,PUT,LONG,5.8561,104.0000,2026-08-21,1,-0.6200
418,ase_pt_274b14eb2f984158,PUT,SHORT,3.4301,100.0000,2026-08-21,2,-0.5000
419,ase_pt_274b14eb2f984158,PUT,LONG,1.7329,96.0000,2026-08-21,1,-0.3700
420,ase_pt_e4fbd56c2fba44d5,PUT,LONG,0.1781,87.0000,2026-08-21,1,-0.0900
421,ase_pt_e4fbd56c2fba44d5,PUT,SHORT,0.7278,92.0000,2026-08-21,1,-0.1800
422,ase_pt_e4fbd56c2fba44d5,CALL,SHORT,0.9057,108.0000,2026-08-21,1,0.1800
423,ase_pt_e4fbd56c2fba44d5,CALL,LONG,0.3198,113.0000,2026-08-21,1,0.1000
424,ase_pt_e4fbd56c2fba44d5,PUT,LONG,0.9219,93.0000,2026-08-21,1,-0.2000
425,ase_pt_e4fbd56c2fba44d5,PUT,SHORT,2.4890,98.0000,2026-08-21,1,-0.4200
426,ase_pt_e4fbd56c2fba44d5,CALL,SHORT,2.5558,102.0000,2026-08-21,1,0.4500
427,ase_pt_e4fbd56c2fba44d5,CALL,LONG,1.0942,107.0000,2026-08-21,1,0.2200
428,ase_pt_b4fa0790417d42e0,CALL,LONG,2.3356,102.5800,2026-08-21,1,0.4000
429,ase_pt_9089a990edab441c,PUT,LONG,4.9156,102.5800,2026-08-21,1,-0.4000
430,ase_pt_a9753a5b1a1b4f5e,CALL,LONG,17.3751,89.3800,2027-07-16,1,0.7000
431,ase_pt_6b35e0a20e884b30,PUT,LONG,6.7551,89.3800,2027-07-16,1,-0.7000
432,ase_pt_e5ccc8f977734766,CALL,LONG,7.6404,93.3600,2026-08-21,1,0.8000
433,ase_pt_f8bf64f3692e4ea8,PUT,LONG,1.0004,93.3600,2026-08-21,1,-0.8000
434,ase_pt_3b1a8014c6fc4dd2,CALL,LONG,17.3751,89.3800,2027-07-16,1,0.7000
435,ase_pt_3b1a8014c6fc4dd2,CALL,SHORT,1.5664,105.0000,2026-08-21,1,0.3000
436,ase_pt_3847e37dbe01457c,PUT,LONG,6.7551,89.3800,2027-07-16,1,-0.7000
437,ase_pt_3847e37dbe01457c,PUT,SHORT,6.5664,105.0000,2026-08-21,1,-0.3000
438,ase_pt_bc60609866cf4c0f,CALL,LONG,3.2547,100.3700,2026-08-21,1,0.5000
439,ase_pt_bc60609866cf4c0f,CALL,SHORT,1.5664,105.0000,2026-08-21,1,0.3000
440,ase_pt_161362eb9c554659,CALL,LONG,5.0262,97.1000,2026-08-21,1,0.6500
441,ase_pt_161362eb9c554659,CALL,SHORT,3.2547,100.3700,2026-08-21,1,0.5000
442,ase_pt_cbd5bf81793446d7,CALL,LONG,1.9345,103.7500,2026-08-21,1,0.3500
443,ase_pt_cbd5bf81793446d7,CALL,SHORT,0.9215,107.9100,2026-08-21,1,0.2000
444,ase_pt_e8d8f110ca2e46ea,CALL,SHORT,1.9345,103.7500,2026-08-21,1,0.3500
445,ase_pt_e8d8f110ca2e46ea,CALL,LONG,0.9215,107.9100,2026-08-21,1,0.2000
446,ase_pt_5e49d8edae1c4bb5,CALL,SHORT,1.2286,106.3700,2026-08-21,1,0.2500
447,ase_pt_5e49d8edae1c4bb5,CALL,LONG,0.6432,109.7300,2026-08-21,1,0.1500
448,ase_pt_b0a34de8bfd04d85,CALL,LONG,3.2547,100.3700,2026-08-21,1,0.5000
449,ase_pt_b0a34de8bfd04d85,CALL,SHORT,2.3356,102.5800,2026-08-21,1,0.4000
450,ase_pt_d364f8772e634ea2,CALL,LONG,3.2547,100.3700,2026-08-21,1,0.5000
451,ase_pt_d364f8772e634ea2,CALL,SHORT,0.6432,109.7300,2026-08-21,1,0.1500
452,ase_pt_9d1f3d6be1de42e7,CALL,LONG,13.3288,96.9500,2027-07-16,1,0.6000
453,ase_pt_9d1f3d6be1de42e7,CALL,SHORT,6.0476,117.4200,2027-07-16,1,0.3500
454,ase_pt_77c6e57b3a1446b9,CALL,SHORT,1.5664,105.0000,2026-08-21,1,0.3000
455,ase_pt_77c6e57b3a1446b9,CALL,LONG,0.6432,109.7300,2026-08-21,1,0.1500
456,ase_pt_c83827516c75413d,CALL,LONG,3.2547,100.3700,2026-08-21,1,0.5000
457,ase_pt_c83827516c75413d,CALL,SHORT,2.1747,107.3800,2026-09-18,1,0.3000
458,ase_pt_f5348162a2d24340,PUT,LONG,3.6247,100.3700,2026-08-21,1,-0.5000
459,ase_pt_f5348162a2d24340,PUT,SHORT,6.5664,105.0000,2026-08-21,1,-0.3000
460,ase_pt_e8185dd214344b3d,PUT,LONG,2.1262,97.1000,2026-08-21,1,-0.6500
461,ase_pt_e8185dd214344b3d,PUT,SHORT,3.6247,100.3700,2026-08-21,1,-0.5000
462,ase_pt_1d7c0f90a07c44e7,PUT,LONG,5.6845,103.7500,2026-08-21,1,-0.3500
463,ase_pt_1d7c0f90a07c44e7,PUT,SHORT,8.8315,107.9100,2026-08-21,1,-0.2000
464,ase_pt_e80dd2b5c261433a,PUT,SHORT,5.6845,103.7500,2026-08-21,1,-0.3500
465,ase_pt_e80dd2b5c261433a,PUT,LONG,8.8315,107.9100,2026-08-21,1,-0.2000
466,ase_pt_dd6f5dcf3c9049ec,PUT,SHORT,7.5986,106.3700,2026-08-21,1,-0.2500
467,ase_pt_dd6f5dcf3c9049ec,PUT,LONG,10.3732,109.7300,2026-08-21,1,-0.1500
468,ase_pt_ca738e7c12374252,PUT,LONG,3.6247,100.3700,2026-08-21,1,-0.5000
469,ase_pt_ca738e7c12374252,PUT,SHORT,4.9156,102.5800,2026-08-21,1,-0.4000
470,ase_pt_422c7e1be7ac41bc,PUT,LONG,3.6247,100.3700,2026-08-21,1,-0.5000
471,ase_pt_422c7e1be7ac41bc,PUT,SHORT,10.3732,109.7300,2026-08-21,1,-0.1500
472,ase_pt_8779236ee5114ad7,PUT,LONG,10.2788,96.9500,2027-07-16,1,-0.6000
473,ase_pt_8779236ee5114ad7,PUT,SHORT,23.4676,117.4200,2027-07-16,1,-0.3500
474,ase_pt_b544d413f1fa4fbe,PUT,SHORT,6.5664,105.0000,2026-08-21,1,-0.3000
475,ase_pt_b544d413f1fa4fbe,PUT,LONG,10.3732,109.7300,2026-08-21,1,-0.1500
476,ase_pt_97126c75c93c44f0,PUT,LONG,3.6247,100.3700,2026-08-21,1,-0.5000
477,ase_pt_97126c75c93c44f0,PUT,SHORT,9.5547,107.3800,2026-09-18,1,-0.3000
478,ase_pt_e182672b33fc4791,CALL,LONG,3.2547,100.3700,2026-08-21,1,0.5000
479,ase_pt_e182672b33fc4791,CALL,SHORT,1.5664,105.0000,2026-08-21,1,0.3000
480,ase_pt_e182672b33fc4791,PUT,SHORT,5.6845,103.7500,2026-08-21,1,-0.3500
481,ase_pt_e182672b33fc4791,PUT,LONG,8.8315,107.9100,2026-08-21,1,-0.2000
482,ase_pt_977ced069bc5425b,PUT,LONG,3.6247,100.3700,2026-08-21,1,-0.5000
483,ase_pt_977ced069bc5425b,PUT,SHORT,6.5664,105.0000,2026-08-21,1,-0.3000
484,ase_pt_977ced069bc5425b,CALL,SHORT,1.9345,103.7500,2026-08-21,1,0.3500
485,ase_pt_977ced069bc5425b,CALL,LONG,0.9215,107.9100,2026-08-21,1,0.2000
486,ase_pt_9e5cf737f8e74fa3,CALL,SHORT,3.2547,100.3700,2026-08-21,1,0.5000
487,ase_pt_9e5cf737f8e74fa3,CALL,LONG,4.5063,100.7400,2026-09-18,1,0.5000
488,ase_pt_2fb28aa0a20f49b3,PUT,SHORT,3.6247,100.3700,2026-08-21,1,-0.5000
489,ase_pt_2fb28aa0a20f49b3,PUT,LONG,5.2463,100.7400,2026-09-18,1,-0.5000
490,ase_pt_18be7899a17a4176,CALL,SHORT,5.0262,97.1000,2026-08-21,1,0.6500
491,ase_pt_18be7899a17a4176,CALL,LONG,6.9385,96.1300,2026-09-18,1,0.6500
492,ase_pt_b3dcd42cff494334,CALL,SHORT,1.5664,105.0000,2026-08-21,1,0.3000
493,ase_pt_b3dcd42cff494334,CALL,LONG,2.1747,107.3800,2026-09-18,1,0.3000
494,ase_pt_4fd217eb3a5a4a32,CALL,SHORT,1.5664,105.0000,2026-08-21,1,0.3000
495,ase_pt_4fd217eb3a5a4a32,CALL,LONG,2.1747,107.3800,2026-09-18,1,0.3000
496,ase_pt_4fd217eb3a5a4a32,PUT,SHORT,6.5664,105.0000,2026-08-21,1,-0.3000
497,ase_pt_4fd217eb3a5a4a32,PUT,LONG,9.5547,107.3800,2026-09-18,1,-0.3000
498,ase_pt_56e7f9a96a7e4464,CALL,SHORT,3.2547,100.3700,2026-08-21,1,0.5000
499,ase_pt_56e7f9a96a7e4464,CALL,LONG,4.5063,100.7400,2026-09-18,1,0.5000
500,ase_pt_f67e84675c5249a6,CALL,SHORT,3.9381,100.5600,2026-09-18,1,0.5000
501,ase_pt_f67e84675c5249a6,CALL,LONG,10.0335,104.6000,2027-07-16,1,0.5000
502,ase_pt_b6be8e95c33a4553,PUT,SHORT,4.4981,100.5600,2026-09-18,1,-0.5000
503,ase_pt_b6be8e95c33a4553,PUT,LONG,14.6335,104.6000,2027-07-16,1,-0.5000
504,ase_pt_68e54ed88e4d421b,CALL,LONG,4.5063,100.7400,2026-09-18,1,0.5000
505,ase_pt_68e54ed88e4d421b,CALL,SHORT,1.5664,105.0000,2026-08-21,1,0.3000
506,ase_pt_e1ec5f6baa4d403d,CALL,LONG,6.0365,97.6900,2026-09-18,1,0.6000
507,ase_pt_e1ec5f6baa4d403d,CALL,SHORT,1.5664,105.0000,2026-08-21,1,0.3000
508,ase_pt_21edb5107520446d,PUT,LONG,3.7265,97.6900,2026-09-18,1,-0.6000
509,ase_pt_21edb5107520446d,PUT,SHORT,6.5664,105.0000,2026-08-21,1,-0.3000
510,ase_pt_e4b1d239379943ff,CALL,LONG,4.5063,100.7400,2026-09-18,1,0.5000
511,ase_pt_e4b1d239379943ff,CALL,SHORT,2.3356,102.5800,2026-08-21,1,0.4000
512,ase_pt_fada956def4e448a,CALL,SHORT,4.5063,100.7400,2026-09-18,1,0.5000
513,ase_pt_fada956def4e448a,CALL,LONG,1.5664,105.0000,2026-08-21,1,0.3000
514,ase_pt_db747bae239b4a97,CALL,LONG,2.6826,105.5800,2026-09-18,1,0.3500
515,ase_pt_db747bae239b4a97,CALL,SHORT,0.9215,107.9100,2026-08-21,1,0.2000
516,ase_pt_db747bae239b4a97,PUT,LONG,8.2626,105.5800,2026-09-18,1,-0.3500
517,ase_pt_db747bae239b4a97,PUT,SHORT,8.8315,107.9100,2026-08-21,1,-0.2000
518,ase_pt_25ab7424444f4a89,CALL,LONG,17.3751,89.3800,2027-07-16,1,0.7000
519,ase_pt_25ab7424444f4a89,CALL,SHORT,1.5664,105.0000,2026-08-21,1,0.3000
520,ase_pt_8e442eea96e1491f,PUT,LONG,6.7551,89.3800,2027-07-16,1,-0.7000
521,ase_pt_8e442eea96e1491f,PUT,SHORT,6.5664,105.0000,2026-08-21,1,-0.3000
522,ase_pt_e97315119a354c76,CALL,LONG,4.5063,100.7400,2026-09-18,1,0.5000
523,ase_pt_e97315119a354c76,CALL,SHORT,2.3356,102.5800,2026-08-21,1,0.4000
524,ase_pt_c36ecfd5501c47a4,CALL,LONG,4.5063,100.7400,2026-09-18,1,0.5000
525,ase_pt_c36ecfd5501c47a4,CALL,SHORT,0.9215,107.9100,2026-08-21,1,0.2000
526,ase_pt_130a27a8cb9745ba,PUT,LONG,5.2463,100.7400,2026-09-18,1,-0.5000
527,ase_pt_130a27a8cb9745ba,PUT,SHORT,8.8315,107.9100,2026-08-21,1,-0.2000
528,ase_pt_e44634809c5544e3,CALL,LONG,4.5063,100.7400,2026-09-18,1,0.5000
529,ase_pt_e44634809c5544e3,CALL,SHORT,3.2547,100.3700,2026-08-21,1,0.5000
530,ase_pt_e44634809c5544e3,PUT,LONG,5.2463,100.7400,2026-09-18,1,-0.5000
531,ase_pt_e44634809c5544e3,PUT,SHORT,3.6247,100.3700,2026-08-21,1,-0.5000
532,ase_pt_b960fd2b68d648d3,CALL,LONG,7.2678,97.3700,2026-10-16,1,0.6000
533,ase_pt_b960fd2b68d648d3,CALL,SHORT,1.5664,105.0000,2026-08-21,1,0.3000
534,ase_pt_ea5c2ec694ed460f,CALL,LONG,3.2547,100.3700,2026-08-21,1,0.5000
535,ase_pt_ea5c2ec694ed460f,PUT,LONG,3.6247,100.3700,2026-08-21,1,-0.5000
536,ase_pt_ff5e137172e74047,CALL,LONG,1.2286,106.3700,2026-08-21,1,0.2500
537,ase_pt_ff5e137172e74047,PUT,LONG,7.5986,106.3700,2026-08-21,1,-0.2500
538,ase_pt_ac4b9034cd964425,CALL,LONG,3.2547,100.3700,2026-08-21,2,0.5000
539,ase_pt_ac4b9034cd964425,PUT,LONG,3.6247,100.3700,2026-08-21,1,-0.5000
540,ase_pt_b8bb8ab33f7c4861,CALL,LONG,3.2547,100.3700,2026-08-21,1,0.5000
541,ase_pt_b8bb8ab33f7c4861,PUT,LONG,3.6247,100.3700,2026-08-21,2,-0.5000
542,ase_pt_fd8f510a65cb426a,CALL,SHORT,3.2547,100.3700,2026-08-21,1,0.5000
543,ase_pt_fd8f510a65cb426a,PUT,SHORT,3.6247,100.3700,2026-08-21,1,-0.5000
544,ase_pt_fd8f510a65cb426a,CALL,LONG,0.9215,107.9100,2026-08-21,1,0.2000
545,ase_pt_fd8f510a65cb426a,PUT,LONG,8.8315,107.9100,2026-08-21,1,-0.2000
546,ase_pt_8fdcc3627c754690,CALL,LONG,3.2547,100.3700,2026-08-21,2,0.5000
547,ase_pt_8fdcc3627c754690,PUT,LONG,3.6247,100.3700,2026-08-21,2,-0.5000
548,ase_pt_8fdcc3627c754690,CALL,SHORT,1.9345,103.7500,2026-08-21,1,0.3500
549,ase_pt_8fdcc3627c754690,PUT,SHORT,5.6845,103.7500,2026-08-21,1,-0.3500
550,ase_pt_390ae52392654d73,CALL,SHORT,3.2547,100.3700,2026-08-21,1,0.5000
551,ase_pt_390ae52392654d73,CALL,LONG,4.5063,100.7400,2026-09-18,1,0.5000
552,ase_pt_390ae52392654d73,PUT,SHORT,3.6247,100.3700,2026-08-21,1,-0.5000
553,ase_pt_390ae52392654d73,PUT,LONG,5.2463,100.7400,2026-09-18,1,-0.5000
554,ase_pt_2890588a8d2f4473,CALL,LONG,2.1747,107.3800,2026-09-18,1,0.3000
555,ase_pt_2890588a8d2f4473,CALL,SHORT,0.9215,107.9100,2026-08-21,1,0.2000
556,ase_pt_2890588a8d2f4473,PUT,LONG,9.5547,107.3800,2026-09-18,1,-0.3000
557,ase_pt_2890588a8d2f4473,PUT,SHORT,8.8315,107.9100,2026-08-21,1,-0.2000
558,ase_pt_873a7401af7c499b,CALL,LONG,3.7847,99.2900,2026-08-21,1,0.5500
559,ase_pt_873a7401af7c499b,CALL,SHORT,3.2547,100.3700,2026-08-21,2,0.5000
560,ase_pt_873a7401af7c499b,CALL,LONG,2.7741,101.4600,2026-08-21,1,0.4500
561,ase_pt_c8310c4a33604a82,PUT,LONG,3.0747,99.2900,2026-08-21,1,-0.5500
562,ase_pt_c8310c4a33604a82,PUT,SHORT,3.6247,100.3700,2026-08-21,2,-0.5000
563,ase_pt_c8310c4a33604a82,PUT,LONG,4.2341,101.4600,2026-08-21,1,-0.4500
564,ase_pt_d416f4b7532c415c,CALL,LONG,1.2286,106.3700,2026-08-21,1,0.2500
565,ase_pt_d416f4b7532c415c,CALL,SHORT,3.2547,100.3700,2026-08-21,1,0.5000
566,ase_pt_d416f4b7532c415c,PUT,SHORT,3.6247,100.3700,2026-08-21,1,-0.5000
567,ase_pt_d416f4b7532c415c,PUT,LONG,7.5986,106.3700,2026-08-21,1,-0.2500
568,ase_pt_56d2d5d48d5b4236,CALL,LONG,3.7847,99.2900,2026-08-21,1,0.5500
569,ase_pt_56d2d5d48d5b4236,CALL,SHORT,3.2547,100.3700,2026-08-21,2,0.5000
570,ase_pt_56d2d5d48d5b4236,CALL,LONG,1.9345,103.7500,2026-08-21,1,0.3500
571,ase_pt_5f8707ca4cb44569,PUT,LONG,3.0747,99.2900,2026-08-21,1,-0.5500
572,ase_pt_5f8707ca4cb44569,PUT,SHORT,3.6247,100.3700,2026-08-21,2,-0.5000
573,ase_pt_5f8707ca4cb44569,PUT,LONG,5.6845,103.7500,2026-08-21,1,-0.3500
574,ase_pt_aeb5d4d092ea48cc,CALL,LONG,3.7847,99.2900,2026-08-21,1,0.5500
575,ase_pt_aeb5d4d092ea48cc,CALL,SHORT,3.2547,100.3700,2026-08-21,3,0.5000
576,ase_pt_aeb5d4d092ea48cc,CALL,LONG,2.3356,102.5800,2026-08-21,2,0.4000
577,ase_pt_aa91c2601a534cca,CALL,LONG,3.7847,99.2900,2026-08-21,1,0.5500
578,ase_pt_aa91c2601a534cca,CALL,SHORT,2.7741,101.4600,2026-08-21,2,0.4500
579,ase_pt_aa91c2601a534cca,CALL,LONG,1.5664,105.0000,2026-08-21,1,0.3000
580,ase_pt_795a4febeaa54a0d,CALL,LONG,5.0262,97.1000,2026-08-21,1,0.6500
581,ase_pt_795a4febeaa54a0d,CALL,SHORT,3.2547,100.3700,2026-08-21,2,0.5000
582,ase_pt_795a4febeaa54a0d,CALL,LONG,1.9345,103.7500,2026-08-21,1,0.3500
583,ase_pt_df79891422ec4bf6,CALL,LONG,3.4592,99.9400,2026-08-21,1,0.5200
584,ase_pt_df79891422ec4bf6,CALL,SHORT,3.2547,100.3700,2026-08-21,2,0.5000
585,ase_pt_df79891422ec4bf6,CALL,LONG,3.0586,100.8000,2026-08-21,1,0.4800
586,ase_pt_0dc88f03b7564659,CALL,LONG,3.7847,99.2900,2026-08-21,1,0.5500
587,ase_pt_0dc88f03b7564659,CALL,SHORT,3.2547,100.3700,2026-08-21,2,0.5000
588,ase_pt_0dc88f03b7564659,CALL,LONG,2.7741,101.4600,2026-08-21,1,0.4500
589,ase_pt_0dc88f03b7564659,PUT,LONG,3.0747,99.2900,2026-08-21,1,-0.5500
590,ase_pt_0dc88f03b7564659,PUT,SHORT,3.6247,100.3700,2026-08-21,2,-0.5000
591,ase_pt_0dc88f03b7564659,PUT,LONG,4.2341,101.4600,2026-08-21,1,-0.4500
592,ase_pt_946b75d084744dd5,CALL,LONG,4.5063,100.7400,2026-09-18,1,0.5000
593,ase_pt_946b75d084744dd5,CALL,SHORT,3.2547,100.3700,2026-08-21,2,0.5000
594,ase_pt_946b75d084744dd5,CALL,LONG,5.4274,101.1200,2026-10-16,1,0.5000
595,ase_pt_3f0dc8b2a4fd4917,CALL,LONG,3.7847,99.2900,2026-08-21,1,0.5500
596,ase_pt_3f0dc8b2a4fd4917,CALL,SHORT,3.2547,100.3700,2026-08-21,2,0.5000
597,ase_pt_3f0dc8b2a4fd4917,CALL,LONG,2.3356,102.5800,2026-08-21,1,0.4000
598,ase_pt_731523d79fb84a33,PUT,LONG,10.3732,109.7300,2026-08-21,1,-0.1500
599,ase_pt_731523d79fb84a33,PUT,SHORT,6.5664,105.0000,2026-08-21,1,-0.3000
600,ase_pt_731523d79fb84a33,CALL,SHORT,1.5664,105.0000,2026-08-21,1,0.3000
601,ase_pt_731523d79fb84a33,CALL,LONG,0.6432,109.7300,2026-08-21,1,0.1500
602,ase_pt_bb9a1f6f28054353,PUT,LONG,8.8315,107.9100,2026-08-21,1,-0.2000
603,ase_pt_bb9a1f6f28054353,PUT,SHORT,5.6845,103.7500,2026-08-21,1,-0.3500
604,ase_pt_bb9a1f6f28054353,CALL,SHORT,1.9345,103.7500,2026-08-21,1,0.3500
605,ase_pt_bb9a1f6f28054353,CALL,LONG,0.9215,107.9100,2026-08-21,1,0.2000
606,ase_pt_efa0f89d97a54617,PUT,LONG,13.5617,113.2600,2026-08-21,1,-0.0800
607,ase_pt_efa0f89d97a54617,PUT,SHORT,8.8315,107.9100,2026-08-21,1,-0.2000
608,ase_pt_efa0f89d97a54617,CALL,SHORT,0.9215,107.9100,2026-08-21,1,0.2000
609,ase_pt_efa0f89d97a54617,CALL,LONG,0.3017,113.2600,2026-08-21,1,0.0800
610,ase_pt_f250e712b2084bc1,PUT,SHORT,10.3732,109.7300,2026-08-21,1,-0.1500
611,ase_pt_f250e712b2084bc1,PUT,LONG,6.5664,105.0000,2026-08-21,1,-0.3000
612,ase_pt_f250e712b2084bc1,CALL,LONG,1.5664,105.0000,2026-08-21,1,0.3000
613,ase_pt_f250e712b2084bc1,CALL,SHORT,0.6432,109.7300,2026-08-21,1,0.1500
614,ase_pt_a8b9f5ecf5284755,PUT,LONG,12.4628,112.0700,2026-08-21,1,-0.1000
615,ase_pt_a8b9f5ecf5284755,PUT,SHORT,7.5986,106.3700,2026-08-21,1,-0.2500
616,ase_pt_a8b9f5ecf5284755,CALL,SHORT,1.5664,105.0000,2026-08-21,1,0.3000
617,ase_pt_a8b9f5ecf5284755,CALL,LONG,0.9215,107.9100,2026-08-21,1,0.2000
618,ase_pt_7de534e9fe6345cb,PUT,LONG,12.4628,112.0700,2026-08-21,1,-0.1000
619,ase_pt_7de534e9fe6345cb,PUT,SHORT,8.8315,107.9100,2026-08-21,1,-0.2000
620,ase_pt_7de534e9fe6345cb,CALL,SHORT,1.9345,103.7500,2026-08-21,1,0.3500
621,ase_pt_7de534e9fe6345cb,CALL,LONG,0.9215,107.9100,2026-08-21,1,0.2000
622,ase_pt_0e9c0584c7a24633,PUT,LONG,12.4628,112.0700,2026-08-21,1,-0.1000
623,ase_pt_0e9c0584c7a24633,PUT,SHORT,7.5986,106.3700,2026-08-21,1,-0.2500
624,ase_pt_0e9c0584c7a24633,CALL,SHORT,1.2286,106.3700,2026-08-21,1,0.2500
625,ase_pt_0e9c0584c7a24633,CALL,LONG,0.3928,112.0700,2026-08-21,1,0.1000
626,ase_pt_0e9c0584c7a24633,PUT,LONG,6.5664,105.0000,2026-08-21,1,-0.3000
627,ase_pt_0e9c0584c7a24633,PUT,SHORT,4.9156,102.5800,2026-08-21,1,-0.4000
628,ase_pt_0e9c0584c7a24633,CALL,SHORT,2.3356,102.5800,2026-08-21,1,0.4000
629,ase_pt_0e9c0584c7a24633,CALL,LONG,1.5664,105.0000,2026-08-21,1,0.3000
630,ase_pt_e89c1dfca5f44779,PUT,LONG,8.8315,107.9100,2026-08-21,1,-0.2000
631,ase_pt_e89c1dfca5f44779,PUT,SHORT,5.6845,103.7500,2026-08-21,1,-0.3500
632,ase_pt_e89c1dfca5f44779,CALL,SHORT,1.2286,106.3700,2026-08-21,1,0.2500
633,ase_pt_e89c1dfca5f44779,CALL,LONG,0.3928,112.0700,2026-08-21,1,0.1000
634,ase_pt_ee9d189d54294c8a,PUT,LONG,10.3732,109.7300,2026-08-21,1,-0.1500
635,ase_pt_ee9d189d54294c8a,PUT,SHORT,6.5664,105.0000,2026-08-21,1,-0.3000
636,ase_pt_ee9d189d54294c8a,CALL,SHORT,1.5664,105.0000,2026-08-21,1,0.3000
637,ase_pt_ee9d189d54294c8a,CALL,LONG,0.6432,109.7300,2026-08-21,1,0.1500
638,ase_pt_949f8a36d9124d7b,PUT,LONG,12.4628,112.0700,2026-08-21,1,-0.1000
639,ase_pt_949f8a36d9124d7b,PUT,SHORT,7.5986,106.3700,2026-08-21,1,-0.2500
640,ase_pt_949f8a36d9124d7b,CALL,SHORT,1.2286,106.3700,2026-08-21,1,0.2500
641,ase_pt_949f8a36d9124d7b,CALL,LONG,0.3928,112.0700,2026-08-21,1,0.1000
642,ase_pt_84bcc42a04404c1d,PUT,LONG,12.4628,112.0700,2026-08-21,1,-0.1000
643,ase_pt_84bcc42a04404c1d,PUT,SHORT,8.8315,107.9100,2026-08-21,1,-0.2000
644,ase_pt_84bcc42a04404c1d,CALL,SHORT,0.9215,107.9100,2026-08-21,1,0.2000
645,ase_pt_84bcc42a04404c1d,CALL,LONG,0.3928,112.0700,2026-08-21,1,0.1000
646,ase_pt_df0a266b5a764677,PUT,SHORT,3.6247,100.3700,2026-08-21,1,-0.5000
647,ase_pt_df0a266b5a764677,CALL,SHORT,3.2547,100.3700,2026-08-21,1,0.5000
648,ase_pt_df0a266b5a764677,PUT,LONG,10.3732,109.7300,2026-08-21,1,-0.1500
649,ase_pt_df0a266b5a764677,CALL,LONG,0.6432,109.7300,2026-08-21,1,0.1500
650,ase_pt_b6c5e61a736a4625,CALL,SHORT,3.2547,100.3700,2026-08-21,1,0.5000
651,ase_pt_b6c5e61a736a4625,CALL,LONG,1.5664,105.0000,2026-08-21,2,0.3000
652,ase_pt_626ffd58b34e45ec,PUT,SHORT,3.6247,100.3700,2026-08-21,1,-0.5000
653,ase_pt_626ffd58b34e45ec,PUT,LONG,6.5664,105.0000,2026-08-21,2,-0.3000
654,ase_pt_cab5b30e65814c46,CALL,LONG,3.7847,99.2900,2026-08-21,1,0.5500
655,ase_pt_cab5b30e65814c46,CALL,SHORT,1.9345,103.7500,2026-08-21,2,0.3500
656,ase_pt_cab5b30e65814c46,CALL,LONG,0.9215,107.9100,2026-08-21,1,0.2000
657,ase_pt_c3b3676b3dca4053,PUT,LONG,3.0747,99.2900,2026-08-21,1,-0.5500
658,ase_pt_c3b3676b3dca4053,PUT,SHORT,5.6845,103.7500,2026-08-21,2,-0.3500
659,ase_pt_c3b3676b3dca4053,PUT,LONG,8.8315,107.9100,2026-08-21,1,-0.2000
660,ase_pt_cdcfed298b1248b7,PUT,SHORT,6.5664,105.0000,2026-08-21,1,-0.3000
661,ase_pt_cdcfed298b1248b7,PUT,LONG,10.3732,109.7300,2026-08-21,1,-0.1500
662,ase_pt_cdcfed298b1248b7,CALL,SHORT,1.5664,105.0000,2026-08-21,1,0.3000
663,ase_pt_cdcfed298b1248b7,CALL,LONG,0.6432,109.7300,2026-08-21,1,0.1500
664,ase_pt_f22e95e154d94408,CALL,LONG,0.9215,107.9100,2026-08-21,1,0.2000
665,ase_pt_f22e95e154d94408,CALL,SHORT,3.2547,100.3700,2026-08-21,1,0.5000
666,ase_pt_f22e95e154d94408,PUT,SHORT,3.6247,100.3700,2026-08-21,1,-0.5000
667,ase_pt_f22e95e154d94408,PUT,LONG,8.8315,107.9100,2026-08-21,1,-0.2000
668,ase_pt_6238c50e54c64833,CALL,SHORT,0.9215,107.9100,2026-08-21,1,0.2000
669,ase_pt_6238c50e54c64833,CALL,LONG,3.2547,100.3700,2026-08-21,1,0.5000
670,ase_pt_6238c50e54c64833,PUT,LONG,3.6247,100.3700,2026-08-21,1,-0.5000
671,ase_pt_6238c50e54c64833,PUT,SHORT,8.8315,107.9100,2026-08-21,1,-0.2000
672,ase_pt_186926e1febe450d,PUT,LONG,12.4628,112.0700,2026-08-21,1,-0.1000
673,ase_pt_186926e1febe450d,PUT,SHORT,15.7942,115.6200,2026-08-21,1,-0.0500
674,ase_pt_14f0366b84ad46a1,PUT,LONG,10.3732,109.7300,2026-08-21,1,-0.1500
675,ase_pt_14f0366b84ad46a1,PUT,SHORT,15.7942,115.6200,2026-08-21,1,-0.0500
676,ase_pt_3c868bba84d748be,CALL,LONG,3.2547,100.3700,2026-08-21,1,0.5000
677,ase_pt_3c868bba84d748be,CALL,SHORT,1.5664,105.0000,2026-08-21,1,0.3000
678,ase_pt_3c868bba84d748be,PUT,SHORT,6.5664,105.0000,2026-08-21,1,-0.3000
679,ase_pt_3c868bba84d748be,PUT,LONG,10.3732,109.7300,2026-08-21,1,-0.1500
680,ase_pt_4e16f998994a497a,CALL,SHORT,1.9345,103.7500,2026-08-21,1,0.3500
681,ase_pt_4e16f998994a497a,PUT,SHORT,5.6845,103.7500,2026-08-21,1,-0.3500
682,ase_pt_4e16f998994a497a,CALL,LONG,0.6432,109.7300,2026-08-21,1,0.1500
683,ase_pt_4e16f998994a497a,PUT,LONG,10.3732,109.7300,2026-08-21,1,-0.1500
684,ase_pt_51e1bd8493af4532,CALL,LONG,3.2547,100.3700,2026-08-21,1,0.5000
685,ase_pt_51e1bd8493af4532,PUT,LONG,3.6247,100.3700,2026-08-21,1,-0.5000
686,ase_pt_bbfe78136a6145df,CALL,LONG,4.5063,100.7400,2026-09-18,1,0.5000
687,ase_pt_bbfe78136a6145df,CALL,SHORT,3.2547,100.3700,2026-08-21,1,0.5000
688,ase_pt_ec5bbbcd384d43e0,CALL,LONG,3.2547,100.3700,2026-08-21,1,0.5000
689,ase_pt_ec5bbbcd384d43e0,PUT,LONG,3.6247,100.3700,2026-08-21,1,-0.5000
690,ase_pt_e0dcd7cfa0434bf4,CALL,LONG,1.2286,106.3700,2026-08-21,1,0.2500
691,ase_pt_e0dcd7cfa0434bf4,PUT,LONG,7.5986,106.3700,2026-08-21,1,-0.2500
692,ase_pt_96c335fbcd3f4c4f,CALL,LONG,3.7847,99.2900,2026-08-21,1,0.5500
693,ase_pt_96c335fbcd3f4c4f,CALL,SHORT,3.2547,100.3700,2026-08-21,2,0.5000
694,ase_pt_96c335fbcd3f4c4f,CALL,LONG,2.3356,102.5800,2026-08-21,1,0.4000
695,ase_pt_071c68cb9fa54058,PUT,LONG,12.4628,112.0700,2026-08-21,1,-0.1000
696,ase_pt_071c68cb9fa54058,PUT,SHORT,7.5986,106.3700,2026-08-21,1,-0.2500
697,ase_pt_071c68cb9fa54058,CALL,SHORT,1.2286,106.3700,2026-08-21,1,0.2500
698,ase_pt_071c68cb9fa54058,CALL,LONG,0.3928,112.0700,2026-08-21,1,0.1000
699,ase_pt_004a747141f34b53,CALL,LONG,4.5063,100.7400,2026-09-18,1,0.5000
700,ase_pt_004a747141f34b53,CALL,SHORT,3.2547,100.3700,2026-08-21,1,0.5000
701,ase_pt_b17fef4b11414c67,PUT,LONG,10.3732,109.7300,2026-08-21,1,-0.1500
702,ase_pt_b17fef4b11414c67,PUT,SHORT,6.5664,105.0000,2026-08-21,1,-0.3000
703,ase_pt_b17fef4b11414c67,CALL,SHORT,1.5664,105.0000,2026-08-21,1,0.3000
704,ase_pt_b17fef4b11414c67,CALL,LONG,0.6432,109.7300,2026-08-21,1,0.1500
705,ase_pt_52db46c029b748f6,CALL,LONG,3.2547,100.3700,2026-08-21,1,0.5000
706,ase_pt_52db46c029b748f6,CALL,SHORT,1.5664,105.0000,2026-08-21,1,0.3000
707,ase_pt_9ae3a43abb114bb3,CALL,LONG,3.7847,99.2900,2026-08-21,1,0.5500
708,ase_pt_9ae3a43abb114bb3,CALL,SHORT,3.2547,100.3700,2026-08-21,2,0.5000
709,ase_pt_9ae3a43abb114bb3,CALL,LONG,2.7741,101.4600,2026-08-21,1,0.4500
710,ase_pt_3c3d96cd00fa4b9f,CALL,LONG,0.9215,107.9100,2026-08-21,1,0.2000
711,ase_pt_3c3d96cd00fa4b9f,CALL,SHORT,3.2547,100.3700,2026-08-21,1,0.5000
712,ase_pt_3c3d96cd00fa4b9f,PUT,SHORT,3.6247,100.3700,2026-08-21,1,-0.5000
713,ase_pt_3c3d96cd00fa4b9f,PUT,LONG,8.8315,107.9100,2026-08-21,1,-0.2000
714,ase_pt_e2d687d64f954cd6,PUT,LONG,12.4628,112.0700,2026-08-21,1,-0.1000
715,ase_pt_e2d687d64f954cd6,PUT,SHORT,8.8315,107.9100,2026-08-21,1,-0.2000
716,ase_pt_e2d687d64f954cd6,CALL,SHORT,0.9215,107.9100,2026-08-21,1,0.2000
717,ase_pt_e2d687d64f954cd6,CALL,LONG,0.3928,112.0700,2026-08-21,1,0.1000
718,ase_pt_b0bae41a8b684f02,CALL,LONG,0.9215,107.9100,2026-08-21,1,0.2000
719,ase_pt_b0bae41a8b684f02,PUT,LONG,8.8315,107.9100,2026-08-21,1,-0.2000
720,ase_pt_007d3f1af7e84a77,PUT,LONG,6.5664,105.0000,2026-08-21,1,-0.3000
721,ase_pt_007d3f1af7e84a77,PUT,SHORT,12.4628,112.0700,2026-08-21,1,-0.1000
722,ase_pt_0e212e6ad17744d0,CALL,LONG,1.0929,105.0000,2026-08-07,1,0.4000
723,ase_pt_d9ff3f43e29b426f,CALL,LONG,4.4890,98.0000,2026-08-21,1,0.5800
724,ase_pt_d9ff3f43e29b426f,CALL,SHORT,1.8561,104.0000,2026-08-21,1,0.3800
725,ase_pt_752066dea78b41bf,PUT,LONG,0.5665,91.0000,2026-08-21,1,-0.1500
726,ase_pt_752066dea78b41bf,PUT,SHORT,1.4216,95.0000,2026-08-21,1,-0.2800
727,ase_pt_752066dea78b41bf,CALL,SHORT,1.5664,105.0000,2026-08-21,1,0.2800
728,ase_pt_752066dea78b41bf,CALL,LONG,0.7449,109.0000,2026-08-21,1,0.1500
729,ase_pt_e99a1c0bac7a44b8,CALL,LONG,5.0882,97.0000,2026-08-21,1,0.6000
730,ase_pt_e99a1c0bac7a44b8,CALL,SHORT,2.5558,102.0000,2026-08-21,1,0.4500
731,ase_pt_e99a1c0bac7a44b8,CALL,LONG,2.1851,103.0000,2026-08-21,1,0.4200
732,ase_pt_e99a1c0bac7a44b8,CALL,SHORT,0.9057,108.0000,2026-08-21,1,0.1800
733,ase_pt_e99a1c0bac7a44b8,PUT,LONG,3.4301,100.0000,2026-08-21,1,-0.5000
734,ase_pt_23c047592c864aa6,CALL,LONG,5.7329,96.0000,2026-08-21,1,0.6300
735,ase_pt_23c047592c864aa6,CALL,SHORT,3.4301,100.0000,2026-08-21,2,0.5000
736,ase_pt_23c047592c864aa6,CALL,LONG,1.8561,104.0000,2026-08-21,1,0.3800
737,ase_pt_23c047592c864aa6,PUT,LONG,5.8561,104.0000,2026-08-21,1,-0.6200
738,ase_pt_23c047592c864aa6,PUT,SHORT,3.4301,100.0000,2026-08-21,2,-0.5000
739,ase_pt_23c047592c864aa6,PUT,LONG,1.7329,96.0000,2026-08-21,1,-0.3700
740,ase_pt_5a58675379e94007,PUT,LONG,0.1781,87.0000,2026-08-21,1,-0.0900
741,ase_pt_5a58675379e94007,PUT,SHORT,0.7278,92.0000,2026-08-21,1,-0.1800
742,ase_pt_5a58675379e94007,CALL,SHORT,0.9057,108.0000,2026-08-21,1,0.1800
743,ase_pt_5a58675379e94007,CALL,LONG,0.3198,113.0000,2026-08-21,1,0.1000
744,ase_pt_5a58675379e94007,PUT,LONG,0.9219,93.0000,2026-08-21,1,-0.2000
745,ase_pt_5a58675379e94007,PUT,SHORT,2.4890,98.0000,2026-08-21,1,-0.4200
746,ase_pt_5a58675379e94007,CALL,SHORT,2.5558,102.0000,2026-08-21,1,0.4500
747,ase_pt_5a58675379e94007,CALL,LONG,1.0942,107.0000,2026-08-21,1,0.2200
748,ase_pt_374d35422d344aa3,CALL,LONG,2.3356,102.5800,2026-08-21,1,0.4000
749,ase_pt_d290c1a0e61b449f,PUT,LONG,4.9156,102.5800,2026-08-21,1,-0.4000
750,ase_pt_172a972a10174266,CALL,LONG,17.3751,89.3800,2027-07-16,1,0.7000
751,ase_pt_e7789d15879a45eb,PUT,LONG,6.7551,89.3800,2027-07-16,1,-0.7000
752,ase_pt_1b16a124b3174a1d,CALL,LONG,7.6404,93.3600,2026-08-21,1,0.8000
753,ase_pt_c985351fe54449c8,PUT,LONG,1.0004,93.3600,2026-08-21,1,-0.8000
754,ase_pt_26b9a78175254dcd,CALL,LONG,17.3751,89.3800,2027-07-16,1,0.7000
755,ase_pt_26b9a78175254dcd,CALL,SHORT,1.5664,105.0000,2026-08-21,1,0.3000
756,ase_pt_a786e2c48589413f,PUT,LONG,6.7551,89.3800,2027-07-16,1,-0.7000
757,ase_pt_a786e2c48589413f,PUT,SHORT,6.5664,105.0000,2026-08-21,1,-0.3000
758,ase_pt_ff4857b9ca1e4f31,CALL,LONG,3.2547,100.3700,2026-08-21,1,0.5000
759,ase_pt_ff4857b9ca1e4f31,CALL,SHORT,1.5664,105.0000,2026-08-21,1,0.3000
760,ase_pt_07bdcfff5f604dac,CALL,LONG,5.0262,97.1000,2026-08-21,1,0.6500
761,ase_pt_07bdcfff5f604dac,CALL,SHORT,3.2547,100.3700,2026-08-21,1,0.5000
762,ase_pt_9c6a842c94f74f0c,CALL,LONG,1.9345,103.7500,2026-08-21,1,0.3500
763,ase_pt_9c6a842c94f74f0c,CALL,SHORT,0.9215,107.9100,2026-08-21,1,0.2000
764,ase_pt_a0f182a9ba75429b,CALL,SHORT,1.9345,103.7500,2026-08-21,1,0.3500
765,ase_pt_a0f182a9ba75429b,CALL,LONG,0.9215,107.9100,2026-08-21,1,0.2000
766,ase_pt_00b9fcf63ec84443,CALL,SHORT,1.2286,106.3700,2026-08-21,1,0.2500
767,ase_pt_00b9fcf63ec84443,CALL,LONG,0.6432,109.7300,2026-08-21,1,0.1500
768,ase_pt_89e9a7a206094b5d,CALL,LONG,3.2547,100.3700,2026-08-21,1,0.5000
769,ase_pt_89e9a7a206094b5d,CALL,SHORT,2.3356,102.5800,2026-08-21,1,0.4000
770,ase_pt_9221343a8ff442c1,CALL,LONG,3.2547,100.3700,2026-08-21,1,0.5000
771,ase_pt_9221343a8ff442c1,CALL,SHORT,0.6432,109.7300,2026-08-21,1,0.1500
772,ase_pt_2be32f47df1f4199,CALL,LONG,13.3288,96.9500,2027-07-16,1,0.6000
773,ase_pt_2be32f47df1f4199,CALL,SHORT,6.0476,117.4200,2027-07-16,1,0.3500
774,ase_pt_3a461d2fa135461e,CALL,SHORT,1.5664,105.0000,2026-08-21,1,0.3000
775,ase_pt_3a461d2fa135461e,CALL,LONG,0.6432,109.7300,2026-08-21,1,0.1500
776,ase_pt_8b344752f60546a1,CALL,LONG,3.2547,100.3700,2026-08-21,1,0.5000
777,ase_pt_8b344752f60546a1,CALL,SHORT,2.1747,107.3800,2026-09-18,1,0.3000
778,ase_pt_9b4f4bfe915d486c,PUT,LONG,3.6247,100.3700,2026-08-21,1,-0.5000
779,ase_pt_9b4f4bfe915d486c,PUT,SHORT,6.5664,105.0000,2026-08-21,1,-0.3000
780,ase_pt_d66365d89f08431d,PUT,LONG,2.1262,97.1000,2026-08-21,1,-0.6500
781,ase_pt_d66365d89f08431d,PUT,SHORT,3.6247,100.3700,2026-08-21,1,-0.5000
782,ase_pt_36c1bab4acbe416d,PUT,LONG,5.6845,103.7500,2026-08-21,1,-0.3500
783,ase_pt_36c1bab4acbe416d,PUT,SHORT,8.8315,107.9100,2026-08-21,1,-0.2000
784,ase_pt_072d99d8825b437b,PUT,SHORT,5.6845,103.7500,2026-08-21,1,-0.3500
785,ase_pt_072d99d8825b437b,PUT,LONG,8.8315,107.9100,2026-08-21,1,-0.2000
786,ase_pt_13ff268f37fb45d6,PUT,SHORT,7.5986,106.3700,2026-08-21,1,-0.2500
787,ase_pt_13ff268f37fb45d6,PUT,LONG,10.3732,109.7300,2026-08-21,1,-0.1500
788,ase_pt_824858ba1134432d,PUT,LONG,3.6247,100.3700,2026-08-21,1,-0.5000
789,ase_pt_824858ba1134432d,PUT,SHORT,4.9156,102.5800,2026-08-21,1,-0.4000
790,ase_pt_81456c16dc9141dc,PUT,LONG,3.6247,100.3700,2026-08-21,1,-0.5000
791,ase_pt_81456c16dc9141dc,PUT,SHORT,10.3732,109.7300,2026-08-21,1,-0.1500
792,ase_pt_68dedcd545444fa1,PUT,LONG,10.2788,96.9500,2027-07-16,1,-0.6000
793,ase_pt_68dedcd545444fa1,PUT,SHORT,23.4676,117.4200,2027-07-16,1,-0.3500
794,ase_pt_5dd2701e8ad6448e,PUT,SHORT,6.5664,105.0000,2026-08-21,1,-0.3000
795,ase_pt_5dd2701e8ad6448e,PUT,LONG,10.3732,109.7300,2026-08-21,1,-0.1500
796,ase_pt_d4b58757814f4b80,PUT,LONG,3.6247,100.3700,2026-08-21,1,-0.5000
797,ase_pt_d4b58757814f4b80,PUT,SHORT,9.5547,107.3800,2026-09-18,1,-0.3000
798,ase_pt_5dc715014dd84a43,CALL,LONG,3.2547,100.3700,2026-08-21,1,0.5000
799,ase_pt_5dc715014dd84a43,CALL,SHORT,1.5664,105.0000,2026-08-21,1,0.3000
800,ase_pt_5dc715014dd84a43,PUT,SHORT,5.6845,103.7500,2026-08-21,1,-0.3500
801,ase_pt_5dc715014dd84a43,PUT,LONG,8.8315,107.9100,2026-08-21,1,-0.2000
802,ase_pt_29707c7594b24de3,PUT,LONG,3.6247,100.3700,2026-08-21,1,-0.5000
803,ase_pt_29707c7594b24de3,PUT,SHORT,6.5664,105.0000,2026-08-21,1,-0.3000
804,ase_pt_29707c7594b24de3,CALL,SHORT,1.9345,103.7500,2026-08-21,1,0.3500
805,ase_pt_29707c7594b24de3,CALL,LONG,0.9215,107.9100,2026-08-21,1,0.2000
806,ase_pt_7f4cbe9e07c348b3,CALL,SHORT,3.2547,100.3700,2026-08-21,1,0.5000
807,ase_pt_7f4cbe9e07c348b3,CALL,LONG,4.5063,100.7400,2026-09-18,1,0.5000
808,ase_pt_e0843e5730d14f6a,PUT,SHORT,3.6247,100.3700,2026-08-21,1,-0.5000
809,ase_pt_e0843e5730d14f6a,PUT,LONG,5.2463,100.7400,2026-09-18,1,-0.5000
810,ase_pt_24c4ba6f47cb4240,CALL,SHORT,5.0262,97.1000,2026-08-21,1,0.6500
811,ase_pt_24c4ba6f47cb4240,CALL,LONG,6.9385,96.1300,2026-09-18,1,0.6500
812,ase_pt_55f2879c9c234ae8,CALL,SHORT,1.5664,105.0000,2026-08-21,1,0.3000
813,ase_pt_55f2879c9c234ae8,CALL,LONG,2.1747,107.3800,2026-09-18,1,0.3000
814,ase_pt_7904fd855b78444d,CALL,SHORT,1.5664,105.0000,2026-08-21,1,0.3000
815,ase_pt_7904fd855b78444d,CALL,LONG,2.1747,107.3800,2026-09-18,1,0.3000
816,ase_pt_7904fd855b78444d,PUT,SHORT,6.5664,105.0000,2026-08-21,1,-0.3000
817,ase_pt_7904fd855b78444d,PUT,LONG,9.5547,107.3800,2026-09-18,1,-0.3000
818,ase_pt_53fd94a5236f4933,CALL,SHORT,3.2547,100.3700,2026-08-21,1,0.5000
819,ase_pt_53fd94a5236f4933,CALL,LONG,4.5063,100.7400,2026-09-18,1,0.5000
820,ase_pt_04f4c3ecbe4a4039,CALL,SHORT,3.9381,100.5600,2026-09-18,1,0.5000
821,ase_pt_04f4c3ecbe4a4039,CALL,LONG,10.0335,104.6000,2027-07-16,1,0.5000
822,ase_pt_b70d6af2f94d4814,PUT,SHORT,4.4981,100.5600,2026-09-18,1,-0.5000
823,ase_pt_b70d6af2f94d4814,PUT,LONG,14.6335,104.6000,2027-07-16,1,-0.5000
824,ase_pt_a36cd5a474524c44,CALL,LONG,4.5063,100.7400,2026-09-18,1,0.5000
825,ase_pt_a36cd5a474524c44,CALL,SHORT,1.5664,105.0000,2026-08-21,1,0.3000
826,ase_pt_94869ecb05004e5d,CALL,LONG,6.0365,97.6900,2026-09-18,1,0.6000
827,ase_pt_94869ecb05004e5d,CALL,SHORT,1.5664,105.0000,2026-08-21,1,0.3000
828,ase_pt_68eeb4f5c58f48cd,PUT,LONG,3.7265,97.6900,2026-09-18,1,-0.6000
829,ase_pt_68eeb4f5c58f48cd,PUT,SHORT,6.5664,105.0000,2026-08-21,1,-0.3000
830,ase_pt_3fea564c077e49df,CALL,LONG,4.5063,100.7400,2026-09-18,1,0.5000
831,ase_pt_3fea564c077e49df,CALL,SHORT,2.3356,102.5800,2026-08-21,1,0.4000
832,ase_pt_751823b026db4dd0,CALL,SHORT,4.5063,100.7400,2026-09-18,1,0.5000
833,ase_pt_751823b026db4dd0,CALL,LONG,1.5664,105.0000,2026-08-21,1,0.3000
834,ase_pt_34b7749cae3b494d,CALL,LONG,2.6826,105.5800,2026-09-18,1,0.3500
835,ase_pt_34b7749cae3b494d,CALL,SHORT,0.9215,107.9100,2026-08-21,1,0.2000
836,ase_pt_34b7749cae3b494d,PUT,LONG,8.2626,105.5800,2026-09-18,1,-0.3500
837,ase_pt_34b7749cae3b494d,PUT,SHORT,8.8315,107.9100,2026-08-21,1,-0.2000
838,ase_pt_6bb95b5aa7244b82,CALL,LONG,17.3751,89.3800,2027-07-16,1,0.7000
839,ase_pt_6bb95b5aa7244b82,CALL,SHORT,1.5664,105.0000,2026-08-21,1,0.3000
840,ase_pt_df9ef3680a77413b,PUT,LONG,6.7551,89.3800,2027-07-16,1,-0.7000
841,ase_pt_df9ef3680a77413b,PUT,SHORT,6.5664,105.0000,2026-08-21,1,-0.3000
842,ase_pt_0fd2fff6f13649d5,CALL,LONG,4.5063,100.7400,2026-09-18,1,0.5000
843,ase_pt_0fd2fff6f13649d5,CALL,SHORT,2.3356,102.5800,2026-08-21,1,0.4000
844,ase_pt_0ec22af1f8694c35,CALL,LONG,4.5063,100.7400,2026-09-18,1,0.5000
845,ase_pt_0ec22af1f8694c35,CALL,SHORT,0.9215,107.9100,2026-08-21,1,0.2000
846,ase_pt_78bec6a96d964fd6,PUT,LONG,5.2463,100.7400,2026-09-18,1,-0.5000
847,ase_pt_78bec6a96d964fd6,PUT,SHORT,8.8315,107.9100,2026-08-21,1,-0.2000
848,ase_pt_f524316759cb4ded,CALL,LONG,4.5063,100.7400,2026-09-18,1,0.5000
849,ase_pt_f524316759cb4ded,CALL,SHORT,3.2547,100.3700,2026-08-21,1,0.5000
850,ase_pt_f524316759cb4ded,PUT,LONG,5.2463,100.7400,2026-09-18,1,-0.5000
851,ase_pt_f524316759cb4ded,PUT,SHORT,3.6247,100.3700,2026-08-21,1,-0.5000
852,ase_pt_155673414d9c4237,CALL,LONG,7.2678,97.3700,2026-10-16,1,0.6000
853,ase_pt_155673414d9c4237,CALL,SHORT,1.5664,105.0000,2026-08-21,1,0.3000
854,ase_pt_492673dfeb9d4bb4,CALL,LONG,3.2547,100.3700,2026-08-21,1,0.5000
855,ase_pt_492673dfeb9d4bb4,PUT,LONG,3.6247,100.3700,2026-08-21,1,-0.5000
856,ase_pt_e8daada75c2d4937,CALL,LONG,1.2286,106.3700,2026-08-21,1,0.2500
857,ase_pt_e8daada75c2d4937,PUT,LONG,7.5986,106.3700,2026-08-21,1,-0.2500
858,ase_pt_bb16728c9ab74c57,CALL,LONG,3.2547,100.3700,2026-08-21,2,0.5000
859,ase_pt_bb16728c9ab74c57,PUT,LONG,3.6247,100.3700,2026-08-21,1,-0.5000
860,ase_pt_dda2c92bd3bf4532,CALL,LONG,3.2547,100.3700,2026-08-21,1,0.5000
861,ase_pt_dda2c92bd3bf4532,PUT,LONG,3.6247,100.3700,2026-08-21,2,-0.5000
862,ase_pt_6380627d787b417b,CALL,SHORT,3.2547,100.3700,2026-08-21,1,0.5000
863,ase_pt_6380627d787b417b,PUT,SHORT,3.6247,100.3700,2026-08-21,1,-0.5000
864,ase_pt_6380627d787b417b,CALL,LONG,0.9215,107.9100,2026-08-21,1,0.2000
865,ase_pt_6380627d787b417b,PUT,LONG,8.8315,107.9100,2026-08-21,1,-0.2000
866,ase_pt_989392eefb9541f2,CALL,LONG,3.2547,100.3700,2026-08-21,2,0.5000
867,ase_pt_989392eefb9541f2,PUT,LONG,3.6247,100.3700,2026-08-21,2,-0.5000
868,ase_pt_989392eefb9541f2,CALL,SHORT,1.9345,103.7500,2026-08-21,1,0.3500
869,ase_pt_989392eefb9541f2,PUT,SHORT,5.6845,103.7500,2026-08-21,1,-0.3500
870,ase_pt_c15348efbf064e5a,CALL,SHORT,3.2547,100.3700,2026-08-21,1,0.5000
871,ase_pt_c15348efbf064e5a,CALL,LONG,4.5063,100.7400,2026-09-18,1,0.5000
872,ase_pt_c15348efbf064e5a,PUT,SHORT,3.6247,100.3700,2026-08-21,1,-0.5000
873,ase_pt_c15348efbf064e5a,PUT,LONG,5.2463,100.7400,2026-09-18,1,-0.5000
874,ase_pt_1efc5e19f4d2470b,CALL,LONG,2.1747,107.3800,2026-09-18,1,0.3000
875,ase_pt_1efc5e19f4d2470b,CALL,SHORT,0.9215,107.9100,2026-08-21,1,0.2000
876,ase_pt_1efc5e19f4d2470b,PUT,LONG,9.5547,107.3800,2026-09-18,1,-0.3000
877,ase_pt_1efc5e19f4d2470b,PUT,SHORT,8.8315,107.9100,2026-08-21,1,-0.2000
878,ase_pt_83d56a0a0f0f40a3,CALL,LONG,3.7847,99.2900,2026-08-21,1,0.5500
879,ase_pt_83d56a0a0f0f40a3,CALL,SHORT,3.2547,100.3700,2026-08-21,2,0.5000
880,ase_pt_83d56a0a0f0f40a3,CALL,LONG,2.7741,101.4600,2026-08-21,1,0.4500
881,ase_pt_7d604ae2b8b84008,PUT,LONG,3.0747,99.2900,2026-08-21,1,-0.5500
882,ase_pt_7d604ae2b8b84008,PUT,SHORT,3.6247,100.3700,2026-08-21,2,-0.5000
883,ase_pt_7d604ae2b8b84008,PUT,LONG,4.2341,101.4600,2026-08-21,1,-0.4500
884,ase_pt_5531bb51b3f046e0,CALL,LONG,1.2286,106.3700,2026-08-21,1,0.2500
885,ase_pt_5531bb51b3f046e0,CALL,SHORT,3.2547,100.3700,2026-08-21,1,0.5000
886,ase_pt_5531bb51b3f046e0,PUT,SHORT,3.6247,100.3700,2026-08-21,1,-0.5000
887,ase_pt_5531bb51b3f046e0,PUT,LONG,7.5986,106.3700,2026-08-21,1,-0.2500
888,ase_pt_bb138449b1884e36,CALL,LONG,3.7847,99.2900,2026-08-21,1,0.5500
889,ase_pt_bb138449b1884e36,CALL,SHORT,3.2547,100.3700,2026-08-21,2,0.5000
890,ase_pt_bb138449b1884e36,CALL,LONG,1.9345,103.7500,2026-08-21,1,0.3500
891,ase_pt_848e090753ce4b78,PUT,LONG,3.0747,99.2900,2026-08-21,1,-0.5500
892,ase_pt_848e090753ce4b78,PUT,SHORT,3.6247,100.3700,2026-08-21,2,-0.5000
893,ase_pt_848e090753ce4b78,PUT,LONG,5.6845,103.7500,2026-08-21,1,-0.3500
894,ase_pt_c7352c9de31649d5,CALL,LONG,3.7847,99.2900,2026-08-21,1,0.5500
895,ase_pt_c7352c9de31649d5,CALL,SHORT,3.2547,100.3700,2026-08-21,3,0.5000
896,ase_pt_c7352c9de31649d5,CALL,LONG,2.3356,102.5800,2026-08-21,2,0.4000
897,ase_pt_63167d95b92d46a9,CALL,LONG,3.7847,99.2900,2026-08-21,1,0.5500
898,ase_pt_63167d95b92d46a9,CALL,SHORT,2.7741,101.4600,2026-08-21,2,0.4500
899,ase_pt_63167d95b92d46a9,CALL,LONG,1.5664,105.0000,2026-08-21,1,0.3000
900,ase_pt_4e005621b9684abd,CALL,LONG,5.0262,97.1000,2026-08-21,1,0.6500
901,ase_pt_4e005621b9684abd,CALL,SHORT,3.2547,100.3700,2026-08-21,2,0.5000
902,ase_pt_4e005621b9684abd,CALL,LONG,1.9345,103.7500,2026-08-21,1,0.3500
903,ase_pt_03849d666efe4824,CALL,LONG,3.4592,99.9400,2026-08-21,1,0.5200
904,ase_pt_03849d666efe4824,CALL,SHORT,3.2547,100.3700,2026-08-21,2,0.5000
905,ase_pt_03849d666efe4824,CALL,LONG,3.0586,100.8000,2026-08-21,1,0.4800
906,ase_pt_e7742d0825944040,CALL,LONG,3.7847,99.2900,2026-08-21,1,0.5500
907,ase_pt_e7742d0825944040,CALL,SHORT,3.2547,100.3700,2026-08-21,2,0.5000
908,ase_pt_e7742d0825944040,CALL,LONG,2.7741,101.4600,2026-08-21,1,0.4500
909,ase_pt_e7742d0825944040,PUT,LONG,3.0747,99.2900,2026-08-21,1,-0.5500
910,ase_pt_e7742d0825944040,PUT,SHORT,3.6247,100.3700,2026-08-21,2,-0.5000
911,ase_pt_e7742d0825944040,PUT,LONG,4.2341,101.4600,2026-08-21,1,-0.4500
912,ase_pt_8dbc75e418544b88,CALL,LONG,4.5063,100.7400,2026-09-18,1,0.5000
913,ase_pt_8dbc75e418544b88,CALL,SHORT,3.2547,100.3700,2026-08-21,2,0.5000
914,ase_pt_8dbc75e418544b88,CALL,LONG,5.4274,101.1200,2026-10-16,1,0.5000
915,ase_pt_c45fec7c13434445,CALL,LONG,3.7847,99.2900,2026-08-21,1,0.5500
916,ase_pt_c45fec7c13434445,CALL,SHORT,3.2547,100.3700,2026-08-21,2,0.5000
917,ase_pt_c45fec7c13434445,CALL,LONG,2.3356,102.5800,2026-08-21,1,0.4000
918,ase_pt_0e5e83ab54cb4538,PUT,LONG,10.3732,109.7300,2026-08-21,1,-0.1500
919,ase_pt_0e5e83ab54cb4538,PUT,SHORT,6.5664,105.0000,2026-08-21,1,-0.3000
920,ase_pt_0e5e83ab54cb4538,CALL,SHORT,1.5664,105.0000,2026-08-21,1,0.3000
921,ase_pt_0e5e83ab54cb4538,CALL,LONG,0.6432,109.7300,2026-08-21,1,0.1500
922,ase_pt_ff3f24f24b8e45f4,PUT,LONG,8.8315,107.9100,2026-08-21,1,-0.2000
923,ase_pt_ff3f24f24b8e45f4,PUT,SHORT,5.6845,103.7500,2026-08-21,1,-0.3500
924,ase_pt_ff3f24f24b8e45f4,CALL,SHORT,1.9345,103.7500,2026-08-21,1,0.3500
925,ase_pt_ff3f24f24b8e45f4,CALL,LONG,0.9215,107.9100,2026-08-21,1,0.2000
926,ase_pt_762319e20bcf4980,PUT,LONG,13.5617,113.2600,2026-08-21,1,-0.0800
927,ase_pt_762319e20bcf4980,PUT,SHORT,8.8315,107.9100,2026-08-21,1,-0.2000
928,ase_pt_762319e20bcf4980,CALL,SHORT,0.9215,107.9100,2026-08-21,1,0.2000
929,ase_pt_762319e20bcf4980,CALL,LONG,0.3017,113.2600,2026-08-21,1,0.0800
930,ase_pt_c5e54d1c2fad41cc,PUT,SHORT,10.3732,109.7300,2026-08-21,1,-0.1500
931,ase_pt_c5e54d1c2fad41cc,PUT,LONG,6.5664,105.0000,2026-08-21,1,-0.3000
932,ase_pt_c5e54d1c2fad41cc,CALL,LONG,1.5664,105.0000,2026-08-21,1,0.3000
933,ase_pt_c5e54d1c2fad41cc,CALL,SHORT,0.6432,109.7300,2026-08-21,1,0.1500
934,ase_pt_bfcfa9b74a7841ec,PUT,LONG,12.4628,112.0700,2026-08-21,1,-0.1000
935,ase_pt_bfcfa9b74a7841ec,PUT,SHORT,7.5986,106.3700,2026-08-21,1,-0.2500
936,ase_pt_bfcfa9b74a7841ec,CALL,SHORT,1.5664,105.0000,2026-08-21,1,0.3000
937,ase_pt_bfcfa9b74a7841ec,CALL,LONG,0.9215,107.9100,2026-08-21,1,0.2000
938,ase_pt_6902ab81fd5c473c,PUT,LONG,12.4628,112.0700,2026-08-21,1,-0.1000
939,ase_pt_6902ab81fd5c473c,PUT,SHORT,8.8315,107.9100,2026-08-21,1,-0.2000
940,ase_pt_6902ab81fd5c473c,CALL,SHORT,1.9345,103.7500,2026-08-21,1,0.3500
941,ase_pt_6902ab81fd5c473c,CALL,LONG,0.9215,107.9100,2026-08-21,1,0.2000
942,ase_pt_1ec92c1858a942b5,PUT,LONG,12.4628,112.0700,2026-08-21,1,-0.1000
943,ase_pt_1ec92c1858a942b5,PUT,SHORT,7.5986,106.3700,2026-08-21,1,-0.2500
944,ase_pt_1ec92c1858a942b5,CALL,SHORT,1.2286,106.3700,2026-08-21,1,0.2500
945,ase_pt_1ec92c1858a942b5,CALL,LONG,0.3928,112.0700,2026-08-21,1,0.1000
946,ase_pt_1ec92c1858a942b5,PUT,LONG,6.5664,105.0000,2026-08-21,1,-0.3000
947,ase_pt_1ec92c1858a942b5,PUT,SHORT,4.9156,102.5800,2026-08-21,1,-0.4000
948,ase_pt_1ec92c1858a942b5,CALL,SHORT,2.3356,102.5800,2026-08-21,1,0.4000
949,ase_pt_1ec92c1858a942b5,CALL,LONG,1.5664,105.0000,2026-08-21,1,0.3000
950,ase_pt_c985b0ea78c349bf,PUT,LONG,8.8315,107.9100,2026-08-21,1,-0.2000
951,ase_pt_c985b0ea78c349bf,PUT,SHORT,5.6845,103.7500,2026-08-21,1,-0.3500
952,ase_pt_c985b0ea78c349bf,CALL,SHORT,1.2286,106.3700,2026-08-21,1,0.2500
953,ase_pt_c985b0ea78c349bf,CALL,LONG,0.3928,112.0700,2026-08-21,1,0.1000
954,ase_pt_725a2fc7d4474ae9,PUT,LONG,10.3732,109.7300,2026-08-21,1,-0.1500
955,ase_pt_725a2fc7d4474ae9,PUT,SHORT,6.5664,105.0000,2026-08-21,1,-0.3000
956,ase_pt_725a2fc7d4474ae9,CALL,SHORT,1.5664,105.0000,2026-08-21,1,0.3000
957,ase_pt_725a2fc7d4474ae9,CALL,LONG,0.6432,109.7300,2026-08-21,1,0.1500
958,ase_pt_10e90105a8cd4fd0,PUT,LONG,12.4628,112.0700,2026-08-21,1,-0.1000
959,ase_pt_10e90105a8cd4fd0,PUT,SHORT,7.5986,106.3700,2026-08-21,1,-0.2500
960,ase_pt_10e90105a8cd4fd0,CALL,SHORT,1.2286,106.3700,2026-08-21,1,0.2500
961,ase_pt_10e90105a8cd4fd0,CALL,LONG,0.3928,112.0700,2026-08-21,1,0.1000
962,ase_pt_d742e132255243af,PUT,LONG,12.4628,112.0700,2026-08-21,1,-0.1000
963,ase_pt_d742e132255243af,PUT,SHORT,8.8315,107.9100,2026-08-21,1,-0.2000
964,ase_pt_d742e132255243af,CALL,SHORT,0.9215,107.9100,2026-08-21,1,0.2000
965,ase_pt_d742e132255243af,CALL,LONG,0.3928,112.0700,2026-08-21,1,0.1000
966,ase_pt_630c5bfba91c45a1,PUT,SHORT,3.6247,100.3700,2026-08-21,1,-0.5000
967,ase_pt_630c5bfba91c45a1,CALL,SHORT,3.2547,100.3700,2026-08-21,1,0.5000
968,ase_pt_630c5bfba91c45a1,PUT,LONG,10.3732,109.7300,2026-08-21,1,-0.1500
969,ase_pt_630c5bfba91c45a1,CALL,LONG,0.6432,109.7300,2026-08-21,1,0.1500
970,ase_pt_bb4541f2bdfc46ca,CALL,SHORT,3.2547,100.3700,2026-08-21,1,0.5000
971,ase_pt_bb4541f2bdfc46ca,CALL,LONG,1.5664,105.0000,2026-08-21,2,0.3000
972,ase_pt_d8dc2fb768cf4d72,PUT,SHORT,3.6247,100.3700,2026-08-21,1,-0.5000
973,ase_pt_d8dc2fb768cf4d72,PUT,LONG,6.5664,105.0000,2026-08-21,2,-0.3000
974,ase_pt_2b1cb0acde8a4d2a,CALL,LONG,3.7847,99.2900,2026-08-21,1,0.5500
975,ase_pt_2b1cb0acde8a4d2a,CALL,SHORT,1.9345,103.7500,2026-08-21,2,0.3500
976,ase_pt_2b1cb0acde8a4d2a,CALL,LONG,0.9215,107.9100,2026-08-21,1,0.2000
977,ase_pt_98a9900391574b3c,PUT,LONG,3.0747,99.2900,2026-08-21,1,-0.5500
978,ase_pt_98a9900391574b3c,PUT,SHORT,5.6845,103.7500,2026-08-21,2,-0.3500
979,ase_pt_98a9900391574b3c,PUT,LONG,8.8315,107.9100,2026-08-21,1,-0.2000
980,ase_pt_df0d1012524347fb,PUT,SHORT,6.5664,105.0000,2026-08-21,1,-0.3000
981,ase_pt_df0d1012524347fb,PUT,LONG,10.3732,109.7300,2026-08-21,1,-0.1500
982,ase_pt_df0d1012524347fb,CALL,SHORT,1.5664,105.0000,2026-08-21,1,0.3000
983,ase_pt_df0d1012524347fb,CALL,LONG,0.6432,109.7300,2026-08-21,1,0.1500
984,ase_pt_963783dd4e834ad5,CALL,LONG,0.9215,107.9100,2026-08-21,1,0.2000
985,ase_pt_963783dd4e834ad5,CALL,SHORT,3.2547,100.3700,2026-08-21,1,0.5000
986,ase_pt_963783dd4e834ad5,PUT,SHORT,3.6247,100.3700,2026-08-21,1,-0.5000
987,ase_pt_963783dd4e834ad5,PUT,LONG,8.8315,107.9100,2026-08-21,1,-0.2000
988,ase_pt_3f620ebb349a4df9,CALL,SHORT,0.9215,107.9100,2026-08-21,1,0.2000
989,ase_pt_3f620ebb349a4df9,CALL,LONG,3.2547,100.3700,2026-08-21,1,0.5000
990,ase_pt_3f620ebb349a4df9,PUT,LONG,3.6247,100.3700,2026-08-21,1,-0.5000
991,ase_pt_3f620ebb349a4df9,PUT,SHORT,8.8315,107.9100,2026-08-21,1,-0.2000
992,ase_pt_bf9746964617425a,PUT,LONG,12.4628,112.0700,2026-08-21,1,-0.1000
993,ase_pt_bf9746964617425a,PUT,SHORT,15.7942,115.6200,2026-08-21,1,-0.0500
994,ase_pt_305c8be299544ad0,PUT,LONG,10.3732,109.7300,2026-08-21,1,-0.1500
995,ase_pt_305c8be299544ad0,PUT,SHORT,15.7942,115.6200,2026-08-21,1,-0.0500
996,ase_pt_dea8aa2dc202496f,CALL,LONG,3.2547,100.3700,2026-08-21,1,0.5000
997,ase_pt_dea8aa2dc202496f,CALL,SHORT,1.5664,105.0000,2026-08-21,1,0.3000
998,ase_pt_dea8aa2dc202496f,PUT,SHORT,6.5664,105.0000,2026-08-21,1,-0.3000
999,ase_pt_dea8aa2dc202496f,PUT,LONG,10.3732,109.7300,2026-08-21,1,-0.1500
1000,ase_pt_f3afc3f4ede84b03,CALL,SHORT,1.9345,103.7500,2026-08-21,1,0.3500
1001,ase_pt_f3afc3f4ede84b03,PUT,SHORT,5.6845,103.7500,2026-08-21,1,-0.3500
1002,ase_pt_f3afc3f4ede84b03,CALL,LONG,0.6432,109.7300,2026-08-21,1,0.1500
1003,ase_pt_f3afc3f4ede84b03,PUT,LONG,10.3732,109.7300,2026-08-21,1,-0.1500
1004,ase_pt_a2df9c7deeea4407,CALL,LONG,3.2547,100.3700,2026-08-21,1,0.5000
1005,ase_pt_a2df9c7deeea4407,PUT,LONG,3.6247,100.3700,2026-08-21,1,-0.5000
1006,ase_pt_c8bf85c6ede2488b,CALL,LONG,4.5063,100.7400,2026-09-18,1,0.5000
1007,ase_pt_c8bf85c6ede2488b,CALL,SHORT,3.2547,100.3700,2026-08-21,1,0.5000
1008,ase_pt_5e1802c0f78045cb,CALL,LONG,3.2547,100.3700,2026-08-21,1,0.5000
1009,ase_pt_5e1802c0f78045cb,PUT,LONG,3.6247,100.3700,2026-08-21,1,-0.5000
1010,ase_pt_c8dd09199fb94cf3,CALL,LONG,1.2286,106.3700,2026-08-21,1,0.2500
1011,ase_pt_c8dd09199fb94cf3,PUT,LONG,7.5986,106.3700,2026-08-21,1,-0.2500
1012,ase_pt_f352a5bb0a3845c7,CALL,LONG,3.7847,99.2900,2026-08-21,1,0.5500
1013,ase_pt_f352a5bb0a3845c7,CALL,SHORT,3.2547,100.3700,2026-08-21,2,0.5000
1014,ase_pt_f352a5bb0a3845c7,CALL,LONG,2.3356,102.5800,2026-08-21,1,0.4000
1015,ase_pt_496875cb2f7d476e,PUT,LONG,12.4628,112.0700,2026-08-21,1,-0.1000
1016,ase_pt_496875cb2f7d476e,PUT,SHORT,7.5986,106.3700,2026-08-21,1,-0.2500
1017,ase_pt_496875cb2f7d476e,CALL,SHORT,1.2286,106.3700,2026-08-21,1,0.2500
1018,ase_pt_496875cb2f7d476e,CALL,LONG,0.3928,112.0700,2026-08-21,1,0.1000
1019,ase_pt_d8d2ea56d692462f,CALL,LONG,4.5063,100.7400,2026-09-18,1,0.5000
1020,ase_pt_d8d2ea56d692462f,CALL,SHORT,3.2547,100.3700,2026-08-21,1,0.5000
1021,ase_pt_bed69d2bf32e4b21,PUT,LONG,10.3732,109.7300,2026-08-21,1,-0.1500
1022,ase_pt_bed69d2bf32e4b21,PUT,SHORT,6.5664,105.0000,2026-08-21,1,-0.3000
1023,ase_pt_bed69d2bf32e4b21,CALL,SHORT,1.5664,105.0000,2026-08-21,1,0.3000
1024,ase_pt_bed69d2bf32e4b21,CALL,LONG,0.6432,109.7300,2026-08-21,1,0.1500
1025,ase_pt_ea93f5edcbd049a6,CALL,LONG,3.2547,100.3700,2026-08-21,1,0.5000
1026,ase_pt_ea93f5edcbd049a6,CALL,SHORT,1.5664,105.0000,2026-08-21,1,0.3000
1027,ase_pt_16cf6d806ea34cdc,CALL,LONG,3.7847,99.2900,2026-08-21,1,0.5500
1028,ase_pt_16cf6d806ea34cdc,CALL,SHORT,3.2547,100.3700,2026-08-21,2,0.5000
1029,ase_pt_16cf6d806ea34cdc,CALL,LONG,2.7741,101.4600,2026-08-21,1,0.4500
1030,ase_pt_d3b5f2da35984057,CALL,LONG,0.9215,107.9100,2026-08-21,1,0.2000
1031,ase_pt_d3b5f2da35984057,CALL,SHORT,3.2547,100.3700,2026-08-21,1,0.5000
1032,ase_pt_d3b5f2da35984057,PUT,SHORT,3.6247,100.3700,2026-08-21,1,-0.5000
1033,ase_pt_d3b5f2da35984057,PUT,LONG,8.8315,107.9100,2026-08-21,1,-0.2000
1034,ase_pt_8d400ce6441c4402,PUT,LONG,12.4628,112.0700,2026-08-21,1,-0.1000
1035,ase_pt_8d400ce6441c4402,PUT,SHORT,8.8315,107.9100,2026-08-21,1,-0.2000
1036,ase_pt_8d400ce6441c4402,CALL,SHORT,0.9215,107.9100,2026-08-21,1,0.2000
1037,ase_pt_8d400ce6441c4402,CALL,LONG,0.3928,112.0700,2026-08-21,1,0.1000
1038,ase_pt_854cdbc63d0e4302,CALL,LONG,0.9215,107.9100,2026-08-21,1,0.2000
1039,ase_pt_854cdbc63d0e4302,PUT,LONG,8.8315,107.9100,2026-08-21,1,-0.2000
1040,ase_pt_e7d78e583530476c,PUT,LONG,6.5664,105.0000,2026-08-21,1,-0.3000
1041,ase_pt_e7d78e583530476c,PUT,SHORT,12.4628,112.0700,2026-08-21,1,-0.1000
1042,ase_pt_eb69c5f8d45a4cea,CALL,LONG,1.0929,105.0000,2026-08-07,1,0.4000
1043,ase_pt_08179cf977334df3,CALL,LONG,4.4890,98.0000,2026-08-21,1,0.5800
1044,ase_pt_08179cf977334df3,CALL,SHORT,1.8561,104.0000,2026-08-21,1,0.3800
1045,ase_pt_8b9f1e603d544491,PUT,LONG,0.5665,91.0000,2026-08-21,1,-0.1500
1046,ase_pt_8b9f1e603d544491,PUT,SHORT,1.4216,95.0000,2026-08-21,1,-0.2800
1047,ase_pt_8b9f1e603d544491,CALL,SHORT,1.5664,105.0000,2026-08-21,1,0.2800
1048,ase_pt_8b9f1e603d544491,CALL,LONG,0.7449,109.0000,2026-08-21,1,0.1500
1049,ase_pt_0c9b4327f85a4179,CALL,LONG,5.0882,97.0000,2026-08-21,1,0.6000
1050,ase_pt_0c9b4327f85a4179,CALL,SHORT,2.5558,102.0000,2026-08-21,1,0.4500
1051,ase_pt_0c9b4327f85a4179,CALL,LONG,2.1851,103.0000,2026-08-21,1,0.4200
1052,ase_pt_0c9b4327f85a4179,CALL,SHORT,0.9057,108.0000,2026-08-21,1,0.1800
1053,ase_pt_0c9b4327f85a4179,PUT,LONG,3.4301,100.0000,2026-08-21,1,-0.5000
1054,ase_pt_b217288663e64abf,CALL,LONG,5.7329,96.0000,2026-08-21,1,0.6300
1055,ase_pt_b217288663e64abf,CALL,SHORT,3.4301,100.0000,2026-08-21,2,0.5000
1056,ase_pt_b217288663e64abf,CALL,LONG,1.8561,104.0000,2026-08-21,1,0.3800
1057,ase_pt_b217288663e64abf,PUT,LONG,5.8561,104.0000,2026-08-21,1,-0.6200
1058,ase_pt_b217288663e64abf,PUT,SHORT,3.4301,100.0000,2026-08-21,2,-0.5000
1059,ase_pt_b217288663e64abf,PUT,LONG,1.7329,96.0000,2026-08-21,1,-0.3700
1060,ase_pt_eacf187fc03e42a8,PUT,LONG,0.1781,87.0000,2026-08-21,1,-0.0900
1061,ase_pt_eacf187fc03e42a8,PUT,SHORT,0.7278,92.0000,2026-08-21,1,-0.1800
1062,ase_pt_eacf187fc03e42a8,CALL,SHORT,0.9057,108.0000,2026-08-21,1,0.1800
1063,ase_pt_eacf187fc03e42a8,CALL,LONG,0.3198,113.0000,2026-08-21,1,0.1000
1064,ase_pt_eacf187fc03e42a8,PUT,LONG,0.9219,93.0000,2026-08-21,1,-0.2000
1065,ase_pt_eacf187fc03e42a8,PUT,SHORT,2.4890,98.0000,2026-08-21,1,-0.4200
1066,ase_pt_eacf187fc03e42a8,CALL,SHORT,2.5558,102.0000,2026-08-21,1,0.4500
1067,ase_pt_eacf187fc03e42a8,CALL,LONG,1.0942,107.0000,2026-08-21,1,0.2200
1068,ase_pt_6d5376710e84479f,CALL,LONG,2.3356,102.5800,2026-08-21,1,0.4000
1069,ase_pt_3ca0620c4cef4d6f,PUT,LONG,4.9156,102.5800,2026-08-21,1,-0.4000
1070,ase_pt_974bac188a97487c,CALL,LONG,17.3751,89.3800,2027-07-16,1,0.7000
1071,ase_pt_1c95fb9bd5194ab1,PUT,LONG,6.7551,89.3800,2027-07-16,1,-0.7000
1072,ase_pt_bbb2af4febbf44fa,CALL,LONG,7.6404,93.3600,2026-08-21,1,0.8000
1073,ase_pt_df836ccb480e43ac,PUT,LONG,1.0004,93.3600,2026-08-21,1,-0.8000
1074,ase_pt_baad41bd56d44e0e,CALL,LONG,17.3751,89.3800,2027-07-16,1,0.7000
1075,ase_pt_baad41bd56d44e0e,CALL,SHORT,1.5664,105.0000,2026-08-21,1,0.3000
1076,ase_pt_8b3c4ae687964a70,PUT,LONG,6.7551,89.3800,2027-07-16,1,-0.7000
1077,ase_pt_8b3c4ae687964a70,PUT,SHORT,6.5664,105.0000,2026-08-21,1,-0.3000
1078,ase_pt_cf555e7bab05428c,CALL,LONG,3.2547,100.3700,2026-08-21,1,0.5000
1079,ase_pt_cf555e7bab05428c,CALL,SHORT,1.5664,105.0000,2026-08-21,1,0.3000
1080,ase_pt_341ee9bd107947a6,CALL,LONG,5.0262,97.1000,2026-08-21,1,0.6500
1081,ase_pt_341ee9bd107947a6,CALL,SHORT,3.2547,100.3700,2026-08-21,1,0.5000
1082,ase_pt_48e071537e064f17,CALL,LONG,1.9345,103.7500,2026-08-21,1,0.3500
1083,ase_pt_48e071537e064f17,CALL,SHORT,0.9215,107.9100,2026-08-21,1,0.2000
1084,ase_pt_774ec411f0664b5e,CALL,SHORT,1.9345,103.7500,2026-08-21,1,0.3500
1085,ase_pt_774ec411f0664b5e,CALL,LONG,0.9215,107.9100,2026-08-21,1,0.2000
1086,ase_pt_9ce40b1112c2482f,CALL,SHORT,1.2286,106.3700,2026-08-21,1,0.2500
1087,ase_pt_9ce40b1112c2482f,CALL,LONG,0.6432,109.7300,2026-08-21,1,0.1500
1088,ase_pt_c6a51fd7f76347fe,CALL,LONG,3.2547,100.3700,2026-08-21,1,0.5000
1089,ase_pt_c6a51fd7f76347fe,CALL,SHORT,2.3356,102.5800,2026-08-21,1,0.4000
1090,ase_pt_f5dd6dc35bb846d9,CALL,LONG,3.2547,100.3700,2026-08-21,1,0.5000
1091,ase_pt_f5dd6dc35bb846d9,CALL,SHORT,0.6432,109.7300,2026-08-21,1,0.1500
1092,ase_pt_a1fcb5049d0f413b,CALL,LONG,13.3288,96.9500,2027-07-16,1,0.6000
1093,ase_pt_a1fcb5049d0f413b,CALL,SHORT,6.0476,117.4200,2027-07-16,1,0.3500
1094,ase_pt_8f481826e0ff4f9b,CALL,SHORT,1.5664,105.0000,2026-08-21,1,0.3000
1095,ase_pt_8f481826e0ff4f9b,CALL,LONG,0.6432,109.7300,2026-08-21,1,0.1500
1096,ase_pt_364e2c86c1d6469d,CALL,LONG,3.2547,100.3700,2026-08-21,1,0.5000
1097,ase_pt_364e2c86c1d6469d,CALL,SHORT,2.1747,107.3800,2026-09-18,1,0.3000
1098,ase_pt_5451fd35cf2d40c9,PUT,LONG,3.6247,100.3700,2026-08-21,1,-0.5000
1099,ase_pt_5451fd35cf2d40c9,PUT,SHORT,6.5664,105.0000,2026-08-21,1,-0.3000
1100,ase_pt_304246ad516046d6,PUT,LONG,2.1262,97.1000,2026-08-21,1,-0.6500
1101,ase_pt_304246ad516046d6,PUT,SHORT,3.6247,100.3700,2026-08-21,1,-0.5000
1102,ase_pt_63b79671045a4aa2,PUT,LONG,5.6845,103.7500,2026-08-21,1,-0.3500
1103,ase_pt_63b79671045a4aa2,PUT,SHORT,8.8315,107.9100,2026-08-21,1,-0.2000
1104,ase_pt_44cb1b0418044113,PUT,SHORT,5.6845,103.7500,2026-08-21,1,-0.3500
1105,ase_pt_44cb1b0418044113,PUT,LONG,8.8315,107.9100,2026-08-21,1,-0.2000
1106,ase_pt_4ef17b0e1c6546f6,PUT,SHORT,7.5986,106.3700,2026-08-21,1,-0.2500
1107,ase_pt_4ef17b0e1c6546f6,PUT,LONG,10.3732,109.7300,2026-08-21,1,-0.1500
1108,ase_pt_bcbabed4ff834d64,PUT,LONG,3.6247,100.3700,2026-08-21,1,-0.5000
1109,ase_pt_bcbabed4ff834d64,PUT,SHORT,4.9156,102.5800,2026-08-21,1,-0.4000
1110,ase_pt_0a828b9ce657480c,PUT,LONG,3.6247,100.3700,2026-08-21,1,-0.5000
1111,ase_pt_0a828b9ce657480c,PUT,SHORT,10.3732,109.7300,2026-08-21,1,-0.1500
1112,ase_pt_7c1b674006aa4427,PUT,LONG,10.2788,96.9500,2027-07-16,1,-0.6000
1113,ase_pt_7c1b674006aa4427,PUT,SHORT,23.4676,117.4200,2027-07-16,1,-0.3500
1114,ase_pt_80b9c058175a4c61,PUT,SHORT,6.5664,105.0000,2026-08-21,1,-0.3000
1115,ase_pt_80b9c058175a4c61,PUT,LONG,10.3732,109.7300,2026-08-21,1,-0.1500
1116,ase_pt_e3723739cd9c4db8,PUT,LONG,3.6247,100.3700,2026-08-21,1,-0.5000
1117,ase_pt_e3723739cd9c4db8,PUT,SHORT,9.5547,107.3800,2026-09-18,1,-0.3000
1118,ase_pt_dcf739fea6c346c2,CALL,LONG,3.2547,100.3700,2026-08-21,1,0.5000
1119,ase_pt_dcf739fea6c346c2,CALL,SHORT,1.5664,105.0000,2026-08-21,1,0.3000
1120,ase_pt_dcf739fea6c346c2,PUT,SHORT,5.6845,103.7500,2026-08-21,1,-0.3500
1121,ase_pt_dcf739fea6c346c2,PUT,LONG,8.8315,107.9100,2026-08-21,1,-0.2000
1122,ase_pt_297066db97404b77,PUT,LONG,3.6247,100.3700,2026-08-21,1,-0.5000
1123,ase_pt_297066db97404b77,PUT,SHORT,6.5664,105.0000,2026-08-21,1,-0.3000
1124,ase_pt_297066db97404b77,CALL,SHORT,1.9345,103.7500,2026-08-21,1,0.3500
1125,ase_pt_297066db97404b77,CALL,LONG,0.9215,107.9100,2026-08-21,1,0.2000
1126,ase_pt_ffc319cbdcb547bd,CALL,SHORT,3.2547,100.3700,2026-08-21,1,0.5000
1127,ase_pt_ffc319cbdcb547bd,CALL,LONG,4.5063,100.7400,2026-09-18,1,0.5000
1128,ase_pt_b56a1c5009bc48ba,PUT,SHORT,3.6247,100.3700,2026-08-21,1,-0.5000
1129,ase_pt_b56a1c5009bc48ba,PUT,LONG,5.2463,100.7400,2026-09-18,1,-0.5000
1130,ase_pt_c22a27dc84f148ae,CALL,SHORT,5.0262,97.1000,2026-08-21,1,0.6500
1131,ase_pt_c22a27dc84f148ae,CALL,LONG,6.9385,96.1300,2026-09-18,1,0.6500
1132,ase_pt_b62d17470e3d4853,CALL,SHORT,1.5664,105.0000,2026-08-21,1,0.3000
1133,ase_pt_b62d17470e3d4853,CALL,LONG,2.1747,107.3800,2026-09-18,1,0.3000
1134,ase_pt_1acdccfce30940ea,CALL,SHORT,1.5664,105.0000,2026-08-21,1,0.3000
1135,ase_pt_1acdccfce30940ea,CALL,LONG,2.1747,107.3800,2026-09-18,1,0.3000
1136,ase_pt_1acdccfce30940ea,PUT,SHORT,6.5664,105.0000,2026-08-21,1,-0.3000
1137,ase_pt_1acdccfce30940ea,PUT,LONG,9.5547,107.3800,2026-09-18,1,-0.3000
1138,ase_pt_3e339a7a3cdc4e44,CALL,SHORT,3.2547,100.3700,2026-08-21,1,0.5000
1139,ase_pt_3e339a7a3cdc4e44,CALL,LONG,4.5063,100.7400,2026-09-18,1,0.5000
1140,ase_pt_f663d57759104da1,CALL,SHORT,3.9381,100.5600,2026-09-18,1,0.5000
1141,ase_pt_f663d57759104da1,CALL,LONG,10.0335,104.6000,2027-07-16,1,0.5000
1142,ase_pt_8bb5c04c7e374521,PUT,SHORT,4.4981,100.5600,2026-09-18,1,-0.5000
1143,ase_pt_8bb5c04c7e374521,PUT,LONG,14.6335,104.6000,2027-07-16,1,-0.5000
1144,ase_pt_14bbea05d32a4a64,CALL,LONG,4.5063,100.7400,2026-09-18,1,0.5000
1145,ase_pt_14bbea05d32a4a64,CALL,SHORT,1.5664,105.0000,2026-08-21,1,0.3000
1146,ase_pt_e9c5adc89a694700,CALL,LONG,6.0365,97.6900,2026-09-18,1,0.6000
1147,ase_pt_e9c5adc89a694700,CALL,SHORT,1.5664,105.0000,2026-08-21,1,0.3000
1148,ase_pt_2e78f09475d34b9c,PUT,LONG,3.7265,97.6900,2026-09-18,1,-0.6000
1149,ase_pt_2e78f09475d34b9c,PUT,SHORT,6.5664,105.0000,2026-08-21,1,-0.3000
1150,ase_pt_7321ce7d9a704a8b,CALL,LONG,4.5063,100.7400,2026-09-18,1,0.5000
1151,ase_pt_7321ce7d9a704a8b,CALL,SHORT,2.3356,102.5800,2026-08-21,1,0.4000
1152,ase_pt_5e8f0d60fbd54fb2,CALL,SHORT,4.5063,100.7400,2026-09-18,1,0.5000
1153,ase_pt_5e8f0d60fbd54fb2,CALL,LONG,1.5664,105.0000,2026-08-21,1,0.3000
1154,ase_pt_3ba61bac1a2f4d53,CALL,LONG,2.6826,105.5800,2026-09-18,1,0.3500
1155,ase_pt_3ba61bac1a2f4d53,CALL,SHORT,0.9215,107.9100,2026-08-21,1,0.2000
1156,ase_pt_3ba61bac1a2f4d53,PUT,LONG,8.2626,105.5800,2026-09-18,1,-0.3500
1157,ase_pt_3ba61bac1a2f4d53,PUT,SHORT,8.8315,107.9100,2026-08-21,1,-0.2000
1158,ase_pt_16c1472721674c76,CALL,LONG,17.3751,89.3800,2027-07-16,1,0.7000
1159,ase_pt_16c1472721674c76,CALL,SHORT,1.5664,105.0000,2026-08-21,1,0.3000
1160,ase_pt_a56d6cd8ff234e19,PUT,LONG,6.7551,89.3800,2027-07-16,1,-0.7000
1161,ase_pt_a56d6cd8ff234e19,PUT,SHORT,6.5664,105.0000,2026-08-21,1,-0.3000
1162,ase_pt_0f75b5e82d514193,CALL,LONG,4.5063,100.7400,2026-09-18,1,0.5000
1163,ase_pt_0f75b5e82d514193,CALL,SHORT,2.3356,102.5800,2026-08-21,1,0.4000
1164,ase_pt_937155f971934804,CALL,LONG,4.5063,100.7400,2026-09-18,1,0.5000
1165,ase_pt_937155f971934804,CALL,SHORT,0.9215,107.9100,2026-08-21,1,0.2000
1166,ase_pt_b73e0508eca949e8,PUT,LONG,5.2463,100.7400,2026-09-18,1,-0.5000
1167,ase_pt_b73e0508eca949e8,PUT,SHORT,8.8315,107.9100,2026-08-21,1,-0.2000
1168,ase_pt_532c902bfb4748ee,CALL,LONG,4.5063,100.7400,2026-09-18,1,0.5000
1169,ase_pt_532c902bfb4748ee,CALL,SHORT,3.2547,100.3700,2026-08-21,1,0.5000
1170,ase_pt_532c902bfb4748ee,PUT,LONG,5.2463,100.7400,2026-09-18,1,-0.5000
1171,ase_pt_532c902bfb4748ee,PUT,SHORT,3.6247,100.3700,2026-08-21,1,-0.5000
1172,ase_pt_de9a1dd6531e46d8,CALL,LONG,7.2678,97.3700,2026-10-16,1,0.6000
1173,ase_pt_de9a1dd6531e46d8,CALL,SHORT,1.5664,105.0000,2026-08-21,1,0.3000
1174,ase_pt_c62db28384754bcc,CALL,LONG,3.2547,100.3700,2026-08-21,1,0.5000
1175,ase_pt_c62db28384754bcc,PUT,LONG,3.6247,100.3700,2026-08-21,1,-0.5000
1176,ase_pt_488e81b05e3546f2,CALL,LONG,1.2286,106.3700,2026-08-21,1,0.2500
1177,ase_pt_488e81b05e3546f2,PUT,LONG,7.5986,106.3700,2026-08-21,1,-0.2500
1178,ase_pt_a46af2f3109f4baf,CALL,LONG,3.2547,100.3700,2026-08-21,2,0.5000
1179,ase_pt_a46af2f3109f4baf,PUT,LONG,3.6247,100.3700,2026-08-21,1,-0.5000
1180,ase_pt_4b4633b31af942dc,CALL,LONG,3.2547,100.3700,2026-08-21,1,0.5000
1181,ase_pt_4b4633b31af942dc,PUT,LONG,3.6247,100.3700,2026-08-21,2,-0.5000
1182,ase_pt_2b871389c3f94b23,CALL,SHORT,3.2547,100.3700,2026-08-21,1,0.5000
1183,ase_pt_2b871389c3f94b23,PUT,SHORT,3.6247,100.3700,2026-08-21,1,-0.5000
1184,ase_pt_2b871389c3f94b23,CALL,LONG,0.9215,107.9100,2026-08-21,1,0.2000
1185,ase_pt_2b871389c3f94b23,PUT,LONG,8.8315,107.9100,2026-08-21,1,-0.2000
1186,ase_pt_256ccb2dec9a44b2,CALL,LONG,3.2547,100.3700,2026-08-21,2,0.5000
1187,ase_pt_256ccb2dec9a44b2,PUT,LONG,3.6247,100.3700,2026-08-21,2,-0.5000
1188,ase_pt_256ccb2dec9a44b2,CALL,SHORT,1.9345,103.7500,2026-08-21,1,0.3500
1189,ase_pt_256ccb2dec9a44b2,PUT,SHORT,5.6845,103.7500,2026-08-21,1,-0.3500
1190,ase_pt_90fdbdd9ef814faa,CALL,SHORT,3.2547,100.3700,2026-08-21,1,0.5000
1191,ase_pt_90fdbdd9ef814faa,CALL,LONG,4.5063,100.7400,2026-09-18,1,0.5000
1192,ase_pt_90fdbdd9ef814faa,PUT,SHORT,3.6247,100.3700,2026-08-21,1,-0.5000
1193,ase_pt_90fdbdd9ef814faa,PUT,LONG,5.2463,100.7400,2026-09-18,1,-0.5000
1194,ase_pt_c1cb14c33f0a40db,CALL,LONG,2.1747,107.3800,2026-09-18,1,0.3000
1195,ase_pt_c1cb14c33f0a40db,CALL,SHORT,0.9215,107.9100,2026-08-21,1,0.2000
1196,ase_pt_c1cb14c33f0a40db,PUT,LONG,9.5547,107.3800,2026-09-18,1,-0.3000
1197,ase_pt_c1cb14c33f0a40db,PUT,SHORT,8.8315,107.9100,2026-08-21,1,-0.2000
1198,ase_pt_2f51cdd5a4bc4ffd,CALL,LONG,3.7847,99.2900,2026-08-21,1,0.5500
1199,ase_pt_2f51cdd5a4bc4ffd,CALL,SHORT,3.2547,100.3700,2026-08-21,2,0.5000
1200,ase_pt_2f51cdd5a4bc4ffd,CALL,LONG,2.7741,101.4600,2026-08-21,1,0.4500
1201,ase_pt_9685e32cd4cc4f00,PUT,LONG,3.0747,99.2900,2026-08-21,1,-0.5500
1202,ase_pt_9685e32cd4cc4f00,PUT,SHORT,3.6247,100.3700,2026-08-21,2,-0.5000
1203,ase_pt_9685e32cd4cc4f00,PUT,LONG,4.2341,101.4600,2026-08-21,1,-0.4500
1204,ase_pt_7c3ef7e616e149da,CALL,LONG,1.2286,106.3700,2026-08-21,1,0.2500
1205,ase_pt_7c3ef7e616e149da,CALL,SHORT,3.2547,100.3700,2026-08-21,1,0.5000
1206,ase_pt_7c3ef7e616e149da,PUT,SHORT,3.6247,100.3700,2026-08-21,1,-0.5000
1207,ase_pt_7c3ef7e616e149da,PUT,LONG,7.5986,106.3700,2026-08-21,1,-0.2500
1208,ase_pt_ae12830c35754db8,CALL,LONG,3.7847,99.2900,2026-08-21,1,0.5500
1209,ase_pt_ae12830c35754db8,CALL,SHORT,3.2547,100.3700,2026-08-21,2,0.5000
1210,ase_pt_ae12830c35754db8,CALL,LONG,1.9345,103.7500,2026-08-21,1,0.3500
1211,ase_pt_7de3ce6fbc8845a0,PUT,LONG,3.0747,99.2900,2026-08-21,1,-0.5500
1212,ase_pt_7de3ce6fbc8845a0,PUT,SHORT,3.6247,100.3700,2026-08-21,2,-0.5000
1213,ase_pt_7de3ce6fbc8845a0,PUT,LONG,5.6845,103.7500,2026-08-21,1,-0.3500
1214,ase_pt_335da21099bf469e,CALL,LONG,3.7847,99.2900,2026-08-21,1,0.5500
1215,ase_pt_335da21099bf469e,CALL,SHORT,3.2547,100.3700,2026-08-21,3,0.5000
1216,ase_pt_335da21099bf469e,CALL,LONG,2.3356,102.5800,2026-08-21,2,0.4000
1217,ase_pt_02d0d9913754443c,CALL,LONG,3.7847,99.2900,2026-08-21,1,0.5500
1218,ase_pt_02d0d9913754443c,CALL,SHORT,2.7741,101.4600,2026-08-21,2,0.4500
1219,ase_pt_02d0d9913754443c,CALL,LONG,1.5664,105.0000,2026-08-21,1,0.3000
1220,ase_pt_c6e58215b6bc4846,CALL,LONG,5.0262,97.1000,2026-08-21,1,0.6500
1221,ase_pt_c6e58215b6bc4846,CALL,SHORT,3.2547,100.3700,2026-08-21,2,0.5000
1222,ase_pt_c6e58215b6bc4846,CALL,LONG,1.9345,103.7500,2026-08-21,1,0.3500
1223,ase_pt_e56739d70d014172,CALL,LONG,3.4592,99.9400,2026-08-21,1,0.5200
1224,ase_pt_e56739d70d014172,CALL,SHORT,3.2547,100.3700,2026-08-21,2,0.5000
1225,ase_pt_e56739d70d014172,CALL,LONG,3.0586,100.8000,2026-08-21,1,0.4800
1226,ase_pt_d98382cd2b4f4c2d,CALL,LONG,3.7847,99.2900,2026-08-21,1,0.5500
1227,ase_pt_d98382cd2b4f4c2d,CALL,SHORT,3.2547,100.3700,2026-08-21,2,0.5000
1228,ase_pt_d98382cd2b4f4c2d,CALL,LONG,2.7741,101.4600,2026-08-21,1,0.4500
1229,ase_pt_d98382cd2b4f4c2d,PUT,LONG,3.0747,99.2900,2026-08-21,1,-0.5500
1230,ase_pt_d98382cd2b4f4c2d,PUT,SHORT,3.6247,100.3700,2026-08-21,2,-0.5000
1231,ase_pt_d98382cd2b4f4c2d,PUT,LONG,4.2341,101.4600,2026-08-21,1,-0.4500
1232,ase_pt_559d9e7244b542ea,CALL,LONG,4.5063,100.7400,2026-09-18,1,0.5000
1233,ase_pt_559d9e7244b542ea,CALL,SHORT,3.2547,100.3700,2026-08-21,2,0.5000
1234,ase_pt_559d9e7244b542ea,CALL,LONG,5.4274,101.1200,2026-10-16,1,0.5000
1235,ase_pt_bf3cd83403654aef,CALL,LONG,3.7847,99.2900,2026-08-21,1,0.5500
1236,ase_pt_bf3cd83403654aef,CALL,SHORT,3.2547,100.3700,2026-08-21,2,0.5000
1237,ase_pt_bf3cd83403654aef,CALL,LONG,2.3356,102.5800,2026-08-21,1,0.4000
1238,ase_pt_f22691ef3d444fab,PUT,LONG,10.3732,109.7300,2026-08-21,1,-0.1500
1239,ase_pt_f22691ef3d444fab,PUT,SHORT,6.5664,105.0000,2026-08-21,1,-0.3000
1240,ase_pt_f22691ef3d444fab,CALL,SHORT,1.5664,105.0000,2026-08-21,1,0.3000
1241,ase_pt_f22691ef3d444fab,CALL,LONG,0.6432,109.7300,2026-08-21,1,0.1500
1242,ase_pt_cc496e3791394bdd,PUT,LONG,8.8315,107.9100,2026-08-21,1,-0.2000
1243,ase_pt_cc496e3791394bdd,PUT,SHORT,5.6845,103.7500,2026-08-21,1,-0.3500
1244,ase_pt_cc496e3791394bdd,CALL,SHORT,1.9345,103.7500,2026-08-21,1,0.3500
1245,ase_pt_cc496e3791394bdd,CALL,LONG,0.9215,107.9100,2026-08-21,1,0.2000
1246,ase_pt_64f79423f4d24f3e,PUT,LONG,13.5617,113.2600,2026-08-21,1,-0.0800
1247,ase_pt_64f79423f4d24f3e,PUT,SHORT,8.8315,107.9100,2026-08-21,1,-0.2000
1248,ase_pt_64f79423f4d24f3e,CALL,SHORT,0.9215,107.9100,2026-08-21,1,0.2000
1249,ase_pt_64f79423f4d24f3e,CALL,LONG,0.3017,113.2600,2026-08-21,1,0.0800
1250,ase_pt_24bc62692c964244,PUT,SHORT,10.3732,109.7300,2026-08-21,1,-0.1500
1251,ase_pt_24bc62692c964244,PUT,LONG,6.5664,105.0000,2026-08-21,1,-0.3000
1252,ase_pt_24bc62692c964244,CALL,LONG,1.5664,105.0000,2026-08-21,1,0.3000
1253,ase_pt_24bc62692c964244,CALL,SHORT,0.6432,109.7300,2026-08-21,1,0.1500
1254,ase_pt_3bcc9c0b31ff49f3,PUT,LONG,12.4628,112.0700,2026-08-21,1,-0.1000
1255,ase_pt_3bcc9c0b31ff49f3,PUT,SHORT,7.5986,106.3700,2026-08-21,1,-0.2500
1256,ase_pt_3bcc9c0b31ff49f3,CALL,SHORT,1.5664,105.0000,2026-08-21,1,0.3000
1257,ase_pt_3bcc9c0b31ff49f3,CALL,LONG,0.9215,107.9100,2026-08-21,1,0.2000
1258,ase_pt_e78a52d34182482d,PUT,LONG,12.4628,112.0700,2026-08-21,1,-0.1000
1259,ase_pt_e78a52d34182482d,PUT,SHORT,8.8315,107.9100,2026-08-21,1,-0.2000
1260,ase_pt_e78a52d34182482d,CALL,SHORT,1.9345,103.7500,2026-08-21,1,0.3500
1261,ase_pt_e78a52d34182482d,CALL,LONG,0.9215,107.9100,2026-08-21,1,0.2000
1262,ase_pt_70ff8734f7804dad,PUT,LONG,12.4628,112.0700,2026-08-21,1,-0.1000
1263,ase_pt_70ff8734f7804dad,PUT,SHORT,7.5986,106.3700,2026-08-21,1,-0.2500
1264,ase_pt_70ff8734f7804dad,CALL,SHORT,1.2286,106.3700,2026-08-21,1,0.2500
1265,ase_pt_70ff8734f7804dad,CALL,LONG,0.3928,112.0700,2026-08-21,1,0.1000
1266,ase_pt_70ff8734f7804dad,PUT,LONG,6.5664,105.0000,2026-08-21,1,-0.3000
1267,ase_pt_70ff8734f7804dad,PUT,SHORT,4.9156,102.5800,2026-08-21,1,-0.4000
1268,ase_pt_70ff8734f7804dad,CALL,SHORT,2.3356,102.5800,2026-08-21,1,0.4000
1269,ase_pt_70ff8734f7804dad,CALL,LONG,1.5664,105.0000,2026-08-21,1,0.3000
1270,ase_pt_6a6f8dd6d8d04180,PUT,LONG,8.8315,107.9100,2026-08-21,1,-0.2000
1271,ase_pt_6a6f8dd6d8d04180,PUT,SHORT,5.6845,103.7500,2026-08-21,1,-0.3500
1272,ase_pt_6a6f8dd6d8d04180,CALL,SHORT,1.2286,106.3700,2026-08-21,1,0.2500
1273,ase_pt_6a6f8dd6d8d04180,CALL,LONG,0.3928,112.0700,2026-08-21,1,0.1000
1274,ase_pt_52d55444d36747a0,PUT,LONG,10.3732,109.7300,2026-08-21,1,-0.1500
1275,ase_pt_52d55444d36747a0,PUT,SHORT,6.5664,105.0000,2026-08-21,1,-0.3000
1276,ase_pt_52d55444d36747a0,CALL,SHORT,1.5664,105.0000,2026-08-21,1,0.3000
1277,ase_pt_52d55444d36747a0,CALL,LONG,0.6432,109.7300,2026-08-21,1,0.1500
1278,ase_pt_d63b61e91c314a4f,PUT,LONG,12.4628,112.0700,2026-08-21,1,-0.1000
1279,ase_pt_d63b61e91c314a4f,PUT,SHORT,7.5986,106.3700,2026-08-21,1,-0.2500
1280,ase_pt_d63b61e91c314a4f,CALL,SHORT,1.2286,106.3700,2026-08-21,1,0.2500
1281,ase_pt_d63b61e91c314a4f,CALL,LONG,0.3928,112.0700,2026-08-21,1,0.1000
1282,ase_pt_4ed0eedc2d0047dd,PUT,LONG,12.4628,112.0700,2026-08-21,1,-0.1000
1283,ase_pt_4ed0eedc2d0047dd,PUT,SHORT,8.8315,107.9100,2026-08-21,1,-0.2000
1284,ase_pt_4ed0eedc2d0047dd,CALL,SHORT,0.9215,107.9100,2026-08-21,1,0.2000
1285,ase_pt_4ed0eedc2d0047dd,CALL,LONG,0.3928,112.0700,2026-08-21,1,0.1000
1286,ase_pt_00ab5dd704f449f7,PUT,SHORT,3.6247,100.3700,2026-08-21,1,-0.5000
1287,ase_pt_00ab5dd704f449f7,CALL,SHORT,3.2547,100.3700,2026-08-21,1,0.5000
1288,ase_pt_00ab5dd704f449f7,PUT,LONG,10.3732,109.7300,2026-08-21,1,-0.1500
1289,ase_pt_00ab5dd704f449f7,CALL,LONG,0.6432,109.7300,2026-08-21,1,0.1500
1290,ase_pt_fff14c0d833a43a4,CALL,SHORT,3.2547,100.3700,2026-08-21,1,0.5000
1291,ase_pt_fff14c0d833a43a4,CALL,LONG,1.5664,105.0000,2026-08-21,2,0.3000
1292,ase_pt_6eecd7dc53e44088,PUT,SHORT,3.6247,100.3700,2026-08-21,1,-0.5000
1293,ase_pt_6eecd7dc53e44088,PUT,LONG,6.5664,105.0000,2026-08-21,2,-0.3000
1294,ase_pt_5df56406e676421f,CALL,LONG,3.7847,99.2900,2026-08-21,1,0.5500
1295,ase_pt_5df56406e676421f,CALL,SHORT,1.9345,103.7500,2026-08-21,2,0.3500
1296,ase_pt_5df56406e676421f,CALL,LONG,0.9215,107.9100,2026-08-21,1,0.2000
1297,ase_pt_5b1ade8a47a2427c,PUT,LONG,3.0747,99.2900,2026-08-21,1,-0.5500
1298,ase_pt_5b1ade8a47a2427c,PUT,SHORT,5.6845,103.7500,2026-08-21,2,-0.3500
1299,ase_pt_5b1ade8a47a2427c,PUT,LONG,8.8315,107.9100,2026-08-21,1,-0.2000
1300,ase_pt_4a42f6e79939477c,PUT,SHORT,6.5664,105.0000,2026-08-21,1,-0.3000
1301,ase_pt_4a42f6e79939477c,PUT,LONG,10.3732,109.7300,2026-08-21,1,-0.1500
1302,ase_pt_4a42f6e79939477c,CALL,SHORT,1.5664,105.0000,2026-08-21,1,0.3000
1303,ase_pt_4a42f6e79939477c,CALL,LONG,0.6432,109.7300,2026-08-21,1,0.1500
1304,ase_pt_5208c296a9d047a4,CALL,LONG,0.9215,107.9100,2026-08-21,1,0.2000
1305,ase_pt_5208c296a9d047a4,CALL,SHORT,3.2547,100.3700,2026-08-21,1,0.5000
1306,ase_pt_5208c296a9d047a4,PUT,SHORT,3.6247,100.3700,2026-08-21,1,-0.5000
1307,ase_pt_5208c296a9d047a4,PUT,LONG,8.8315,107.9100,2026-08-21,1,-0.2000
1308,ase_pt_c90f2d4483524cf3,CALL,SHORT,0.9215,107.9100,2026-08-21,1,0.2000
1309,ase_pt_c90f2d4483524cf3,CALL,LONG,3.2547,100.3700,2026-08-21,1,0.5000
1310,ase_pt_c90f2d4483524cf3,PUT,LONG,3.6247,100.3700,2026-08-21,1,-0.5000
1311,ase_pt_c90f2d4483524cf3,PUT,SHORT,8.8315,107.9100,2026-08-21,1,-0.2000
1312,ase_pt_43c4c77038f3406c,PUT,LONG,12.4628,112.0700,2026-08-21,1,-0.1000
1313,ase_pt_43c4c77038f3406c,PUT,SHORT,15.7942,115.6200,2026-08-21,1,-0.0500
1314,ase_pt_40bdf8a07f154dda,PUT,LONG,10.3732,109.7300,2026-08-21,1,-0.1500
1315,ase_pt_40bdf8a07f154dda,PUT,SHORT,15.7942,115.6200,2026-08-21,1,-0.0500
1316,ase_pt_8d272733b82b486a,CALL,LONG,3.2547,100.3700,2026-08-21,1,0.5000
1317,ase_pt_8d272733b82b486a,CALL,SHORT,1.5664,105.0000,2026-08-21,1,0.3000
1318,ase_pt_8d272733b82b486a,PUT,SHORT,6.5664,105.0000,2026-08-21,1,-0.3000
1319,ase_pt_8d272733b82b486a,PUT,LONG,10.3732,109.7300,2026-08-21,1,-0.1500
1320,ase_pt_24e97ff0df5b4982,CALL,SHORT,1.9345,103.7500,2026-08-21,1,0.3500
1321,ase_pt_24e97ff0df5b4982,PUT,SHORT,5.6845,103.7500,2026-08-21,1,-0.3500
1322,ase_pt_24e97ff0df5b4982,CALL,LONG,0.6432,109.7300,2026-08-21,1,0.1500
1323,ase_pt_24e97ff0df5b4982,PUT,LONG,10.3732,109.7300,2026-08-21,1,-0.1500
1324,ase_pt_feffd623b601459d,CALL,LONG,3.2547,100.3700,2026-08-21,1,0.5000
1325,ase_pt_feffd623b601459d,PUT,LONG,3.6247,100.3700,2026-08-21,1,-0.5000
1326,ase_pt_d339d8eab1824973,CALL,LONG,4.5063,100.7400,2026-09-18,1,0.5000
1327,ase_pt_d339d8eab1824973,CALL,SHORT,3.2547,100.3700,2026-08-21,1,0.5000
1328,ase_pt_cfeb044893794459,CALL,LONG,3.2547,100.3700,2026-08-21,1,0.5000
1329,ase_pt_cfeb044893794459,PUT,LONG,3.6247,100.3700,2026-08-21,1,-0.5000
1330,ase_pt_236c6d4d2d11491a,CALL,LONG,1.2286,106.3700,2026-08-21,1,0.2500
1331,ase_pt_236c6d4d2d11491a,PUT,LONG,7.5986,106.3700,2026-08-21,1,-0.2500
1332,ase_pt_5ad3da4131714e30,CALL,LONG,3.7847,99.2900,2026-08-21,1,0.5500
1333,ase_pt_5ad3da4131714e30,CALL,SHORT,3.2547,100.3700,2026-08-21,2,0.5000
1334,ase_pt_5ad3da4131714e30,CALL,LONG,2.3356,102.5800,2026-08-21,1,0.4000
1335,ase_pt_c5be21acb3394fec,PUT,LONG,12.4628,112.0700,2026-08-21,1,-0.1000
1336,ase_pt_c5be21acb3394fec,PUT,SHORT,7.5986,106.3700,2026-08-21,1,-0.2500
1337,ase_pt_c5be21acb3394fec,CALL,SHORT,1.2286,106.3700,2026-08-21,1,0.2500
1338,ase_pt_c5be21acb3394fec,CALL,LONG,0.3928,112.0700,2026-08-21,1,0.1000
1339,ase_pt_420f5395718a4e36,CALL,LONG,4.5063,100.7400,2026-09-18,1,0.5000
1340,ase_pt_420f5395718a4e36,CALL,SHORT,3.2547,100.3700,2026-08-21,1,0.5000
1341,ase_pt_241e62fb9dec48f7,PUT,LONG,10.3732,109.7300,2026-08-21,1,-0.1500
1342,ase_pt_241e62fb9dec48f7,PUT,SHORT,6.5664,105.0000,2026-08-21,1,-0.3000
1343,ase_pt_241e62fb9dec48f7,CALL,SHORT,1.5664,105.0000,2026-08-21,1,0.3000
1344,ase_pt_241e62fb9dec48f7,CALL,LONG,0.6432,109.7300,2026-08-21,1,0.1500
1345,ase_pt_d6ed352fe4334e51,CALL,LONG,3.2547,100.3700,2026-08-21,1,0.5000
1346,ase_pt_d6ed352fe4334e51,CALL,SHORT,1.5664,105.0000,2026-08-21,1,0.3000
1347,ase_pt_687d43cfbe23447f,CALL,LONG,3.7847,99.2900,2026-08-21,1,0.5500
1348,ase_pt_687d43cfbe23447f,CALL,SHORT,3.2547,100.3700,2026-08-21,2,0.5000
1349,ase_pt_687d43cfbe23447f,CALL,LONG,2.7741,101.4600,2026-08-21,1,0.4500
1350,ase_pt_1dfa879e84f34a36,CALL,LONG,0.9215,107.9100,2026-08-21,1,0.2000
1351,ase_pt_1dfa879e84f34a36,CALL,SHORT,3.2547,100.3700,2026-08-21,1,0.5000
1352,ase_pt_1dfa879e84f34a36,PUT,SHORT,3.6247,100.3700,2026-08-21,1,-0.5000
1353,ase_pt_1dfa879e84f34a36,PUT,LONG,8.8315,107.9100,2026-08-21,1,-0.2000
1354,ase_pt_6a0fee0e6c994c43,PUT,LONG,12.4628,112.0700,2026-08-21,1,-0.1000
1355,ase_pt_6a0fee0e6c994c43,PUT,SHORT,8.8315,107.9100,2026-08-21,1,-0.2000
1356,ase_pt_6a0fee0e6c994c43,CALL,SHORT,0.9215,107.9100,2026-08-21,1,0.2000
1357,ase_pt_6a0fee0e6c994c43,CALL,LONG,0.3928,112.0700,2026-08-21,1,0.1000
1358,ase_pt_ea4be73d23ee4956,CALL,LONG,0.9215,107.9100,2026-08-21,1,0.2000
1359,ase_pt_ea4be73d23ee4956,PUT,LONG,8.8315,107.9100,2026-08-21,1,-0.2000
1360,ase_pt_a81db8b53b0a4269,PUT,LONG,6.5664,105.0000,2026-08-21,1,-0.3000
1361,ase_pt_a81db8b53b0a4269,PUT,SHORT,12.4628,112.0700,2026-08-21,1,-0.1000
1362,ase_pt_02879b05ff214e47,CALL,LONG,1.0929,105.0000,2026-08-07,1,0.4000
1363,ase_pt_e2544b55d07e46a3,CALL,LONG,4.4890,98.0000,2026-08-21,1,0.5800
1364,ase_pt_e2544b55d07e46a3,CALL,SHORT,1.8561,104.0000,2026-08-21,1,0.3800
1365,ase_pt_01eead446acc456b,PUT,LONG,0.5665,91.0000,2026-08-21,1,-0.1500
1366,ase_pt_01eead446acc456b,PUT,SHORT,1.4216,95.0000,2026-08-21,1,-0.2800
1367,ase_pt_01eead446acc456b,CALL,SHORT,1.5664,105.0000,2026-08-21,1,0.2800
1368,ase_pt_01eead446acc456b,CALL,LONG,0.7449,109.0000,2026-08-21,1,0.1500
1369,ase_pt_43b493247bb548cc,CALL,LONG,5.0882,97.0000,2026-08-21,1,0.6000
1370,ase_pt_43b493247bb548cc,CALL,SHORT,2.5558,102.0000,2026-08-21,1,0.4500
1371,ase_pt_43b493247bb548cc,CALL,LONG,2.1851,103.0000,2026-08-21,1,0.4200
1372,ase_pt_43b493247bb548cc,CALL,SHORT,0.9057,108.0000,2026-08-21,1,0.1800
1373,ase_pt_43b493247bb548cc,PUT,LONG,3.4301,100.0000,2026-08-21,1,-0.5000
1374,ase_pt_eb98d0776e8e4c2b,CALL,LONG,5.7329,96.0000,2026-08-21,1,0.6300
1375,ase_pt_eb98d0776e8e4c2b,CALL,SHORT,3.4301,100.0000,2026-08-21,2,0.5000
1376,ase_pt_eb98d0776e8e4c2b,CALL,LONG,1.8561,104.0000,2026-08-21,1,0.3800
1377,ase_pt_eb98d0776e8e4c2b,PUT,LONG,5.8561,104.0000,2026-08-21,1,-0.6200
1378,ase_pt_eb98d0776e8e4c2b,PUT,SHORT,3.4301,100.0000,2026-08-21,2,-0.5000
1379,ase_pt_eb98d0776e8e4c2b,PUT,LONG,1.7329,96.0000,2026-08-21,1,-0.3700
1380,ase_pt_e2570da6158e4bf8,PUT,LONG,0.1781,87.0000,2026-08-21,1,-0.0900
1381,ase_pt_e2570da6158e4bf8,PUT,SHORT,0.7278,92.0000,2026-08-21,1,-0.1800
1382,ase_pt_e2570da6158e4bf8,CALL,SHORT,0.9057,108.0000,2026-08-21,1,0.1800
1383,ase_pt_e2570da6158e4bf8,CALL,LONG,0.3198,113.0000,2026-08-21,1,0.1000
1384,ase_pt_e2570da6158e4bf8,PUT,LONG,0.9219,93.0000,2026-08-21,1,-0.2000
1385,ase_pt_e2570da6158e4bf8,PUT,SHORT,2.4890,98.0000,2026-08-21,1,-0.4200
1386,ase_pt_e2570da6158e4bf8,CALL,SHORT,2.5558,102.0000,2026-08-21,1,0.4500
1387,ase_pt_e2570da6158e4bf8,CALL,LONG,1.0942,107.0000,2026-08-21,1,0.2200
1388,ase_pt_a81f2a870e1640c5,CALL,LONG,2.3356,102.5800,2026-08-21,1,0.4000
1389,ase_pt_90567077eb144619,PUT,LONG,4.9156,102.5800,2026-08-21,1,-0.4000
1390,ase_pt_45331c229b7c4d18,CALL,LONG,17.3751,89.3800,2027-07-16,1,0.7000
1391,ase_pt_9ac53dd86a4a49db,CALL,LONG,2.3356,102.5800,2026-08-21,1,0.4000
1392,ase_pt_b143fca2d6684ea9,PUT,LONG,4.9156,102.5800,2026-08-21,1,-0.4000
1393,ase_pt_1353d127f4e04c38,CALL,LONG,17.3751,89.3800,2027-07-16,1,0.7000
1394,ase_pt_feb277e4ceee4a33,PUT,LONG,6.7551,89.3800,2027-07-16,1,-0.7000
1395,ase_pt_d2121d0c26e647d3,CALL,LONG,7.6404,93.3600,2026-08-21,1,0.8000
1396,ase_pt_8f07b5e253e84aac,PUT,LONG,1.0004,93.3600,2026-08-21,1,-0.8000
1397,ase_pt_e2f99181fe884443,CALL,LONG,17.3751,89.3800,2027-07-16,1,0.7000
1398,ase_pt_e2f99181fe884443,CALL,SHORT,1.5664,105.0000,2026-08-21,1,0.3000
1399,ase_pt_f7783f7e02854358,PUT,LONG,6.7551,89.3800,2027-07-16,1,-0.7000
1400,ase_pt_f7783f7e02854358,PUT,SHORT,6.5664,105.0000,2026-08-21,1,-0.3000
1401,ase_pt_7179b9b59f2946e7,CALL,LONG,3.2547,100.3700,2026-08-21,1,0.5000
1402,ase_pt_7179b9b59f2946e7,CALL,SHORT,1.5664,105.0000,2026-08-21,1,0.3000
1403,ase_pt_5838a244a64d48a7,CALL,LONG,5.0262,97.1000,2026-08-21,1,0.6500
1404,ase_pt_5838a244a64d48a7,CALL,SHORT,3.2547,100.3700,2026-08-21,1,0.5000
1405,ase_pt_4eee96fe9fd74603,CALL,LONG,1.9345,103.7500,2026-08-21,1,0.3500
1406,ase_pt_4eee96fe9fd74603,CALL,SHORT,0.9215,107.9100,2026-08-21,1,0.2000
1407,ase_pt_938199d6acd74eb5,CALL,SHORT,1.9345,103.7500,2026-08-21,1,0.3500
1408,ase_pt_938199d6acd74eb5,CALL,LONG,0.9215,107.9100,2026-08-21,1,0.2000
1409,ase_pt_6c0852ff34cc4914,CALL,SHORT,1.2286,106.3700,2026-08-21,1,0.2500
1410,ase_pt_6c0852ff34cc4914,CALL,LONG,0.6432,109.7300,2026-08-21,1,0.1500
1411,ase_pt_e549a8e66b504915,CALL,LONG,3.2547,100.3700,2026-08-21,1,0.5000
1412,ase_pt_e549a8e66b504915,CALL,SHORT,2.3356,102.5800,2026-08-21,1,0.4000
1413,ase_pt_5b867797cbbb4df8,CALL,LONG,3.2547,100.3700,2026-08-21,1,0.5000
1414,ase_pt_5b867797cbbb4df8,CALL,SHORT,0.6432,109.7300,2026-08-21,1,0.1500
1415,ase_pt_2e6843beba754b18,CALL,LONG,13.3288,96.9500,2027-07-16,1,0.6000
1416,ase_pt_2e6843beba754b18,CALL,SHORT,6.0476,117.4200,2027-07-16,1,0.3500
1417,ase_pt_d41318d96c0c4c43,CALL,SHORT,1.5664,105.0000,2026-08-21,1,0.3000
1418,ase_pt_d41318d96c0c4c43,CALL,LONG,0.6432,109.7300,2026-08-21,1,0.1500
1419,ase_pt_b0cb97a05fe0422f,CALL,LONG,3.2547,100.3700,2026-08-21,1,0.5000
1420,ase_pt_b0cb97a05fe0422f,CALL,SHORT,2.1747,107.3800,2026-09-18,1,0.3000
1421,ase_pt_c95aee18709e452c,PUT,LONG,3.6247,100.3700,2026-08-21,1,-0.5000
1422,ase_pt_c95aee18709e452c,PUT,SHORT,6.5664,105.0000,2026-08-21,1,-0.3000
1423,ase_pt_80ab7cc88064422c,PUT,LONG,2.1262,97.1000,2026-08-21,1,-0.6500
1424,ase_pt_80ab7cc88064422c,PUT,SHORT,3.6247,100.3700,2026-08-21,1,-0.5000
1425,ase_pt_7867db8a72a541c5,PUT,LONG,5.6845,103.7500,2026-08-21,1,-0.3500
1426,ase_pt_7867db8a72a541c5,PUT,SHORT,8.8315,107.9100,2026-08-21,1,-0.2000
1427,ase_pt_26a9bf53b4d14255,PUT,SHORT,5.6845,103.7500,2026-08-21,1,-0.3500
1428,ase_pt_26a9bf53b4d14255,PUT,LONG,8.8315,107.9100,2026-08-21,1,-0.2000
1429,ase_pt_1a6d7d2e47dd4ead,PUT,SHORT,7.5986,106.3700,2026-08-21,1,-0.2500
1430,ase_pt_1a6d7d2e47dd4ead,PUT,LONG,10.3732,109.7300,2026-08-21,1,-0.1500
1431,ase_pt_e3b8f1a59f6440b9,PUT,LONG,3.6247,100.3700,2026-08-21,1,-0.5000
1432,ase_pt_e3b8f1a59f6440b9,PUT,SHORT,4.9156,102.5800,2026-08-21,1,-0.4000
1433,ase_pt_0e064b32f2734d4b,PUT,LONG,3.6247,100.3700,2026-08-21,1,-0.5000
1434,ase_pt_0e064b32f2734d4b,PUT,SHORT,10.3732,109.7300,2026-08-21,1,-0.1500
1435,ase_pt_f19a297d7ecc4a07,PUT,LONG,10.2788,96.9500,2027-07-16,1,-0.6000
1436,ase_pt_f19a297d7ecc4a07,PUT,SHORT,23.4676,117.4200,2027-07-16,1,-0.3500
1437,ase_pt_73e78dcd567f42e4,PUT,SHORT,6.5664,105.0000,2026-08-21,1,-0.3000
1438,ase_pt_73e78dcd567f42e4,PUT,LONG,10.3732,109.7300,2026-08-21,1,-0.1500
1439,ase_pt_83538519e8064a9e,PUT,LONG,3.6247,100.3700,2026-08-21,1,-0.5000
1440,ase_pt_83538519e8064a9e,PUT,SHORT,9.5547,107.3800,2026-09-18,1,-0.3000
1441,ase_pt_b561dca737e64954,CALL,LONG,3.2547,100.3700,2026-08-21,1,0.5000
1442,ase_pt_b561dca737e64954,CALL,SHORT,1.5664,105.0000,2026-08-21,1,0.3000
1443,ase_pt_b561dca737e64954,PUT,SHORT,5.6845,103.7500,2026-08-21,1,-0.3500
1444,ase_pt_b561dca737e64954,PUT,LONG,8.8315,107.9100,2026-08-21,1,-0.2000
1445,ase_pt_7a913eaa2e034493,PUT,LONG,3.6247,100.3700,2026-08-21,1,-0.5000
1446,ase_pt_7a913eaa2e034493,PUT,SHORT,6.5664,105.0000,2026-08-21,1,-0.3000
1447,ase_pt_7a913eaa2e034493,CALL,SHORT,1.9345,103.7500,2026-08-21,1,0.3500
1448,ase_pt_7a913eaa2e034493,CALL,LONG,0.9215,107.9100,2026-08-21,1,0.2000
1449,ase_pt_3e3127f519aa4b36,CALL,SHORT,3.2547,100.3700,2026-08-21,1,0.5000
1450,ase_pt_3e3127f519aa4b36,CALL,LONG,4.5063,100.7400,2026-09-18,1,0.5000
1451,ase_pt_6edd6080f1904229,PUT,SHORT,3.6247,100.3700,2026-08-21,1,-0.5000
1452,ase_pt_6edd6080f1904229,PUT,LONG,5.2463,100.7400,2026-09-18,1,-0.5000
1453,ase_pt_27fb95998a56415b,CALL,SHORT,5.0262,97.1000,2026-08-21,1,0.6500
1454,ase_pt_27fb95998a56415b,CALL,LONG,6.9385,96.1300,2026-09-18,1,0.6500
1455,ase_pt_96afe39b761e4ad1,CALL,SHORT,1.5664,105.0000,2026-08-21,1,0.3000
1456,ase_pt_96afe39b761e4ad1,CALL,LONG,2.1747,107.3800,2026-09-18,1,0.3000
1457,ase_pt_06138b3b65da4af9,CALL,SHORT,1.5664,105.0000,2026-08-21,1,0.3000
1458,ase_pt_06138b3b65da4af9,CALL,LONG,2.1747,107.3800,2026-09-18,1,0.3000
1459,ase_pt_06138b3b65da4af9,PUT,SHORT,6.5664,105.0000,2026-08-21,1,-0.3000
1460,ase_pt_06138b3b65da4af9,PUT,LONG,9.5547,107.3800,2026-09-18,1,-0.3000
1461,ase_pt_6474cf69996b4496,CALL,SHORT,3.2547,100.3700,2026-08-21,1,0.5000
1462,ase_pt_6474cf69996b4496,CALL,LONG,4.5063,100.7400,2026-09-18,1,0.5000
1463,ase_pt_25308f99b8a44dab,CALL,SHORT,3.9381,100.5600,2026-09-18,1,0.5000
1464,ase_pt_25308f99b8a44dab,CALL,LONG,10.0335,104.6000,2027-07-16,1,0.5000
1465,ase_pt_c8a9b9a5f23c4a02,PUT,SHORT,4.4981,100.5600,2026-09-18,1,-0.5000
1466,ase_pt_c8a9b9a5f23c4a02,PUT,LONG,14.6335,104.6000,2027-07-16,1,-0.5000
1467,ase_pt_af7b9105f1b44a39,CALL,LONG,4.5063,100.7400,2026-09-18,1,0.5000
1468,ase_pt_af7b9105f1b44a39,CALL,SHORT,1.5664,105.0000,2026-08-21,1,0.3000
1469,ase_pt_7c98961ed462420e,CALL,LONG,6.0365,97.6900,2026-09-18,1,0.6000
1470,ase_pt_7c98961ed462420e,CALL,SHORT,1.5664,105.0000,2026-08-21,1,0.3000
1471,ase_pt_1ca9d2bc3c954aa1,PUT,LONG,3.7265,97.6900,2026-09-18,1,-0.6000
1472,ase_pt_1ca9d2bc3c954aa1,PUT,SHORT,6.5664,105.0000,2026-08-21,1,-0.3000
1473,ase_pt_ddcc6f854e4843f4,CALL,LONG,4.5063,100.7400,2026-09-18,1,0.5000
1474,ase_pt_ddcc6f854e4843f4,CALL,SHORT,2.3356,102.5800,2026-08-21,1,0.4000
1475,ase_pt_476a12c189d04554,CALL,SHORT,4.5063,100.7400,2026-09-18,1,0.5000
1476,ase_pt_476a12c189d04554,CALL,LONG,1.5664,105.0000,2026-08-21,1,0.3000
1477,ase_pt_d1c575613d644f6d,CALL,LONG,2.6826,105.5800,2026-09-18,1,0.3500
1478,ase_pt_d1c575613d644f6d,CALL,SHORT,0.9215,107.9100,2026-08-21,1,0.2000
1479,ase_pt_d1c575613d644f6d,PUT,LONG,8.2626,105.5800,2026-09-18,1,-0.3500
1480,ase_pt_d1c575613d644f6d,PUT,SHORT,8.8315,107.9100,2026-08-21,1,-0.2000
1481,ase_pt_7535e14a6e124d94,CALL,LONG,17.3751,89.3800,2027-07-16,1,0.7000
1482,ase_pt_7535e14a6e124d94,CALL,SHORT,1.5664,105.0000,2026-08-21,1,0.3000
1483,ase_pt_c467febe9f4646de,PUT,LONG,6.7551,89.3800,2027-07-16,1,-0.7000
1484,ase_pt_c467febe9f4646de,PUT,SHORT,6.5664,105.0000,2026-08-21,1,-0.3000
1485,ase_pt_771678d014254c74,CALL,LONG,4.5063,100.7400,2026-09-18,1,0.5000
1486,ase_pt_771678d014254c74,CALL,SHORT,2.3356,102.5800,2026-08-21,1,0.4000
1487,ase_pt_27770dc5a81e4e91,CALL,LONG,4.5063,100.7400,2026-09-18,1,0.5000
1488,ase_pt_27770dc5a81e4e91,CALL,SHORT,0.9215,107.9100,2026-08-21,1,0.2000
1489,ase_pt_4ddf72645e174fe1,PUT,LONG,5.2463,100.7400,2026-09-18,1,-0.5000
1490,ase_pt_4ddf72645e174fe1,PUT,SHORT,8.8315,107.9100,2026-08-21,1,-0.2000
1491,ase_pt_23ef28daf9cb47a1,CALL,LONG,4.5063,100.7400,2026-09-18,1,0.5000
1492,ase_pt_23ef28daf9cb47a1,CALL,SHORT,3.2547,100.3700,2026-08-21,1,0.5000
1493,ase_pt_23ef28daf9cb47a1,PUT,LONG,5.2463,100.7400,2026-09-18,1,-0.5000
1494,ase_pt_23ef28daf9cb47a1,PUT,SHORT,3.6247,100.3700,2026-08-21,1,-0.5000
1495,ase_pt_0e252cbba9094a72,CALL,LONG,7.2678,97.3700,2026-10-16,1,0.6000
1496,ase_pt_0e252cbba9094a72,CALL,SHORT,1.5664,105.0000,2026-08-21,1,0.3000
1497,ase_pt_6c50347440d247b4,CALL,LONG,3.2547,100.3700,2026-08-21,1,0.5000
1498,ase_pt_6c50347440d247b4,PUT,LONG,3.6247,100.3700,2026-08-21,1,-0.5000
1499,ase_pt_ba7fa2bd655642a4,CALL,LONG,1.2286,106.3700,2026-08-21,1,0.2500
1500,ase_pt_ba7fa2bd655642a4,PUT,LONG,7.5986,106.3700,2026-08-21,1,-0.2500
1501,ase_pt_c1b18ab884d94247,CALL,LONG,3.2547,100.3700,2026-08-21,2,0.5000
1502,ase_pt_c1b18ab884d94247,PUT,LONG,3.6247,100.3700,2026-08-21,1,-0.5000
1503,ase_pt_03e63508f3af489f,CALL,LONG,3.2547,100.3700,2026-08-21,1,0.5000
1504,ase_pt_03e63508f3af489f,PUT,LONG,3.6247,100.3700,2026-08-21,2,-0.5000
1505,ase_pt_57db029c27af45e3,CALL,SHORT,3.2547,100.3700,2026-08-21,1,0.5000
1506,ase_pt_57db029c27af45e3,PUT,SHORT,3.6247,100.3700,2026-08-21,1,-0.5000
1507,ase_pt_57db029c27af45e3,CALL,LONG,0.9215,107.9100,2026-08-21,1,0.2000
1508,ase_pt_57db029c27af45e3,PUT,LONG,8.8315,107.9100,2026-08-21,1,-0.2000
1509,ase_pt_32186d8d86644d8a,CALL,LONG,3.2547,100.3700,2026-08-21,2,0.5000
1510,ase_pt_32186d8d86644d8a,PUT,LONG,3.6247,100.3700,2026-08-21,2,-0.5000
1511,ase_pt_32186d8d86644d8a,CALL,SHORT,1.9345,103.7500,2026-08-21,1,0.3500
1512,ase_pt_32186d8d86644d8a,PUT,SHORT,5.6845,103.7500,2026-08-21,1,-0.3500
1513,ase_pt_8cea473fdd8847ee,CALL,SHORT,3.2547,100.3700,2026-08-21,1,0.5000
1514,ase_pt_8cea473fdd8847ee,CALL,LONG,4.5063,100.7400,2026-09-18,1,0.5000
1515,ase_pt_8cea473fdd8847ee,PUT,SHORT,3.6247,100.3700,2026-08-21,1,-0.5000
1516,ase_pt_8cea473fdd8847ee,PUT,LONG,5.2463,100.7400,2026-09-18,1,-0.5000
1517,ase_pt_44e3a8804a2a4988,CALL,LONG,2.1747,107.3800,2026-09-18,1,0.3000
1518,ase_pt_44e3a8804a2a4988,CALL,SHORT,0.9215,107.9100,2026-08-21,1,0.2000
1519,ase_pt_44e3a8804a2a4988,PUT,LONG,9.5547,107.3800,2026-09-18,1,-0.3000
1520,ase_pt_44e3a8804a2a4988,PUT,SHORT,8.8315,107.9100,2026-08-21,1,-0.2000
1521,ase_pt_713d53f998734c95,CALL,LONG,3.7847,99.2900,2026-08-21,1,0.5500
1522,ase_pt_713d53f998734c95,CALL,SHORT,3.2547,100.3700,2026-08-21,2,0.5000
1523,ase_pt_713d53f998734c95,CALL,LONG,2.7741,101.4600,2026-08-21,1,0.4500
1524,ase_pt_5949f93a17d240ae,PUT,LONG,3.0747,99.2900,2026-08-21,1,-0.5500
1525,ase_pt_5949f93a17d240ae,PUT,SHORT,3.6247,100.3700,2026-08-21,2,-0.5000
1526,ase_pt_5949f93a17d240ae,PUT,LONG,4.2341,101.4600,2026-08-21,1,-0.4500
1527,ase_pt_eae220cc91eb49ee,CALL,LONG,1.2286,106.3700,2026-08-21,1,0.2500
1528,ase_pt_eae220cc91eb49ee,CALL,SHORT,3.2547,100.3700,2026-08-21,1,0.5000
1529,ase_pt_eae220cc91eb49ee,PUT,SHORT,3.6247,100.3700,2026-08-21,1,-0.5000
1530,ase_pt_eae220cc91eb49ee,PUT,LONG,7.5986,106.3700,2026-08-21,1,-0.2500
1531,ase_pt_873fee4ef10f4d1e,CALL,LONG,3.7847,99.2900,2026-08-21,1,0.5500
1532,ase_pt_873fee4ef10f4d1e,CALL,SHORT,3.2547,100.3700,2026-08-21,2,0.5000
1533,ase_pt_873fee4ef10f4d1e,CALL,LONG,1.9345,103.7500,2026-08-21,1,0.3500
1534,ase_pt_6fbaf19c00b54f5a,PUT,LONG,3.0747,99.2900,2026-08-21,1,-0.5500
1535,ase_pt_6fbaf19c00b54f5a,PUT,SHORT,3.6247,100.3700,2026-08-21,2,-0.5000
1536,ase_pt_6fbaf19c00b54f5a,PUT,LONG,5.6845,103.7500,2026-08-21,1,-0.3500
1537,ase_pt_78d7474730e741f4,CALL,LONG,3.7847,99.2900,2026-08-21,1,0.5500
1538,ase_pt_78d7474730e741f4,CALL,SHORT,3.2547,100.3700,2026-08-21,3,0.5000
1539,ase_pt_78d7474730e741f4,CALL,LONG,2.3356,102.5800,2026-08-21,2,0.4000
1540,ase_pt_3e1833f415fd414f,CALL,LONG,3.7847,99.2900,2026-08-21,1,0.5500
1541,ase_pt_3e1833f415fd414f,CALL,SHORT,2.7741,101.4600,2026-08-21,2,0.4500
1542,ase_pt_3e1833f415fd414f,CALL,LONG,1.5664,105.0000,2026-08-21,1,0.3000
1543,ase_pt_d44e9670399c408a,CALL,LONG,5.0262,97.1000,2026-08-21,1,0.6500
1544,ase_pt_d44e9670399c408a,CALL,SHORT,3.2547,100.3700,2026-08-21,2,0.5000
1545,ase_pt_d44e9670399c408a,CALL,LONG,1.9345,103.7500,2026-08-21,1,0.3500
1546,ase_pt_f033ed36fcef4965,CALL,LONG,2.3356,102.5800,2026-08-21,1,0.4000
1547,ase_pt_9ac2841b15404bcd,PUT,LONG,4.9156,102.5800,2026-08-21,1,-0.4000
1548,ase_pt_2eb7fcfa021b40e9,CALL,LONG,17.3751,89.3800,2027-07-16,1,0.7000
1549,ase_pt_0410e0d5f8af4361,PUT,LONG,6.7551,89.3800,2027-07-16,1,-0.7000
1550,ase_pt_4e6c3823a6db41fb,CALL,LONG,7.6404,93.3600,2026-08-21,1,0.8000
1551,ase_pt_5cd9914d28294eaa,PUT,LONG,1.0004,93.3600,2026-08-21,1,-0.8000
1552,ase_pt_c9cf1e5947bb4752,CALL,LONG,17.3751,89.3800,2027-07-16,1,0.7000
1553,ase_pt_c9cf1e5947bb4752,CALL,SHORT,1.5664,105.0000,2026-08-21,1,0.3000
1554,ase_pt_145e7e156a714c6b,PUT,LONG,6.7551,89.3800,2027-07-16,1,-0.7000
1555,ase_pt_145e7e156a714c6b,PUT,SHORT,6.5664,105.0000,2026-08-21,1,-0.3000
1556,ase_pt_e66149ee488d4111,CALL,LONG,3.2547,100.3700,2026-08-21,1,0.5000
1557,ase_pt_e66149ee488d4111,CALL,SHORT,1.5664,105.0000,2026-08-21,1,0.3000
1558,ase_pt_5a6ff0d6be8e48cc,CALL,LONG,5.0262,97.1000,2026-08-21,1,0.6500
1559,ase_pt_5a6ff0d6be8e48cc,CALL,SHORT,3.2547,100.3700,2026-08-21,1,0.5000
1560,ase_pt_112c1a8d5dc94d21,CALL,LONG,1.9345,103.7500,2026-08-21,1,0.3500
1561,ase_pt_112c1a8d5dc94d21,CALL,SHORT,0.9215,107.9100,2026-08-21,1,0.2000
1562,ase_pt_9bf39c88fddc4d28,CALL,SHORT,1.9345,103.7500,2026-08-21,1,0.3500
1563,ase_pt_9bf39c88fddc4d28,CALL,LONG,0.9215,107.9100,2026-08-21,1,0.2000
1564,ase_pt_3364009d64af4768,CALL,SHORT,1.2286,106.3700,2026-08-21,1,0.2500
1565,ase_pt_3364009d64af4768,CALL,LONG,0.6432,109.7300,2026-08-21,1,0.1500
1566,ase_pt_4c06105a01794947,CALL,LONG,3.2547,100.3700,2026-08-21,1,0.5000
1567,ase_pt_4c06105a01794947,CALL,SHORT,2.3356,102.5800,2026-08-21,1,0.4000
1568,ase_pt_d6f552806c264371,CALL,LONG,3.2547,100.3700,2026-08-21,1,0.5000
1569,ase_pt_d6f552806c264371,CALL,SHORT,0.6432,109.7300,2026-08-21,1,0.1500
1570,ase_pt_f4ab0354b1194755,CALL,LONG,13.3288,96.9500,2027-07-16,1,0.6000
1571,ase_pt_f4ab0354b1194755,CALL,SHORT,6.0476,117.4200,2027-07-16,1,0.3500
1572,ase_pt_35adba2d503446d4,CALL,SHORT,1.5664,105.0000,2026-08-21,1,0.3000
1573,ase_pt_35adba2d503446d4,CALL,LONG,0.6432,109.7300,2026-08-21,1,0.1500
1574,ase_pt_f0718fd916934cfe,CALL,LONG,3.2547,100.3700,2026-08-21,1,0.5000
1575,ase_pt_f0718fd916934cfe,CALL,SHORT,2.1747,107.3800,2026-09-18,1,0.3000
1576,ase_pt_046547bd9a204f91,PUT,LONG,3.6247,100.3700,2026-08-21,1,-0.5000
1577,ase_pt_046547bd9a204f91,PUT,SHORT,6.5664,105.0000,2026-08-21,1,-0.3000
1578,ase_pt_cb4bcbf8a2d84d5f,PUT,LONG,2.1262,97.1000,2026-08-21,1,-0.6500
1579,ase_pt_cb4bcbf8a2d84d5f,PUT,SHORT,3.6247,100.3700,2026-08-21,1,-0.5000
1580,ase_pt_5d475d0436df49e3,PUT,LONG,5.6845,103.7500,2026-08-21,1,-0.3500
1581,ase_pt_5d475d0436df49e3,PUT,SHORT,8.8315,107.9100,2026-08-21,1,-0.2000
1582,ase_pt_90b15fbbc1784cbe,PUT,SHORT,5.6845,103.7500,2026-08-21,1,-0.3500
1583,ase_pt_90b15fbbc1784cbe,PUT,LONG,8.8315,107.9100,2026-08-21,1,-0.2000
1584,ase_pt_4a739bd10d40478e,PUT,SHORT,7.5986,106.3700,2026-08-21,1,-0.2500
1585,ase_pt_4a739bd10d40478e,PUT,LONG,10.3732,109.7300,2026-08-21,1,-0.1500
1586,ase_pt_adbf72e54bee4e93,PUT,LONG,3.6247,100.3700,2026-08-21,1,-0.5000
1587,ase_pt_adbf72e54bee4e93,PUT,SHORT,4.9156,102.5800,2026-08-21,1,-0.4000
1588,ase_pt_51aca08bd0af4f10,PUT,LONG,3.6247,100.3700,2026-08-21,1,-0.5000
1589,ase_pt_51aca08bd0af4f10,PUT,SHORT,10.3732,109.7300,2026-08-21,1,-0.1500
1590,ase_pt_25af5afd3fb64392,PUT,LONG,10.2788,96.9500,2027-07-16,1,-0.6000
1591,ase_pt_25af5afd3fb64392,PUT,SHORT,23.4676,117.4200,2027-07-16,1,-0.3500
1592,ase_pt_9718d1dd9d2d406c,PUT,SHORT,6.5664,105.0000,2026-08-21,1,-0.3000
1593,ase_pt_9718d1dd9d2d406c,PUT,LONG,10.3732,109.7300,2026-08-21,1,-0.1500
1594,ase_pt_b3196782bca54c2f,PUT,LONG,3.6247,100.3700,2026-08-21,1,-0.5000
1595,ase_pt_b3196782bca54c2f,PUT,SHORT,9.5547,107.3800,2026-09-18,1,-0.3000
1596,ase_pt_1a312a5f3dae490c,CALL,LONG,3.2547,100.3700,2026-08-21,1,0.5000
1597,ase_pt_1a312a5f3dae490c,CALL,SHORT,1.5664,105.0000,2026-08-21,1,0.3000
1598,ase_pt_1a312a5f3dae490c,PUT,SHORT,5.6845,103.7500,2026-08-21,1,-0.3500
1599,ase_pt_1a312a5f3dae490c,PUT,LONG,8.8315,107.9100,2026-08-21,1,-0.2000
1600,ase_pt_b78de49d410c4b6a,PUT,LONG,3.6247,100.3700,2026-08-21,1,-0.5000
1601,ase_pt_b78de49d410c4b6a,PUT,SHORT,6.5664,105.0000,2026-08-21,1,-0.3000
1602,ase_pt_b78de49d410c4b6a,CALL,SHORT,1.9345,103.7500,2026-08-21,1,0.3500
1603,ase_pt_b78de49d410c4b6a,CALL,LONG,0.9215,107.9100,2026-08-21,1,0.2000
1604,ase_pt_eaf300904a6b46b0,CALL,SHORT,3.2547,100.3700,2026-08-21,1,0.5000
1605,ase_pt_eaf300904a6b46b0,CALL,LONG,4.5063,100.7400,2026-09-18,1,0.5000
1606,ase_pt_9c7a74fa838e4e13,PUT,SHORT,3.6247,100.3700,2026-08-21,1,-0.5000
1607,ase_pt_9c7a74fa838e4e13,PUT,LONG,5.2463,100.7400,2026-09-18,1,-0.5000
1608,ase_pt_8b4dd53a96554dfd,CALL,SHORT,5.0262,97.1000,2026-08-21,1,0.6500
1609,ase_pt_8b4dd53a96554dfd,CALL,LONG,6.9385,96.1300,2026-09-18,1,0.6500
1610,ase_pt_1ecbc30e80024867,CALL,SHORT,1.5664,105.0000,2026-08-21,1,0.3000
1611,ase_pt_1ecbc30e80024867,CALL,LONG,2.1747,107.3800,2026-09-18,1,0.3000
1612,ase_pt_b0b1fcb3e5e440bf,CALL,SHORT,1.5664,105.0000,2026-08-21,1,0.3000
1613,ase_pt_b0b1fcb3e5e440bf,CALL,LONG,2.1747,107.3800,2026-09-18,1,0.3000
1614,ase_pt_b0b1fcb3e5e440bf,PUT,SHORT,6.5664,105.0000,2026-08-21,1,-0.3000
1615,ase_pt_b0b1fcb3e5e440bf,PUT,LONG,9.5547,107.3800,2026-09-18,1,-0.3000
1616,ase_pt_e94e06bd9ba64a13,CALL,SHORT,3.2547,100.3700,2026-08-21,1,0.5000
1617,ase_pt_e94e06bd9ba64a13,CALL,LONG,4.5063,100.7400,2026-09-18,1,0.5000
1618,ase_pt_9f6f3232705d4af8,CALL,SHORT,3.9381,100.5600,2026-09-18,1,0.5000
1619,ase_pt_9f6f3232705d4af8,CALL,LONG,10.0335,104.6000,2027-07-16,1,0.5000
1620,ase_pt_d9415203c20b46f6,PUT,SHORT,4.4981,100.5600,2026-09-18,1,-0.5000
1621,ase_pt_d9415203c20b46f6,PUT,LONG,14.6335,104.6000,2027-07-16,1,-0.5000
1622,ase_pt_12552ba816c647a6,CALL,LONG,4.5063,100.7400,2026-09-18,1,0.5000
1623,ase_pt_12552ba816c647a6,CALL,SHORT,1.5664,105.0000,2026-08-21,1,0.3000
1624,ase_pt_8c79bccb949e4c7e,CALL,LONG,6.0365,97.6900,2026-09-18,1,0.6000
1625,ase_pt_8c79bccb949e4c7e,CALL,SHORT,1.5664,105.0000,2026-08-21,1,0.3000
1626,ase_pt_4a733320cf6c430b,PUT,LONG,3.7265,97.6900,2026-09-18,1,-0.6000
1627,ase_pt_4a733320cf6c430b,PUT,SHORT,6.5664,105.0000,2026-08-21,1,-0.3000
1628,ase_pt_9c780403c45a475f,CALL,LONG,4.5063,100.7400,2026-09-18,1,0.5000
1629,ase_pt_9c780403c45a475f,CALL,SHORT,2.3356,102.5800,2026-08-21,1,0.4000
1630,ase_pt_95154129d2f04501,CALL,SHORT,4.5063,100.7400,2026-09-18,1,0.5000
1631,ase_pt_95154129d2f04501,CALL,LONG,1.5664,105.0000,2026-08-21,1,0.3000
1632,ase_pt_9d28f94eaeaf4126,CALL,LONG,2.6826,105.5800,2026-09-18,1,0.3500
1633,ase_pt_9d28f94eaeaf4126,CALL,SHORT,0.9215,107.9100,2026-08-21,1,0.2000
1634,ase_pt_9d28f94eaeaf4126,PUT,LONG,8.2626,105.5800,2026-09-18,1,-0.3500
1635,ase_pt_9d28f94eaeaf4126,PUT,SHORT,8.8315,107.9100,2026-08-21,1,-0.2000
1636,ase_pt_c66cffc7f7554a9e,CALL,LONG,17.3751,89.3800,2027-07-16,1,0.7000
1637,ase_pt_c66cffc7f7554a9e,CALL,SHORT,1.5664,105.0000,2026-08-21,1,0.3000
1638,ase_pt_685e2dc764044b0a,PUT,LONG,6.7551,89.3800,2027-07-16,1,-0.7000
1639,ase_pt_685e2dc764044b0a,PUT,SHORT,6.5664,105.0000,2026-08-21,1,-0.3000
1640,ase_pt_abd22434ae404043,CALL,LONG,4.5063,100.7400,2026-09-18,1,0.5000
1641,ase_pt_abd22434ae404043,CALL,SHORT,2.3356,102.5800,2026-08-21,1,0.4000
1642,ase_pt_071dfaed07c840a7,CALL,LONG,4.5063,100.7400,2026-09-18,1,0.5000
1643,ase_pt_071dfaed07c840a7,CALL,SHORT,0.9215,107.9100,2026-08-21,1,0.2000
1644,ase_pt_f02c2b0e4ea846d5,PUT,LONG,5.2463,100.7400,2026-09-18,1,-0.5000
1645,ase_pt_f02c2b0e4ea846d5,PUT,SHORT,8.8315,107.9100,2026-08-21,1,-0.2000
1646,ase_pt_ad40ee17f4b24319,CALL,LONG,4.5063,100.7400,2026-09-18,1,0.5000
1647,ase_pt_ad40ee17f4b24319,CALL,SHORT,3.2547,100.3700,2026-08-21,1,0.5000
1648,ase_pt_ad40ee17f4b24319,PUT,LONG,5.2463,100.7400,2026-09-18,1,-0.5000
1649,ase_pt_ad40ee17f4b24319,PUT,SHORT,3.6247,100.3700,2026-08-21,1,-0.5000
1650,ase_pt_25c87bb09bcb4d9e,CALL,LONG,7.2678,97.3700,2026-10-16,1,0.6000
1651,ase_pt_25c87bb09bcb4d9e,CALL,SHORT,1.5664,105.0000,2026-08-21,1,0.3000
1652,ase_pt_a177f80b7b324348,CALL,LONG,3.2547,100.3700,2026-08-21,1,0.5000
1653,ase_pt_a177f80b7b324348,PUT,LONG,3.6247,100.3700,2026-08-21,1,-0.5000
1654,ase_pt_5f73e4e368ee4c19,CALL,LONG,1.2286,106.3700,2026-08-21,1,0.2500
1655,ase_pt_5f73e4e368ee4c19,PUT,LONG,7.5986,106.3700,2026-08-21,1,-0.2500
1656,ase_pt_0dc66601fbd449ff,CALL,LONG,3.2547,100.3700,2026-08-21,2,0.5000
1657,ase_pt_0dc66601fbd449ff,PUT,LONG,3.6247,100.3700,2026-08-21,1,-0.5000
1658,ase_pt_693ad4c178f244e6,CALL,LONG,3.2547,100.3700,2026-08-21,1,0.5000
1659,ase_pt_693ad4c178f244e6,PUT,LONG,3.6247,100.3700,2026-08-21,2,-0.5000
1660,ase_pt_9ad847fa6c644d6e,CALL,SHORT,3.2547,100.3700,2026-08-21,1,0.5000
1661,ase_pt_9ad847fa6c644d6e,PUT,SHORT,3.6247,100.3700,2026-08-21,1,-0.5000
1662,ase_pt_9ad847fa6c644d6e,CALL,LONG,0.9215,107.9100,2026-08-21,1,0.2000
1663,ase_pt_9ad847fa6c644d6e,PUT,LONG,8.8315,107.9100,2026-08-21,1,-0.2000
1664,ase_pt_9304bdbefbc643c7,CALL,LONG,3.2547,100.3700,2026-08-21,2,0.5000
1665,ase_pt_9304bdbefbc643c7,PUT,LONG,3.6247,100.3700,2026-08-21,2,-0.5000
1666,ase_pt_9304bdbefbc643c7,CALL,SHORT,1.9345,103.7500,2026-08-21,1,0.3500
1667,ase_pt_9304bdbefbc643c7,PUT,SHORT,5.6845,103.7500,2026-08-21,1,-0.3500
1668,ase_pt_4bc71f3c83f84bc1,CALL,SHORT,3.2547,100.3700,2026-08-21,1,0.5000
1669,ase_pt_4bc71f3c83f84bc1,CALL,LONG,4.5063,100.7400,2026-09-18,1,0.5000
1670,ase_pt_4bc71f3c83f84bc1,PUT,SHORT,3.6247,100.3700,2026-08-21,1,-0.5000
1671,ase_pt_4bc71f3c83f84bc1,PUT,LONG,5.2463,100.7400,2026-09-18,1,-0.5000
1672,ase_pt_971b825f23974ec3,CALL,LONG,2.1747,107.3800,2026-09-18,1,0.3000
1673,ase_pt_971b825f23974ec3,CALL,SHORT,0.9215,107.9100,2026-08-21,1,0.2000
1674,ase_pt_971b825f23974ec3,PUT,LONG,9.5547,107.3800,2026-09-18,1,-0.3000
1675,ase_pt_971b825f23974ec3,PUT,SHORT,8.8315,107.9100,2026-08-21,1,-0.2000
1676,ase_pt_23883886b1684ced,CALL,LONG,3.7847,99.2900,2026-08-21,1,0.5500
1677,ase_pt_23883886b1684ced,CALL,SHORT,3.2547,100.3700,2026-08-21,2,0.5000
1678,ase_pt_23883886b1684ced,CALL,LONG,2.7741,101.4600,2026-08-21,1,0.4500
1679,ase_pt_7fdb187c20744630,PUT,LONG,3.0747,99.2900,2026-08-21,1,-0.5500
1680,ase_pt_7fdb187c20744630,PUT,SHORT,3.6247,100.3700,2026-08-21,2,-0.5000
1681,ase_pt_7fdb187c20744630,PUT,LONG,4.2341,101.4600,2026-08-21,1,-0.4500
1682,ase_pt_75bb9bbffddc42a9,CALL,LONG,1.2286,106.3700,2026-08-21,1,0.2500
1683,ase_pt_75bb9bbffddc42a9,CALL,SHORT,3.2547,100.3700,2026-08-21,1,0.5000
1684,ase_pt_75bb9bbffddc42a9,PUT,SHORT,3.6247,100.3700,2026-08-21,1,-0.5000
1685,ase_pt_75bb9bbffddc42a9,PUT,LONG,7.5986,106.3700,2026-08-21,1,-0.2500
1686,ase_pt_48c41c48d3a14ba2,CALL,LONG,3.7847,99.2900,2026-08-21,1,0.5500
1687,ase_pt_48c41c48d3a14ba2,CALL,SHORT,3.2547,100.3700,2026-08-21,2,0.5000
1688,ase_pt_48c41c48d3a14ba2,CALL,LONG,1.9345,103.7500,2026-08-21,1,0.3500
1689,ase_pt_f13c06fdca6c4252,PUT,LONG,3.0747,99.2900,2026-08-21,1,-0.5500
1690,ase_pt_f13c06fdca6c4252,PUT,SHORT,3.6247,100.3700,2026-08-21,2,-0.5000
1691,ase_pt_f13c06fdca6c4252,PUT,LONG,5.6845,103.7500,2026-08-21,1,-0.3500
1692,ase_pt_0b933a575f704d7e,CALL,LONG,3.7847,99.2900,2026-08-21,1,0.5500
1693,ase_pt_0b933a575f704d7e,CALL,SHORT,3.2547,100.3700,2026-08-21,3,0.5000
1694,ase_pt_0b933a575f704d7e,CALL,LONG,2.3356,102.5800,2026-08-21,2,0.4000
1695,ase_pt_ddaaad97b7254e99,CALL,LONG,3.7847,99.2900,2026-08-21,1,0.5500
1696,ase_pt_ddaaad97b7254e99,CALL,SHORT,2.7741,101.4600,2026-08-21,2,0.4500
1697,ase_pt_ddaaad97b7254e99,CALL,LONG,1.5664,105.0000,2026-08-21,1,0.3000
1698,ase_pt_857897d4d0ff4f19,CALL,LONG,5.0262,97.1000,2026-08-21,1,0.6500
1699,ase_pt_857897d4d0ff4f19,CALL,SHORT,3.2547,100.3700,2026-08-21,2,0.5000
1700,ase_pt_857897d4d0ff4f19,CALL,LONG,1.9345,103.7500,2026-08-21,1,0.3500
1701,ase_pt_758e90c2983f47df,CALL,LONG,3.4592,99.9400,2026-08-21,1,0.5200
1702,ase_pt_758e90c2983f47df,CALL,SHORT,3.2547,100.3700,2026-08-21,2,0.5000
1703,ase_pt_758e90c2983f47df,CALL,LONG,3.0586,100.8000,2026-08-21,1,0.4800
1704,ase_pt_19fd1a1afed14598,CALL,LONG,3.7847,99.2900,2026-08-21,1,0.5500
1705,ase_pt_19fd1a1afed14598,CALL,SHORT,3.2547,100.3700,2026-08-21,2,0.5000
1706,ase_pt_19fd1a1afed14598,CALL,LONG,2.7741,101.4600,2026-08-21,1,0.4500
1707,ase_pt_19fd1a1afed14598,PUT,LONG,3.0747,99.2900,2026-08-21,1,-0.5500
1708,ase_pt_19fd1a1afed14598,PUT,SHORT,3.6247,100.3700,2026-08-21,2,-0.5000
1709,ase_pt_19fd1a1afed14598,PUT,LONG,4.2341,101.4600,2026-08-21,1,-0.4500
1710,ase_pt_a1d17b4de5fb4ab9,CALL,LONG,4.5063,100.7400,2026-09-18,1,0.5000
1711,ase_pt_a1d17b4de5fb4ab9,CALL,SHORT,3.2547,100.3700,2026-08-21,2,0.5000
1712,ase_pt_a1d17b4de5fb4ab9,CALL,LONG,5.4274,101.1200,2026-10-16,1,0.5000
1713,ase_pt_69d1459f2919466e,CALL,LONG,3.7847,99.2900,2026-08-21,1,0.5500
1714,ase_pt_69d1459f2919466e,CALL,SHORT,3.2547,100.3700,2026-08-21,2,0.5000
1715,ase_pt_69d1459f2919466e,CALL,LONG,2.3356,102.5800,2026-08-21,1,0.4000
1716,ase_pt_e1b41c6235bb41f8,PUT,LONG,10.3732,109.7300,2026-08-21,1,-0.1500
1717,ase_pt_e1b41c6235bb41f8,PUT,SHORT,6.5664,105.0000,2026-08-21,1,-0.3000
1718,ase_pt_e1b41c6235bb41f8,CALL,SHORT,1.5664,105.0000,2026-08-21,1,0.3000
1719,ase_pt_e1b41c6235bb41f8,CALL,LONG,0.6432,109.7300,2026-08-21,1,0.1500
1720,ase_pt_2611a56fa69b4883,PUT,LONG,8.8315,107.9100,2026-08-21,1,-0.2000
1721,ase_pt_2611a56fa69b4883,PUT,SHORT,5.6845,103.7500,2026-08-21,1,-0.3500
1722,ase_pt_2611a56fa69b4883,CALL,SHORT,1.9345,103.7500,2026-08-21,1,0.3500
1723,ase_pt_2611a56fa69b4883,CALL,LONG,0.9215,107.9100,2026-08-21,1,0.2000
1724,ase_pt_7551bc0b96784b8d,PUT,LONG,13.5617,113.2600,2026-08-21,1,-0.0800
1725,ase_pt_7551bc0b96784b8d,PUT,SHORT,8.8315,107.9100,2026-08-21,1,-0.2000
1726,ase_pt_7551bc0b96784b8d,CALL,SHORT,0.9215,107.9100,2026-08-21,1,0.2000
1727,ase_pt_7551bc0b96784b8d,CALL,LONG,0.3017,113.2600,2026-08-21,1,0.0800
1728,ase_pt_06edc199b341480c,PUT,SHORT,10.3732,109.7300,2026-08-21,1,-0.1500
1729,ase_pt_06edc199b341480c,PUT,LONG,6.5664,105.0000,2026-08-21,1,-0.3000
1730,ase_pt_06edc199b341480c,CALL,LONG,1.5664,105.0000,2026-08-21,1,0.3000
1731,ase_pt_06edc199b341480c,CALL,SHORT,0.6432,109.7300,2026-08-21,1,0.1500
1732,ase_pt_c13e4aa9be584415,PUT,LONG,12.4628,112.0700,2026-08-21,1,-0.1000
1733,ase_pt_c13e4aa9be584415,PUT,SHORT,7.5986,106.3700,2026-08-21,1,-0.2500
1734,ase_pt_c13e4aa9be584415,CALL,SHORT,1.5664,105.0000,2026-08-21,1,0.3000
1735,ase_pt_c13e4aa9be584415,CALL,LONG,0.9215,107.9100,2026-08-21,1,0.2000
1736,ase_pt_8f40bc8450a040f2,PUT,LONG,12.4628,112.0700,2026-08-21,1,-0.1000
1737,ase_pt_8f40bc8450a040f2,PUT,SHORT,8.8315,107.9100,2026-08-21,1,-0.2000
1738,ase_pt_8f40bc8450a040f2,CALL,SHORT,1.9345,103.7500,2026-08-21,1,0.3500
1739,ase_pt_8f40bc8450a040f2,CALL,LONG,0.9215,107.9100,2026-08-21,1,0.2000
1740,ase_pt_937913978a7345bf,PUT,LONG,12.4628,112.0700,2026-08-21,1,-0.1000
1741,ase_pt_937913978a7345bf,PUT,SHORT,7.5986,106.3700,2026-08-21,1,-0.2500
1742,ase_pt_937913978a7345bf,CALL,SHORT,1.2286,106.3700,2026-08-21,1,0.2500
1743,ase_pt_937913978a7345bf,CALL,LONG,0.3928,112.0700,2026-08-21,1,0.1000
1744,ase_pt_937913978a7345bf,PUT,LONG,6.5664,105.0000,2026-08-21,1,-0.3000
1745,ase_pt_937913978a7345bf,PUT,SHORT,4.9156,102.5800,2026-08-21,1,-0.4000
1746,ase_pt_937913978a7345bf,CALL,SHORT,2.3356,102.5800,2026-08-21,1,0.4000
1747,ase_pt_937913978a7345bf,CALL,LONG,1.5664,105.0000,2026-08-21,1,0.3000
1748,ase_pt_f44fe45a5946442a,PUT,LONG,8.8315,107.9100,2026-08-21,1,-0.2000
1749,ase_pt_f44fe45a5946442a,PUT,SHORT,5.6845,103.7500,2026-08-21,1,-0.3500
1750,ase_pt_f44fe45a5946442a,CALL,SHORT,1.2286,106.3700,2026-08-21,1,0.2500
1751,ase_pt_f44fe45a5946442a,CALL,LONG,0.3928,112.0700,2026-08-21,1,0.1000
1752,ase_pt_458f750d5f74431b,PUT,LONG,10.3732,109.7300,2026-08-21,1,-0.1500
1753,ase_pt_458f750d5f74431b,PUT,SHORT,6.5664,105.0000,2026-08-21,1,-0.3000
1754,ase_pt_458f750d5f74431b,CALL,SHORT,1.5664,105.0000,2026-08-21,1,0.3000
1755,ase_pt_458f750d5f74431b,CALL,LONG,0.6432,109.7300,2026-08-21,1,0.1500
1756,ase_pt_01cb82e33a8c4e04,PUT,LONG,12.4628,112.0700,2026-08-21,1,-0.1000
1757,ase_pt_01cb82e33a8c4e04,PUT,SHORT,7.5986,106.3700,2026-08-21,1,-0.2500
1758,ase_pt_01cb82e33a8c4e04,CALL,SHORT,1.2286,106.3700,2026-08-21,1,0.2500
1759,ase_pt_01cb82e33a8c4e04,CALL,LONG,0.3928,112.0700,2026-08-21,1,0.1000
1760,ase_pt_bfcbb0e9be454d9a,PUT,LONG,12.4628,112.0700,2026-08-21,1,-0.1000
1761,ase_pt_bfcbb0e9be454d9a,PUT,SHORT,8.8315,107.9100,2026-08-21,1,-0.2000
1762,ase_pt_bfcbb0e9be454d9a,CALL,SHORT,0.9215,107.9100,2026-08-21,1,0.2000
1763,ase_pt_bfcbb0e9be454d9a,CALL,LONG,0.3928,112.0700,2026-08-21,1,0.1000
1764,ase_pt_856dbff788e84c4c,PUT,SHORT,3.6247,100.3700,2026-08-21,1,-0.5000
1765,ase_pt_856dbff788e84c4c,CALL,SHORT,3.2547,100.3700,2026-08-21,1,0.5000
1766,ase_pt_856dbff788e84c4c,PUT,LONG,10.3732,109.7300,2026-08-21,1,-0.1500
1767,ase_pt_856dbff788e84c4c,CALL,LONG,0.6432,109.7300,2026-08-21,1,0.1500
1768,ase_pt_a14c917b2b5f4bac,CALL,SHORT,3.2547,100.3700,2026-08-21,1,0.5000
1769,ase_pt_a14c917b2b5f4bac,CALL,LONG,1.5664,105.0000,2026-08-21,2,0.3000
1770,ase_pt_19ab29c2e07f4f23,PUT,SHORT,3.6247,100.3700,2026-08-21,1,-0.5000
1771,ase_pt_19ab29c2e07f4f23,PUT,LONG,6.5664,105.0000,2026-08-21,2,-0.3000
1772,ase_pt_9e412b9c46f64e91,CALL,LONG,3.7847,99.2900,2026-08-21,1,0.5500
1773,ase_pt_9e412b9c46f64e91,CALL,SHORT,1.9345,103.7500,2026-08-21,2,0.3500
1774,ase_pt_9e412b9c46f64e91,CALL,LONG,0.9215,107.9100,2026-08-21,1,0.2000
1775,ase_pt_d5cd7abcf3714a9e,PUT,LONG,3.0747,99.2900,2026-08-21,1,-0.5500
1776,ase_pt_d5cd7abcf3714a9e,PUT,SHORT,5.6845,103.7500,2026-08-21,2,-0.3500
1777,ase_pt_d5cd7abcf3714a9e,PUT,LONG,8.8315,107.9100,2026-08-21,1,-0.2000
1778,ase_pt_5d288026450343df,PUT,SHORT,6.5664,105.0000,2026-08-21,1,-0.3000
1779,ase_pt_5d288026450343df,PUT,LONG,10.3732,109.7300,2026-08-21,1,-0.1500
1780,ase_pt_5d288026450343df,CALL,SHORT,1.5664,105.0000,2026-08-21,1,0.3000
1781,ase_pt_5d288026450343df,CALL,LONG,0.6432,109.7300,2026-08-21,1,0.1500
1782,ase_pt_471b2b947e7240f9,CALL,LONG,0.9215,107.9100,2026-08-21,1,0.2000
1783,ase_pt_471b2b947e7240f9,CALL,SHORT,3.2547,100.3700,2026-08-21,1,0.5000
1784,ase_pt_471b2b947e7240f9,PUT,SHORT,3.6247,100.3700,2026-08-21,1,-0.5000
1785,ase_pt_471b2b947e7240f9,PUT,LONG,8.8315,107.9100,2026-08-21,1,-0.2000
1786,ase_pt_efb8edaa521b47e8,CALL,SHORT,0.9215,107.9100,2026-08-21,1,0.2000
1787,ase_pt_efb8edaa521b47e8,CALL,LONG,3.2547,100.3700,2026-08-21,1,0.5000
1788,ase_pt_efb8edaa521b47e8,PUT,LONG,3.6247,100.3700,2026-08-21,1,-0.5000
1789,ase_pt_efb8edaa521b47e8,PUT,SHORT,8.8315,107.9100,2026-08-21,1,-0.2000
1790,ase_pt_c1e850d101f94cfc,PUT,LONG,12.4628,112.0700,2026-08-21,1,-0.1000
1791,ase_pt_c1e850d101f94cfc,PUT,SHORT,15.7942,115.6200,2026-08-21,1,-0.0500
1792,ase_pt_c1c2c821260347b3,PUT,LONG,10.3732,109.7300,2026-08-21,1,-0.1500
1793,ase_pt_c1c2c821260347b3,PUT,SHORT,15.7942,115.6200,2026-08-21,1,-0.0500
1794,ase_pt_102122e7c9aa4c81,CALL,LONG,3.2547,100.3700,2026-08-21,1,0.5000
1795,ase_pt_102122e7c9aa4c81,CALL,SHORT,1.5664,105.0000,2026-08-21,1,0.3000
1796,ase_pt_102122e7c9aa4c81,PUT,SHORT,6.5664,105.0000,2026-08-21,1,-0.3000
1797,ase_pt_102122e7c9aa4c81,PUT,LONG,10.3732,109.7300,2026-08-21,1,-0.1500
1798,ase_pt_da861c9b34664bdb,CALL,SHORT,1.9345,103.7500,2026-08-21,1,0.3500
1799,ase_pt_da861c9b34664bdb,PUT,SHORT,5.6845,103.7500,2026-08-21,1,-0.3500
1800,ase_pt_da861c9b34664bdb,CALL,LONG,0.6432,109.7300,2026-08-21,1,0.1500
1801,ase_pt_da861c9b34664bdb,PUT,LONG,10.3732,109.7300,2026-08-21,1,-0.1500
1802,ase_pt_c5fdce8b34414e05,CALL,LONG,3.2547,100.3700,2026-08-21,1,0.5000
1803,ase_pt_c5fdce8b34414e05,PUT,LONG,3.6247,100.3700,2026-08-21,1,-0.5000
1804,ase_pt_afb8e8c13d074159,CALL,LONG,4.5063,100.7400,2026-09-18,1,0.5000
1805,ase_pt_afb8e8c13d074159,CALL,SHORT,3.2547,100.3700,2026-08-21,1,0.5000
1806,ase_pt_1bc8f735bf054b14,CALL,LONG,3.2547,100.3700,2026-08-21,1,0.5000
1807,ase_pt_1bc8f735bf054b14,PUT,LONG,3.6247,100.3700,2026-08-21,1,-0.5000
1808,ase_pt_e765019aac214b30,CALL,LONG,1.2286,106.3700,2026-08-21,1,0.2500
1809,ase_pt_e765019aac214b30,PUT,LONG,7.5986,106.3700,2026-08-21,1,-0.2500
1810,ase_pt_11a533f7ddb84c21,CALL,LONG,3.7847,99.2900,2026-08-21,1,0.5500
1811,ase_pt_11a533f7ddb84c21,CALL,SHORT,3.2547,100.3700,2026-08-21,2,0.5000
1812,ase_pt_11a533f7ddb84c21,CALL,LONG,2.3356,102.5800,2026-08-21,1,0.4000
1813,ase_pt_44733944cf074383,PUT,LONG,12.4628,112.0700,2026-08-21,1,-0.1000
1814,ase_pt_44733944cf074383,PUT,SHORT,7.5986,106.3700,2026-08-21,1,-0.2500
1815,ase_pt_44733944cf074383,CALL,SHORT,1.2286,106.3700,2026-08-21,1,0.2500
1816,ase_pt_44733944cf074383,CALL,LONG,0.3928,112.0700,2026-08-21,1,0.1000
1817,ase_pt_87f340e043e5485d,CALL,LONG,4.5063,100.7400,2026-09-18,1,0.5000
1818,ase_pt_87f340e043e5485d,CALL,SHORT,3.2547,100.3700,2026-08-21,1,0.5000
1819,ase_pt_f3bb6a0a294543f3,PUT,LONG,10.3732,109.7300,2026-08-21,1,-0.1500
1820,ase_pt_f3bb6a0a294543f3,PUT,SHORT,6.5664,105.0000,2026-08-21,1,-0.3000
1821,ase_pt_f3bb6a0a294543f3,CALL,SHORT,1.5664,105.0000,2026-08-21,1,0.3000
1822,ase_pt_f3bb6a0a294543f3,CALL,LONG,0.6432,109.7300,2026-08-21,1,0.1500
1823,ase_pt_f1c574b9890e4d08,CALL,LONG,3.2547,100.3700,2026-08-21,1,0.5000
1824,ase_pt_f1c574b9890e4d08,CALL,SHORT,1.5664,105.0000,2026-08-21,1,0.3000
1825,ase_pt_7c3c312e45784293,CALL,LONG,3.7847,99.2900,2026-08-21,1,0.5500
1826,ase_pt_7c3c312e45784293,CALL,SHORT,3.2547,100.3700,2026-08-21,2,0.5000
1827,ase_pt_7c3c312e45784293,CALL,LONG,2.7741,101.4600,2026-08-21,1,0.4500
1828,ase_pt_8866dcbf077e4891,CALL,LONG,0.9215,107.9100,2026-08-21,1,0.2000
1829,ase_pt_8866dcbf077e4891,CALL,SHORT,3.2547,100.3700,2026-08-21,1,0.5000
1830,ase_pt_8866dcbf077e4891,PUT,SHORT,3.6247,100.3700,2026-08-21,1,-0.5000
1831,ase_pt_8866dcbf077e4891,PUT,LONG,8.8315,107.9100,2026-08-21,1,-0.2000
1832,ase_pt_ae94e90407ed4ee8,PUT,LONG,12.4628,112.0700,2026-08-21,1,-0.1000
1833,ase_pt_ae94e90407ed4ee8,PUT,SHORT,8.8315,107.9100,2026-08-21,1,-0.2000
1834,ase_pt_ae94e90407ed4ee8,CALL,SHORT,0.9215,107.9100,2026-08-21,1,0.2000
1835,ase_pt_ae94e90407ed4ee8,CALL,LONG,0.3928,112.0700,2026-08-21,1,0.1000
1836,ase_pt_6e3199cc0c054c4a,CALL,LONG,0.9215,107.9100,2026-08-21,1,0.2000
1837,ase_pt_6e3199cc0c054c4a,PUT,LONG,8.8315,107.9100,2026-08-21,1,-0.2000
1838,ase_pt_82b4b4830f9b44d1,PUT,LONG,6.5664,105.0000,2026-08-21,1,-0.3000
1839,ase_pt_82b4b4830f9b44d1,PUT,SHORT,12.4628,112.0700,2026-08-21,1,-0.1000
1840,ase_pt_085f5f6f88514de6,CALL,LONG,1.0929,105.0000,2026-08-07,1,0.4000
1841,ase_pt_f850c3bdc79c409b,CALL,LONG,4.4890,98.0000,2026-08-21,1,0.5800
1842,ase_pt_f850c3bdc79c409b,CALL,SHORT,1.8561,104.0000,2026-08-21,1,0.3800
1843,ase_pt_e0d7f801595e436e,PUT,LONG,0.5665,91.0000,2026-08-21,1,-0.1500
1844,ase_pt_e0d7f801595e436e,PUT,SHORT,1.4216,95.0000,2026-08-21,1,-0.2800
1845,ase_pt_e0d7f801595e436e,CALL,SHORT,1.5664,105.0000,2026-08-21,1,0.2800
1846,ase_pt_e0d7f801595e436e,CALL,LONG,0.7449,109.0000,2026-08-21,1,0.1500
1847,ase_pt_5512d71f7e0c419d,CALL,LONG,5.0882,97.0000,2026-08-21,1,0.6000
1848,ase_pt_5512d71f7e0c419d,CALL,SHORT,2.5558,102.0000,2026-08-21,1,0.4500
1849,ase_pt_5512d71f7e0c419d,CALL,LONG,2.1851,103.0000,2026-08-21,1,0.4200
1850,ase_pt_5512d71f7e0c419d,CALL,SHORT,0.9057,108.0000,2026-08-21,1,0.1800
1851,ase_pt_5512d71f7e0c419d,PUT,LONG,3.4301,100.0000,2026-08-21,1,-0.5000
1852,ase_pt_9193accc15f84997,CALL,LONG,5.7329,96.0000,2026-08-21,1,0.6300
1853,ase_pt_9193accc15f84997,CALL,SHORT,3.4301,100.0000,2026-08-21,2,0.5000
1854,ase_pt_9193accc15f84997,CALL,LONG,1.8561,104.0000,2026-08-21,1,0.3800
1855,ase_pt_9193accc15f84997,PUT,LONG,5.8561,104.0000,2026-08-21,1,-0.6200
1856,ase_pt_9193accc15f84997,PUT,SHORT,3.4301,100.0000,2026-08-21,2,-0.5000
1857,ase_pt_9193accc15f84997,PUT,LONG,1.7329,96.0000,2026-08-21,1,-0.3700
1858,ase_pt_0910e43b7e134256,PUT,LONG,0.1781,87.0000,2026-08-21,1,-0.0900
1859,ase_pt_0910e43b7e134256,PUT,SHORT,0.7278,92.0000,2026-08-21,1,-0.1800
1860,ase_pt_0910e43b7e134256,CALL,SHORT,0.9057,108.0000,2026-08-21,1,0.1800
1861,ase_pt_0910e43b7e134256,CALL,LONG,0.3198,113.0000,2026-08-21,1,0.1000
1862,ase_pt_0910e43b7e134256,PUT,LONG,0.9219,93.0000,2026-08-21,1,-0.2000
1863,ase_pt_0910e43b7e134256,PUT,SHORT,2.4890,98.0000,2026-08-21,1,-0.4200
1864,ase_pt_0910e43b7e134256,CALL,SHORT,2.5558,102.0000,2026-08-21,1,0.4500
1865,ase_pt_0910e43b7e134256,CALL,LONG,1.0942,107.0000,2026-08-21,1,0.2200
1866,ase_pt_d65d6f9ae7c349d2,CALL,LONG,2.3356,102.5800,2026-08-21,1,0.4000
1867,ase_pt_32ac03879c054b1d,PUT,LONG,4.9156,102.5800,2026-08-21,1,-0.4000
1868,ase_pt_b52bfbe48bc7409c,CALL,LONG,17.3751,89.3800,2027-07-16,1,0.7000
1869,ase_pt_1ea1196300224d4b,PUT,LONG,6.7551,89.3800,2027-07-16,1,-0.7000
1870,ase_pt_6c35449f5e404fff,CALL,LONG,7.6404,93.3600,2026-08-21,1,0.8000
1871,ase_pt_2c74697a3b3b4846,PUT,LONG,1.0004,93.3600,2026-08-21,1,-0.8000
1872,ase_pt_835d7f1f28f84c85,CALL,LONG,17.3751,89.3800,2027-07-16,1,0.7000
1873,ase_pt_835d7f1f28f84c85,CALL,SHORT,1.5664,105.0000,2026-08-21,1,0.3000
1874,ase_pt_b19c89664d8d4c91,PUT,LONG,6.7551,89.3800,2027-07-16,1,-0.7000
1875,ase_pt_b19c89664d8d4c91,PUT,SHORT,6.5664,105.0000,2026-08-21,1,-0.3000
1876,ase_pt_c10d6a979ce8484c,CALL,LONG,3.2547,100.3700,2026-08-21,1,0.5000
1877,ase_pt_c10d6a979ce8484c,CALL,SHORT,1.5664,105.0000,2026-08-21,1,0.3000
1878,ase_pt_8dc0c46744d64953,CALL,LONG,5.0262,97.1000,2026-08-21,1,0.6500
1879,ase_pt_8dc0c46744d64953,CALL,SHORT,3.2547,100.3700,2026-08-21,1,0.5000
1880,ase_pt_e27c631c24c34820,CALL,LONG,1.9345,103.7500,2026-08-21,1,0.3500
1881,ase_pt_e27c631c24c34820,CALL,SHORT,0.9215,107.9100,2026-08-21,1,0.2000
1882,ase_pt_7973611a7c8d4405,CALL,SHORT,1.9345,103.7500,2026-08-21,1,0.3500
1883,ase_pt_7973611a7c8d4405,CALL,LONG,0.9215,107.9100,2026-08-21,1,0.2000
1884,ase_pt_78a93830b36e4989,CALL,SHORT,1.2286,106.3700,2026-08-21,1,0.2500
1885,ase_pt_78a93830b36e4989,CALL,LONG,0.6432,109.7300,2026-08-21,1,0.1500
1886,ase_pt_40a66873201c42c8,CALL,LONG,3.2547,100.3700,2026-08-21,1,0.5000
1887,ase_pt_40a66873201c42c8,CALL,SHORT,2.3356,102.5800,2026-08-21,1,0.4000
1888,ase_pt_6cbd35962d814902,CALL,LONG,3.2547,100.3700,2026-08-21,1,0.5000
1889,ase_pt_6cbd35962d814902,CALL,SHORT,0.6432,109.7300,2026-08-21,1,0.1500
1890,ase_pt_90ec6ab58d4a433f,CALL,LONG,13.3288,96.9500,2027-07-16,1,0.6000
1891,ase_pt_90ec6ab58d4a433f,CALL,SHORT,6.0476,117.4200,2027-07-16,1,0.3500
1892,ase_pt_745a857919564dfc,CALL,SHORT,1.5664,105.0000,2026-08-21,1,0.3000
1893,ase_pt_745a857919564dfc,CALL,LONG,0.6432,109.7300,2026-08-21,1,0.1500
1894,ase_pt_952d56fbc7614422,CALL,LONG,3.2547,100.3700,2026-08-21,1,0.5000
1895,ase_pt_952d56fbc7614422,CALL,SHORT,2.1747,107.3800,2026-09-18,1,0.3000
1896,ase_pt_36e8e261e3e1469f,PUT,LONG,3.6247,100.3700,2026-08-21,1,-0.5000
1897,ase_pt_36e8e261e3e1469f,PUT,SHORT,6.5664,105.0000,2026-08-21,1,-0.3000
1898,ase_pt_5b47757a95a44adf,PUT,LONG,2.1262,97.1000,2026-08-21,1,-0.6500
1899,ase_pt_5b47757a95a44adf,PUT,SHORT,3.6247,100.3700,2026-08-21,1,-0.5000
1900,ase_pt_4ee635f1de7648c7,PUT,LONG,5.6845,103.7500,2026-08-21,1,-0.3500
1901,ase_pt_4ee635f1de7648c7,PUT,SHORT,8.8315,107.9100,2026-08-21,1,-0.2000
1902,ase_pt_24a77f31cca74e21,PUT,SHORT,5.6845,103.7500,2026-08-21,1,-0.3500
1903,ase_pt_24a77f31cca74e21,PUT,LONG,8.8315,107.9100,2026-08-21,1,-0.2000
1904,ase_pt_45c6ec985311418b,PUT,SHORT,7.5986,106.3700,2026-08-21,1,-0.2500
1905,ase_pt_45c6ec985311418b,PUT,LONG,10.3732,109.7300,2026-08-21,1,-0.1500
1906,ase_pt_11864dfe6e164f25,PUT,LONG,3.6247,100.3700,2026-08-21,1,-0.5000
1907,ase_pt_11864dfe6e164f25,PUT,SHORT,4.9156,102.5800,2026-08-21,1,-0.4000
1908,ase_pt_f57567ca8d45430f,PUT,LONG,3.6247,100.3700,2026-08-21,1,-0.5000
1909,ase_pt_f57567ca8d45430f,PUT,SHORT,10.3732,109.7300,2026-08-21,1,-0.1500
1910,ase_pt_d69231f049ab4610,PUT,LONG,10.2788,96.9500,2027-07-16,1,-0.6000
1911,ase_pt_d69231f049ab4610,PUT,SHORT,23.4676,117.4200,2027-07-16,1,-0.3500
1912,ase_pt_f3ac3c34466c4fa7,PUT,SHORT,6.5664,105.0000,2026-08-21,1,-0.3000
1913,ase_pt_f3ac3c34466c4fa7,PUT,LONG,10.3732,109.7300,2026-08-21,1,-0.1500
1914,ase_pt_fc496f6591134f0d,PUT,LONG,3.6247,100.3700,2026-08-21,1,-0.5000
1915,ase_pt_fc496f6591134f0d,PUT,SHORT,9.5547,107.3800,2026-09-18,1,-0.3000
1916,ase_pt_c319fad03c394a4c,CALL,LONG,3.2547,100.3700,2026-08-21,1,0.5000
1917,ase_pt_c319fad03c394a4c,CALL,SHORT,1.5664,105.0000,2026-08-21,1,0.3000
1918,ase_pt_c319fad03c394a4c,PUT,SHORT,5.6845,103.7500,2026-08-21,1,-0.3500
1919,ase_pt_c319fad03c394a4c,PUT,LONG,8.8315,107.9100,2026-08-21,1,-0.2000
1920,ase_pt_3159c7198f9847ca,PUT,LONG,3.6247,100.3700,2026-08-21,1,-0.5000
1921,ase_pt_3159c7198f9847ca,PUT,SHORT,6.5664,105.0000,2026-08-21,1,-0.3000
1922,ase_pt_3159c7198f9847ca,CALL,SHORT,1.9345,103.7500,2026-08-21,1,0.3500
1923,ase_pt_3159c7198f9847ca,CALL,LONG,0.9215,107.9100,2026-08-21,1,0.2000
1924,ase_pt_8ed093812bf24ba3,CALL,SHORT,3.2547,100.3700,2026-08-21,1,0.5000
1925,ase_pt_8ed093812bf24ba3,CALL,LONG,4.5063,100.7400,2026-09-18,1,0.5000
1926,ase_pt_d87d772111f84a26,PUT,SHORT,3.6247,100.3700,2026-08-21,1,-0.5000
1927,ase_pt_d87d772111f84a26,PUT,LONG,5.2463,100.7400,2026-09-18,1,-0.5000
1928,ase_pt_0341f5cb79124671,CALL,SHORT,5.0262,97.1000,2026-08-21,1,0.6500
1929,ase_pt_0341f5cb79124671,CALL,LONG,6.9385,96.1300,2026-09-18,1,0.6500
1930,ase_pt_14dcb91297be4845,CALL,SHORT,1.5664,105.0000,2026-08-21,1,0.3000
1931,ase_pt_14dcb91297be4845,CALL,LONG,2.1747,107.3800,2026-09-18,1,0.3000
1932,ase_pt_705b599905dc4225,CALL,SHORT,1.5664,105.0000,2026-08-21,1,0.3000
1933,ase_pt_705b599905dc4225,CALL,LONG,2.1747,107.3800,2026-09-18,1,0.3000
1934,ase_pt_705b599905dc4225,PUT,SHORT,6.5664,105.0000,2026-08-21,1,-0.3000
1935,ase_pt_705b599905dc4225,PUT,LONG,9.5547,107.3800,2026-09-18,1,-0.3000
1936,ase_pt_192d57c47a354464,CALL,SHORT,3.2547,100.3700,2026-08-21,1,0.5000
1937,ase_pt_192d57c47a354464,CALL,LONG,4.5063,100.7400,2026-09-18,1,0.5000
1938,ase_pt_0ba8a78cd5cc44df,CALL,SHORT,3.9381,100.5600,2026-09-18,1,0.5000
1939,ase_pt_0ba8a78cd5cc44df,CALL,LONG,10.0335,104.6000,2027-07-16,1,0.5000
1940,ase_pt_284fd697de8f4add,PUT,SHORT,4.4981,100.5600,2026-09-18,1,-0.5000
1941,ase_pt_284fd697de8f4add,PUT,LONG,14.6335,104.6000,2027-07-16,1,-0.5000
1942,ase_pt_5d0d01f3280c46b1,CALL,LONG,4.5063,100.7400,2026-09-18,1,0.5000
1943,ase_pt_5d0d01f3280c46b1,CALL,SHORT,1.5664,105.0000,2026-08-21,1,0.3000
1944,ase_pt_fadfe86140af455a,CALL,LONG,6.0365,97.6900,2026-09-18,1,0.6000
1945,ase_pt_fadfe86140af455a,CALL,SHORT,1.5664,105.0000,2026-08-21,1,0.3000
1946,ase_pt_4be2cf80d3624f25,PUT,LONG,3.7265,97.6900,2026-09-18,1,-0.6000
1947,ase_pt_4be2cf80d3624f25,PUT,SHORT,6.5664,105.0000,2026-08-21,1,-0.3000
1948,ase_pt_cf1c0cd326094aec,CALL,LONG,4.5063,100.7400,2026-09-18,1,0.5000
1949,ase_pt_cf1c0cd326094aec,CALL,SHORT,2.3356,102.5800,2026-08-21,1,0.4000
1950,ase_pt_b02668e8ecc4498d,CALL,SHORT,4.5063,100.7400,2026-09-18,1,0.5000
1951,ase_pt_b02668e8ecc4498d,CALL,LONG,1.5664,105.0000,2026-08-21,1,0.3000
1952,ase_pt_c940efd2a9954b9d,CALL,LONG,2.6826,105.5800,2026-09-18,1,0.3500
1953,ase_pt_c940efd2a9954b9d,CALL,SHORT,0.9215,107.9100,2026-08-21,1,0.2000
1954,ase_pt_c940efd2a9954b9d,PUT,LONG,8.2626,105.5800,2026-09-18,1,-0.3500
1955,ase_pt_c940efd2a9954b9d,PUT,SHORT,8.8315,107.9100,2026-08-21,1,-0.2000
1956,ase_pt_6c43af51552e48ae,CALL,LONG,17.3751,89.3800,2027-07-16,1,0.7000
1957,ase_pt_6c43af51552e48ae,CALL,SHORT,1.5664,105.0000,2026-08-21,1,0.3000
1958,ase_pt_490447f9a8614b5a,PUT,LONG,6.7551,89.3800,2027-07-16,1,-0.7000
1959,ase_pt_490447f9a8614b5a,PUT,SHORT,6.5664,105.0000,2026-08-21,1,-0.3000
1960,ase_pt_7f0e2dbd0444465a,CALL,LONG,4.5063,100.7400,2026-09-18,1,0.5000
1961,ase_pt_7f0e2dbd0444465a,CALL,SHORT,2.3356,102.5800,2026-08-21,1,0.4000
1962,ase_pt_24be3ac5a5824fcf,CALL,LONG,4.5063,100.7400,2026-09-18,1,0.5000
1963,ase_pt_24be3ac5a5824fcf,CALL,SHORT,0.9215,107.9100,2026-08-21,1,0.2000
1964,ase_pt_97bde6ee96964044,PUT,LONG,5.2463,100.7400,2026-09-18,1,-0.5000
1965,ase_pt_97bde6ee96964044,PUT,SHORT,8.8315,107.9100,2026-08-21,1,-0.2000
1966,ase_pt_e027cb165fd34219,CALL,LONG,4.5063,100.7400,2026-09-18,1,0.5000
1967,ase_pt_e027cb165fd34219,CALL,SHORT,3.2547,100.3700,2026-08-21,1,0.5000
1968,ase_pt_e027cb165fd34219,PUT,LONG,5.2463,100.7400,2026-09-18,1,-0.5000
1969,ase_pt_e027cb165fd34219,PUT,SHORT,3.6247,100.3700,2026-08-21,1,-0.5000
1970,ase_pt_3cb297ccec4d4a6f,CALL,LONG,7.2678,97.3700,2026-10-16,1,0.6000
1971,ase_pt_3cb297ccec4d4a6f,CALL,SHORT,1.5664,105.0000,2026-08-21,1,0.3000
1972,ase_pt_cecf9ac515e84f97,CALL,LONG,3.2547,100.3700,2026-08-21,1,0.5000
1973,ase_pt_cecf9ac515e84f97,PUT,LONG,3.6247,100.3700,2026-08-21,1,-0.5000
1974,ase_pt_9c0bca498cd943c1,CALL,LONG,1.2286,106.3700,2026-08-21,1,0.2500
1975,ase_pt_9c0bca498cd943c1,PUT,LONG,7.5986,106.3700,2026-08-21,1,-0.2500
1976,ase_pt_47b045d3637a422d,CALL,LONG,3.2547,100.3700,2026-08-21,2,0.5000
1977,ase_pt_47b045d3637a422d,PUT,LONG,3.6247,100.3700,2026-08-21,1,-0.5000
1978,ase_pt_f718bcf91c2f4cf6,CALL,LONG,3.2547,100.3700,2026-08-21,1,0.5000
1979,ase_pt_f718bcf91c2f4cf6,PUT,LONG,3.6247,100.3700,2026-08-21,2,-0.5000
1980,ase_pt_cc391a931e4f47f4,CALL,SHORT,3.2547,100.3700,2026-08-21,1,0.5000
1981,ase_pt_cc391a931e4f47f4,PUT,SHORT,3.6247,100.3700,2026-08-21,1,-0.5000
1982,ase_pt_cc391a931e4f47f4,CALL,LONG,0.9215,107.9100,2026-08-21,1,0.2000
1983,ase_pt_cc391a931e4f47f4,PUT,LONG,8.8315,107.9100,2026-08-21,1,-0.2000
1984,ase_pt_77eb0b5360724f38,CALL,LONG,3.2547,100.3700,2026-08-21,2,0.5000
1985,ase_pt_77eb0b5360724f38,PUT,LONG,3.6247,100.3700,2026-08-21,2,-0.5000
1986,ase_pt_77eb0b5360724f38,CALL,SHORT,1.9345,103.7500,2026-08-21,1,0.3500
1987,ase_pt_77eb0b5360724f38,PUT,SHORT,5.6845,103.7500,2026-08-21,1,-0.3500
1988,ase_pt_6aca195c5bfb4fb8,CALL,SHORT,3.2547,100.3700,2026-08-21,1,0.5000
1989,ase_pt_6aca195c5bfb4fb8,CALL,LONG,4.5063,100.7400,2026-09-18,1,0.5000
1990,ase_pt_6aca195c5bfb4fb8,PUT,SHORT,3.6247,100.3700,2026-08-21,1,-0.5000
1991,ase_pt_6aca195c5bfb4fb8,PUT,LONG,5.2463,100.7400,2026-09-18,1,-0.5000
1992,ase_pt_07b1b4e5014545b3,CALL,LONG,2.1747,107.3800,2026-09-18,1,0.3000
1993,ase_pt_07b1b4e5014545b3,CALL,SHORT,0.9215,107.9100,2026-08-21,1,0.2000
1994,ase_pt_07b1b4e5014545b3,PUT,LONG,9.5547,107.3800,2026-09-18,1,-0.3000
1995,ase_pt_07b1b4e5014545b3,PUT,SHORT,8.8315,107.9100,2026-08-21,1,-0.2000
1996,ase_pt_63310aeadd5649cd,CALL,LONG,3.7847,99.2900,2026-08-21,1,0.5500
1997,ase_pt_63310aeadd5649cd,CALL,SHORT,3.2547,100.3700,2026-08-21,2,0.5000
1998,ase_pt_63310aeadd5649cd,CALL,LONG,2.7741,101.4600,2026-08-21,1,0.4500
1999,ase_pt_28328029a7f34d5d,PUT,LONG,3.0747,99.2900,2026-08-21,1,-0.5500
2000,ase_pt_28328029a7f34d5d,PUT,SHORT,3.6247,100.3700,2026-08-21,2,-0.5000
2001,ase_pt_28328029a7f34d5d,PUT,LONG,4.2341,101.4600,2026-08-21,1,-0.4500
2002,ase_pt_e9774f4255124adc,CALL,LONG,1.2286,106.3700,2026-08-21,1,0.2500
2003,ase_pt_e9774f4255124adc,CALL,SHORT,3.2547,100.3700,2026-08-21,1,0.5000
2004,ase_pt_e9774f4255124adc,PUT,SHORT,3.6247,100.3700,2026-08-21,1,-0.5000
2005,ase_pt_e9774f4255124adc,PUT,LONG,7.5986,106.3700,2026-08-21,1,-0.2500
2006,ase_pt_138b12dca04a4839,CALL,LONG,3.7847,99.2900,2026-08-21,1,0.5500
2007,ase_pt_138b12dca04a4839,CALL,SHORT,3.2547,100.3700,2026-08-21,2,0.5000
2008,ase_pt_138b12dca04a4839,CALL,LONG,1.9345,103.7500,2026-08-21,1,0.3500
2009,ase_pt_a9ede8c2b6164324,PUT,LONG,3.0747,99.2900,2026-08-21,1,-0.5500
2010,ase_pt_a9ede8c2b6164324,PUT,SHORT,3.6247,100.3700,2026-08-21,2,-0.5000
2011,ase_pt_a9ede8c2b6164324,PUT,LONG,5.6845,103.7500,2026-08-21,1,-0.3500
2012,ase_pt_9179e74a98ee4988,CALL,LONG,3.7847,99.2900,2026-08-21,1,0.5500
2013,ase_pt_9179e74a98ee4988,CALL,SHORT,3.2547,100.3700,2026-08-21,3,0.5000
2014,ase_pt_9179e74a98ee4988,CALL,LONG,2.3356,102.5800,2026-08-21,2,0.4000
2015,ase_pt_2d62d52019a541bb,CALL,LONG,3.7847,99.2900,2026-08-21,1,0.5500
2016,ase_pt_2d62d52019a541bb,CALL,SHORT,2.7741,101.4600,2026-08-21,2,0.4500
2017,ase_pt_2d62d52019a541bb,CALL,LONG,1.5664,105.0000,2026-08-21,1,0.3000
2018,ase_pt_80b5cd91d5bc4242,CALL,LONG,5.0262,97.1000,2026-08-21,1,0.6500
2019,ase_pt_80b5cd91d5bc4242,CALL,SHORT,3.2547,100.3700,2026-08-21,2,0.5000
2020,ase_pt_80b5cd91d5bc4242,CALL,LONG,1.9345,103.7500,2026-08-21,1,0.3500
2021,ase_pt_61d345b280ce4300,CALL,LONG,3.4592,99.9400,2026-08-21,1,0.5200
2022,ase_pt_61d345b280ce4300,CALL,SHORT,3.2547,100.3700,2026-08-21,2,0.5000
2023,ase_pt_61d345b280ce4300,CALL,LONG,3.0586,100.8000,2026-08-21,1,0.4800
2024,ase_pt_7306e190b47841d5,CALL,LONG,3.7847,99.2900,2026-08-21,1,0.5500
2025,ase_pt_7306e190b47841d5,CALL,SHORT,3.2547,100.3700,2026-08-21,2,0.5000
2026,ase_pt_7306e190b47841d5,CALL,LONG,2.7741,101.4600,2026-08-21,1,0.4500
2027,ase_pt_7306e190b47841d5,PUT,LONG,3.0747,99.2900,2026-08-21,1,-0.5500
2028,ase_pt_7306e190b47841d5,PUT,SHORT,3.6247,100.3700,2026-08-21,2,-0.5000
2029,ase_pt_7306e190b47841d5,PUT,LONG,4.2341,101.4600,2026-08-21,1,-0.4500
2030,ase_pt_00aa4dfd26224440,CALL,LONG,4.5063,100.7400,2026-09-18,1,0.5000
2031,ase_pt_00aa4dfd26224440,CALL,SHORT,3.2547,100.3700,2026-08-21,2,0.5000
2032,ase_pt_00aa4dfd26224440,CALL,LONG,5.4274,101.1200,2026-10-16,1,0.5000
2033,ase_pt_3632906f3796405f,CALL,LONG,3.7847,99.2900,2026-08-21,1,0.5500
2034,ase_pt_3632906f3796405f,CALL,SHORT,3.2547,100.3700,2026-08-21,2,0.5000
2035,ase_pt_3632906f3796405f,CALL,LONG,2.3356,102.5800,2026-08-21,1,0.4000
2036,ase_pt_793e28749bc24fce,PUT,LONG,10.3732,109.7300,2026-08-21,1,-0.1500
2037,ase_pt_793e28749bc24fce,PUT,SHORT,6.5664,105.0000,2026-08-21,1,-0.3000
2038,ase_pt_793e28749bc24fce,CALL,SHORT,1.5664,105.0000,2026-08-21,1,0.3000
2039,ase_pt_793e28749bc24fce,CALL,LONG,0.6432,109.7300,2026-08-21,1,0.1500
2040,ase_pt_b0eeb4319ad54360,PUT,LONG,8.8315,107.9100,2026-08-21,1,-0.2000
2041,ase_pt_b0eeb4319ad54360,PUT,SHORT,5.6845,103.7500,2026-08-21,1,-0.3500
2042,ase_pt_b0eeb4319ad54360,CALL,SHORT,1.9345,103.7500,2026-08-21,1,0.3500
2043,ase_pt_b0eeb4319ad54360,CALL,LONG,0.9215,107.9100,2026-08-21,1,0.2000
2044,ase_pt_19b4607ee28b4e4b,PUT,LONG,13.5617,113.2600,2026-08-21,1,-0.0800
2045,ase_pt_19b4607ee28b4e4b,PUT,SHORT,8.8315,107.9100,2026-08-21,1,-0.2000
2046,ase_pt_19b4607ee28b4e4b,CALL,SHORT,0.9215,107.9100,2026-08-21,1,0.2000
2047,ase_pt_19b4607ee28b4e4b,CALL,LONG,0.3017,113.2600,2026-08-21,1,0.0800
2048,ase_pt_bfac9a1717b7484c,PUT,SHORT,10.3732,109.7300,2026-08-21,1,-0.1500
2049,ase_pt_bfac9a1717b7484c,PUT,LONG,6.5664,105.0000,2026-08-21,1,-0.3000
2050,ase_pt_bfac9a1717b7484c,CALL,LONG,1.5664,105.0000,2026-08-21,1,0.3000
2051,ase_pt_bfac9a1717b7484c,CALL,SHORT,0.6432,109.7300,2026-08-21,1,0.1500
2052,ase_pt_a84f030dddc84b5c,PUT,LONG,12.4628,112.0700,2026-08-21,1,-0.1000
2053,ase_pt_a84f030dddc84b5c,PUT,SHORT,7.5986,106.3700,2026-08-21,1,-0.2500
2054,ase_pt_a84f030dddc84b5c,CALL,SHORT,1.5664,105.0000,2026-08-21,1,0.3000
2055,ase_pt_a84f030dddc84b5c,CALL,LONG,0.9215,107.9100,2026-08-21,1,0.2000
2056,ase_pt_f0cf4e295eb34ac4,PUT,LONG,12.4628,112.0700,2026-08-21,1,-0.1000
2057,ase_pt_f0cf4e295eb34ac4,PUT,SHORT,8.8315,107.9100,2026-08-21,1,-0.2000
2058,ase_pt_f0cf4e295eb34ac4,CALL,SHORT,1.9345,103.7500,2026-08-21,1,0.3500
2059,ase_pt_f0cf4e295eb34ac4,CALL,LONG,0.9215,107.9100,2026-08-21,1,0.2000
2060,ase_pt_a41cbde2d94b40f5,PUT,LONG,12.4628,112.0700,2026-08-21,1,-0.1000
2061,ase_pt_a41cbde2d94b40f5,PUT,SHORT,7.5986,106.3700,2026-08-21,1,-0.2500
2062,ase_pt_a41cbde2d94b40f5,CALL,SHORT,1.2286,106.3700,2026-08-21,1,0.2500
2063,ase_pt_a41cbde2d94b40f5,CALL,LONG,0.3928,112.0700,2026-08-21,1,0.1000
2064,ase_pt_a41cbde2d94b40f5,PUT,LONG,6.5664,105.0000,2026-08-21,1,-0.3000
2065,ase_pt_a41cbde2d94b40f5,PUT,SHORT,4.9156,102.5800,2026-08-21,1,-0.4000
2066,ase_pt_a41cbde2d94b40f5,CALL,SHORT,2.3356,102.5800,2026-08-21,1,0.4000
2067,ase_pt_a41cbde2d94b40f5,CALL,LONG,1.5664,105.0000,2026-08-21,1,0.3000
2068,ase_pt_c693893a29cf4a5c,PUT,LONG,8.8315,107.9100,2026-08-21,1,-0.2000
2069,ase_pt_c693893a29cf4a5c,PUT,SHORT,5.6845,103.7500,2026-08-21,1,-0.3500
2070,ase_pt_c693893a29cf4a5c,CALL,SHORT,1.2286,106.3700,2026-08-21,1,0.2500
2071,ase_pt_c693893a29cf4a5c,CALL,LONG,0.3928,112.0700,2026-08-21,1,0.1000
2072,ase_pt_17a87aa5b5ef41d5,PUT,LONG,10.3732,109.7300,2026-08-21,1,-0.1500
2073,ase_pt_17a87aa5b5ef41d5,PUT,SHORT,6.5664,105.0000,2026-08-21,1,-0.3000
2074,ase_pt_17a87aa5b5ef41d5,CALL,SHORT,1.5664,105.0000,2026-08-21,1,0.3000
2075,ase_pt_17a87aa5b5ef41d5,CALL,LONG,0.6432,109.7300,2026-08-21,1,0.1500
2076,ase_pt_daf29f93819041a8,PUT,LONG,12.4628,112.0700,2026-08-21,1,-0.1000
2077,ase_pt_daf29f93819041a8,PUT,SHORT,7.5986,106.3700,2026-08-21,1,-0.2500
2078,ase_pt_daf29f93819041a8,CALL,SHORT,1.2286,106.3700,2026-08-21,1,0.2500
2079,ase_pt_daf29f93819041a8,CALL,LONG,0.3928,112.0700,2026-08-21,1,0.1000
2080,ase_pt_5060831c6ba74a92,PUT,LONG,12.4628,112.0700,2026-08-21,1,-0.1000
2081,ase_pt_5060831c6ba74a92,PUT,SHORT,8.8315,107.9100,2026-08-21,1,-0.2000
2082,ase_pt_5060831c6ba74a92,CALL,SHORT,0.9215,107.9100,2026-08-21,1,0.2000
2083,ase_pt_5060831c6ba74a92,CALL,LONG,0.3928,112.0700,2026-08-21,1,0.1000
2084,ase_pt_b5a80c476a354e47,PUT,SHORT,3.6247,100.3700,2026-08-21,1,-0.5000
2085,ase_pt_b5a80c476a354e47,CALL,SHORT,3.2547,100.3700,2026-08-21,1,0.5000
2086,ase_pt_b5a80c476a354e47,PUT,LONG,10.3732,109.7300,2026-08-21,1,-0.1500
2087,ase_pt_b5a80c476a354e47,CALL,LONG,0.6432,109.7300,2026-08-21,1,0.1500
2088,ase_pt_b82b26af17754238,CALL,SHORT,3.2547,100.3700,2026-08-21,1,0.5000
2089,ase_pt_b82b26af17754238,CALL,LONG,1.5664,105.0000,2026-08-21,2,0.3000
2090,ase_pt_392c2cc71b23483b,PUT,SHORT,3.6247,100.3700,2026-08-21,1,-0.5000
2091,ase_pt_392c2cc71b23483b,PUT,LONG,6.5664,105.0000,2026-08-21,2,-0.3000
2092,ase_pt_ba89af7af8ba4e0a,CALL,LONG,3.7847,99.2900,2026-08-21,1,0.5500
2093,ase_pt_ba89af7af8ba4e0a,CALL,SHORT,1.9345,103.7500,2026-08-21,2,0.3500
2094,ase_pt_ba89af7af8ba4e0a,CALL,LONG,0.9215,107.9100,2026-08-21,1,0.2000
2095,ase_pt_c63b5ebecfbb40ba,PUT,LONG,3.0747,99.2900,2026-08-21,1,-0.5500
2096,ase_pt_c63b5ebecfbb40ba,PUT,SHORT,5.6845,103.7500,2026-08-21,2,-0.3500
2097,ase_pt_c63b5ebecfbb40ba,PUT,LONG,8.8315,107.9100,2026-08-21,1,-0.2000
2098,ase_pt_41a973774616430c,PUT,SHORT,6.5664,105.0000,2026-08-21,1,-0.3000
2099,ase_pt_41a973774616430c,PUT,LONG,10.3732,109.7300,2026-08-21,1,-0.1500
2100,ase_pt_41a973774616430c,CALL,SHORT,1.5664,105.0000,2026-08-21,1,0.3000
2101,ase_pt_41a973774616430c,CALL,LONG,0.6432,109.7300,2026-08-21,1,0.1500
2102,ase_pt_b18fa90299b1435f,CALL,LONG,0.9215,107.9100,2026-08-21,1,0.2000
2103,ase_pt_b18fa90299b1435f,CALL,SHORT,3.2547,100.3700,2026-08-21,1,0.5000
2104,ase_pt_b18fa90299b1435f,PUT,SHORT,3.6247,100.3700,2026-08-21,1,-0.5000
2105,ase_pt_b18fa90299b1435f,PUT,LONG,8.8315,107.9100,2026-08-21,1,-0.2000
2106,ase_pt_afbccbf809824372,CALL,SHORT,0.9215,107.9100,2026-08-21,1,0.2000
2107,ase_pt_afbccbf809824372,CALL,LONG,3.2547,100.3700,2026-08-21,1,0.5000
2108,ase_pt_afbccbf809824372,PUT,LONG,3.6247,100.3700,2026-08-21,1,-0.5000
2109,ase_pt_afbccbf809824372,PUT,SHORT,8.8315,107.9100,2026-08-21,1,-0.2000
2110,ase_pt_98831dcb66714fbe,PUT,LONG,12.4628,112.0700,2026-08-21,1,-0.1000
2111,ase_pt_98831dcb66714fbe,PUT,SHORT,15.7942,115.6200,2026-08-21,1,-0.0500
2112,ase_pt_52ee7c4cf21442b2,PUT,LONG,10.3732,109.7300,2026-08-21,1,-0.1500
2113,ase_pt_52ee7c4cf21442b2,PUT,SHORT,15.7942,115.6200,2026-08-21,1,-0.0500
2114,ase_pt_13f1551ef56f423a,CALL,LONG,3.2547,100.3700,2026-08-21,1,0.5000
2115,ase_pt_13f1551ef56f423a,CALL,SHORT,1.5664,105.0000,2026-08-21,1,0.3000
2116,ase_pt_13f1551ef56f423a,PUT,SHORT,6.5664,105.0000,2026-08-21,1,-0.3000
2117,ase_pt_13f1551ef56f423a,PUT,LONG,10.3732,109.7300,2026-08-21,1,-0.1500
2118,ase_pt_668c2de047b24014,CALL,SHORT,1.9345,103.7500,2026-08-21,1,0.3500
2119,ase_pt_668c2de047b24014,PUT,SHORT,5.6845,103.7500,2026-08-21,1,-0.3500
2120,ase_pt_668c2de047b24014,CALL,LONG,0.6432,109.7300,2026-08-21,1,0.1500
2121,ase_pt_668c2de047b24014,PUT,LONG,10.3732,109.7300,2026-08-21,1,-0.1500
2122,ase_pt_01bff1e9f1a94d9b,CALL,LONG,3.2547,100.3700,2026-08-21,1,0.5000
2123,ase_pt_01bff1e9f1a94d9b,PUT,LONG,3.6247,100.3700,2026-08-21,1,-0.5000
2124,ase_pt_deec57d13d8148c3,CALL,LONG,4.5063,100.7400,2026-09-18,1,0.5000
2125,ase_pt_deec57d13d8148c3,CALL,SHORT,3.2547,100.3700,2026-08-21,1,0.5000
2126,ase_pt_323b41a676d94132,CALL,LONG,3.2547,100.3700,2026-08-21,1,0.5000
2127,ase_pt_323b41a676d94132,PUT,LONG,3.6247,100.3700,2026-08-21,1,-0.5000
2128,ase_pt_c41a7642575b484e,CALL,LONG,1.2286,106.3700,2026-08-21,1,0.2500
2129,ase_pt_c41a7642575b484e,PUT,LONG,7.5986,106.3700,2026-08-21,1,-0.2500
2130,ase_pt_3fc17c17f0ee41d0,CALL,LONG,3.7847,99.2900,2026-08-21,1,0.5500
2131,ase_pt_3fc17c17f0ee41d0,CALL,SHORT,3.2547,100.3700,2026-08-21,2,0.5000
2132,ase_pt_3fc17c17f0ee41d0,CALL,LONG,2.3356,102.5800,2026-08-21,1,0.4000
2133,ase_pt_8e69571ed93942dd,PUT,LONG,12.4628,112.0700,2026-08-21,1,-0.1000
2134,ase_pt_8e69571ed93942dd,PUT,SHORT,7.5986,106.3700,2026-08-21,1,-0.2500
2135,ase_pt_8e69571ed93942dd,CALL,SHORT,1.2286,106.3700,2026-08-21,1,0.2500
2136,ase_pt_8e69571ed93942dd,CALL,LONG,0.3928,112.0700,2026-08-21,1,0.1000
2137,ase_pt_ba237dbdad944b8b,CALL,LONG,4.5063,100.7400,2026-09-18,1,0.5000
2138,ase_pt_ba237dbdad944b8b,CALL,SHORT,3.2547,100.3700,2026-08-21,1,0.5000
2139,ase_pt_8c37415feac34594,PUT,LONG,10.3732,109.7300,2026-08-21,1,-0.1500
2140,ase_pt_8c37415feac34594,PUT,SHORT,6.5664,105.0000,2026-08-21,1,-0.3000
2141,ase_pt_8c37415feac34594,CALL,SHORT,1.5664,105.0000,2026-08-21,1,0.3000
2142,ase_pt_8c37415feac34594,CALL,LONG,0.6432,109.7300,2026-08-21,1,0.1500
2143,ase_pt_e68147c53ad64379,CALL,LONG,3.2547,100.3700,2026-08-21,1,0.5000
2144,ase_pt_e68147c53ad64379,CALL,SHORT,1.5664,105.0000,2026-08-21,1,0.3000
2145,ase_pt_ad101c6b69114db6,CALL,LONG,3.7847,99.2900,2026-08-21,1,0.5500
2146,ase_pt_ad101c6b69114db6,CALL,SHORT,3.2547,100.3700,2026-08-21,2,0.5000
2147,ase_pt_ad101c6b69114db6,CALL,LONG,2.7741,101.4600,2026-08-21,1,0.4500
2148,ase_pt_b816b72e7a2f46dc,CALL,LONG,0.9215,107.9100,2026-08-21,1,0.2000
2149,ase_pt_b816b72e7a2f46dc,CALL,SHORT,3.2547,100.3700,2026-08-21,1,0.5000
2150,ase_pt_b816b72e7a2f46dc,PUT,SHORT,3.6247,100.3700,2026-08-21,1,-0.5000
2151,ase_pt_b816b72e7a2f46dc,PUT,LONG,8.8315,107.9100,2026-08-21,1,-0.2000
2152,ase_pt_9403ce850be042b9,PUT,LONG,12.4628,112.0700,2026-08-21,1,-0.1000
2153,ase_pt_9403ce850be042b9,PUT,SHORT,8.8315,107.9100,2026-08-21,1,-0.2000
2154,ase_pt_9403ce850be042b9,CALL,SHORT,0.9215,107.9100,2026-08-21,1,0.2000
2155,ase_pt_9403ce850be042b9,CALL,LONG,0.3928,112.0700,2026-08-21,1,0.1000
2156,ase_pt_81f372c0b5194ee7,CALL,LONG,0.9215,107.9100,2026-08-21,1,0.2000
2157,ase_pt_81f372c0b5194ee7,PUT,LONG,8.8315,107.9100,2026-08-21,1,-0.2000
2158,ase_pt_746387e359af4fd9,PUT,LONG,6.5664,105.0000,2026-08-21,1,-0.3000
2159,ase_pt_746387e359af4fd9,PUT,SHORT,12.4628,112.0700,2026-08-21,1,-0.1000
2160,ase_pt_4d4e18373bcb40ef,CALL,LONG,1.0929,105.0000,2026-08-07,1,0.4000
2161,ase_pt_4a4131e4b37349c8,CALL,LONG,4.4890,98.0000,2026-08-21,1,0.5800
2162,ase_pt_4a4131e4b37349c8,CALL,SHORT,1.8561,104.0000,2026-08-21,1,0.3800
2163,ase_pt_a96a5356fe294b6a,PUT,LONG,0.5665,91.0000,2026-08-21,1,-0.1500
2164,ase_pt_a96a5356fe294b6a,PUT,SHORT,1.4216,95.0000,2026-08-21,1,-0.2800
2165,ase_pt_a96a5356fe294b6a,CALL,SHORT,1.5664,105.0000,2026-08-21,1,0.2800
2166,ase_pt_a96a5356fe294b6a,CALL,LONG,0.7449,109.0000,2026-08-21,1,0.1500
2167,ase_pt_0dd30d7452624163,CALL,LONG,5.0882,97.0000,2026-08-21,1,0.6000
2168,ase_pt_0dd30d7452624163,CALL,SHORT,2.5558,102.0000,2026-08-21,1,0.4500
2169,ase_pt_0dd30d7452624163,CALL,LONG,2.1851,103.0000,2026-08-21,1,0.4200
2170,ase_pt_0dd30d7452624163,CALL,SHORT,0.9057,108.0000,2026-08-21,1,0.1800
2171,ase_pt_0dd30d7452624163,PUT,LONG,3.4301,100.0000,2026-08-21,1,-0.5000
2172,ase_pt_9bb6a291e8394a63,CALL,LONG,5.7329,96.0000,2026-08-21,1,0.6300
2173,ase_pt_9bb6a291e8394a63,CALL,SHORT,3.4301,100.0000,2026-08-21,2,0.5000
2174,ase_pt_9bb6a291e8394a63,CALL,LONG,1.8561,104.0000,2026-08-21,1,0.3800
2175,ase_pt_9bb6a291e8394a63,PUT,LONG,5.8561,104.0000,2026-08-21,1,-0.6200
2176,ase_pt_9bb6a291e8394a63,PUT,SHORT,3.4301,100.0000,2026-08-21,2,-0.5000
2177,ase_pt_9bb6a291e8394a63,PUT,LONG,1.7329,96.0000,2026-08-21,1,-0.3700
2178,ase_pt_3f2458b9297a4ad0,PUT,LONG,0.1781,87.0000,2026-08-21,1,-0.0900
2179,ase_pt_3f2458b9297a4ad0,PUT,SHORT,0.7278,92.0000,2026-08-21,1,-0.1800
2180,ase_pt_3f2458b9297a4ad0,CALL,SHORT,0.9057,108.0000,2026-08-21,1,0.1800
2181,ase_pt_3f2458b9297a4ad0,CALL,LONG,0.3198,113.0000,2026-08-21,1,0.1000
2182,ase_pt_3f2458b9297a4ad0,PUT,LONG,0.9219,93.0000,2026-08-21,1,-0.2000
2183,ase_pt_3f2458b9297a4ad0,PUT,SHORT,2.4890,98.0000,2026-08-21,1,-0.4200
2184,ase_pt_3f2458b9297a4ad0,CALL,SHORT,2.5558,102.0000,2026-08-21,1,0.4500
2185,ase_pt_3f2458b9297a4ad0,CALL,LONG,1.0942,107.0000,2026-08-21,1,0.2200
