id,paper_trade_id,mid_status,delta_status,ratio_status
9,f7df3c4f-0f5a-4373-b3a1-4de21f8810af,NOT NULL,NULL,NOT NULL
10,f7df3c4f-0f5a-4373-b3a1-4de21f8810af,NOT NULL,NULL,NOT NULL
11,1d29561d-5b13-4486-8cc9-f051b26656f9,NOT NULL,NULL,NOT NULL
12,1d29561d-5b13-4486-8cc9-f051b26656f9,NOT NULL,NULL,NOT NULL
13,36606418-e378-45a2-87b3-b2959cd9988f,NOT NULL,NULL,NOT NULL
14,36606418-e378-45a2-87b3-b2959cd9988f,NOT NULL,NULL,NOT NULL
15,7965de94-34d8-4491-81d7-0c88772f5308,NOT NULL,NULL,NOT NULL
16,7965de94-34d8-4491-81d7-0c88772f5308,NOT NULL,NULL,NOT NULL
17,84263723-68b6-4b8b-8829-238f462538aa,NOT NULL,NULL,NOT NULL
18,84263723-68b6-4b8b-8829-238f462538aa,NOT NULL,NULL,NOT NULL
19,33a502ce-2ae8-43dc-8710-5ca457e9eee8,NOT NULL,NULL,NOT NULL
20,33a502ce-2ae8-43dc-8710-5ca457e9eee8,NOT NULL,NULL,NOT NULL
21,24ea4da9-5c39-4871-8f1d-7e0212849731,NOT NULL,NULL,NOT NULL
22,24ea4da9-5c39-4871-8f1d-7e0212849731,NOT NULL,NULL,NOT NULL
23,8089be1d-7f58-4384-8d00-cf16ee52359e,NOT NULL,NULL,NOT NULL
24,8089be1d-7f58-4384-8d00-cf16ee52359e,NOT NULL,NULL,NOT NULL
25,3944b42c-70ef-4058-badb-a64c343f05e2,NOT NULL,NULL,NOT NULL
26,3944b42c-70ef-4058-badb-a64c343f05e2,NOT NULL,NULL,NOT NULL
27,ase_pt_426097d373aa4fbd,NOT NULL,NOT NULL,NOT NULL
28,ase_pt_426097d373aa4fbd,NOT NULL,NOT NULL,NOT NULL
29,ase_pt_6083b99595c94b37,NOT NULL,NOT NULL,NOT NULL
30,ase_pt_6083b99595c94b37,NOT NULL,NOT NULL,NOT NULL
31,ase_pt_3bda863231e14809,NOT NULL,NOT NULL,NOT NULL
32,ase_pt_3bda863231e14809,NOT NULL,NOT NULL,NOT NULL
33,ase_pt_ecffd21d1e71478d,NOT NULL,NOT NULL,NOT NULL
34,ase_pt_ecffd21d1e71478d,NOT NULL,NOT NULL,NOT NULL
35,ase_pt_99857ff17e444244,NOT NULL,NOT NULL,NOT NULL
36,ase_pt_9348885232d04d4e,NOT NULL,NOT NULL,NOT NULL
37,ase_pt_9348885232d04d4e,NOT NULL,NOT NULL,NOT NULL
38,ase_pt_e93e30f16e154e46,NOT NULL,NOT NULL,NOT NULL
39,ase_pt_e93e30f16e154e46,NOT NULL,NOT NULL,NOT NULL
40,ase_pt_556516fdaa6346da,NOT NULL,NOT NULL,NOT NULL
41,ase_pt_556516fdaa6346da,NOT NULL,NOT NULL,NOT NULL
42,ase_pt_50cee139dd5f4d1b,NOT NULL,NOT NULL,NOT NULL
43,ase_pt_50cee139dd5f4d1b,NOT NULL,NOT NULL,NOT NULL
44,ase_pt_dc09b5d14ef44603,NOT NULL,NOT NULL,NOT NULL
45,ase_pt_dc09b5d14ef44603,NOT NULL,NOT NULL,NOT NULL
46,ase_pt_dc09b5d14ef44603,NOT NULL,NOT NULL,NOT NULL
47,ase_pt_341bcf3e6977437d,NOT NULL,NOT NULL,NOT NULL
48,ase_pt_341bcf3e6977437d,NOT NULL,NOT NULL,NOT NULL
49,ase_pt_341bcf3e6977437d,NOT NULL,NOT NULL,NOT NULL
50,ase_pt_341bcf3e6977437d,NOT NULL,NOT NULL,NOT NULL
51,ase_pt_f417c1e1b7594d6f,NOT NULL,NOT NULL,NOT NULL
52,ase_pt_f417c1e1b7594d6f,NOT NULL,NOT NULL,NOT NULL
53,ase_pt_fe5c39faa9ff45bb,NOT NULL,NOT NULL,NOT NULL
54,ase_pt_fe5c39faa9ff45bb,NOT NULL,NOT NULL,NOT NULL
55,ase_pt_1c70e2ed36e748c0,NOT NULL,NOT NULL,NOT NULL
56,ase_pt_1c70e2ed36e748c0,NOT NULL,NOT NULL,NOT NULL
57,ase_pt_1c70e2ed36e748c0,NOT NULL,NOT NULL,NOT NULL
58,ase_pt_c07afef2857d49ed,NOT NULL,NOT NULL,NOT NULL
59,ase_pt_c07afef2857d49ed,NOT NULL,NOT NULL,NOT NULL
60,ase_pt_35fc776144e54a4b,NOT NULL,NOT NULL,NOT NULL
61,ase_pt_06792981111b4143,NOT NULL,NOT NULL,NOT NULL
62,ase_pt_06792981111b4143,NOT NULL,NOT NULL,NOT NULL
63,ase_pt_f90caba5eb23474c,NOT NULL,NOT NULL,NOT NULL
64,ase_pt_f90caba5eb23474c,NOT NULL,NOT NULL,NOT NULL
65,ase_pt_117a109ec5dd4070,NOT NULL,NOT NULL,NOT NULL
66,ase_pt_117a109ec5dd4070,NOT NULL,NOT NULL,NOT NULL
67,ase_pt_16386550e4ec40a8,NOT NULL,NOT NULL,NOT NULL
68,ase_pt_16386550e4ec40a8,NOT NULL,NOT NULL,NOT NULL
69,ase_pt_bf1cf12068b3467c,NOT NULL,NOT NULL,NOT NULL
70,ase_pt_bf1cf12068b3467c,NOT NULL,NOT NULL,NOT NULL
71,ase_pt_bf1cf12068b3467c,NOT NULL,NOT NULL,NOT NULL
72,ase_pt_bdd79945f43049f0,NOT NULL,NOT NULL,NOT NULL
73,ase_pt_bdd79945f43049f0,NOT NULL,NOT NULL,NOT NULL
74,ase_pt_bdd79945f43049f0,NOT NULL,NOT NULL,NOT NULL
75,ase_pt_bdd79945f43049f0,NOT NULL,NOT NULL,NOT NULL
76,ase_pt_c9285bac7ab4456a,NOT NULL,NOT NULL,NOT NULL
77,ase_pt_c9285bac7ab4456a,NOT NULL,NOT NULL,NOT NULL
78,ase_pt_f03d8213adaf4693,NOT NULL,NOT NULL,NOT NULL
79,ase_pt_f03d8213adaf4693,NOT NULL,NOT NULL,NOT NULL
80,ase_pt_6cb43827aca54901,NOT NULL,NOT NULL,NOT NULL
81,ase_pt_6cb43827aca54901,NOT NULL,NOT NULL,NOT NULL
82,ase_pt_6cb43827aca54901,NOT NULL,NOT NULL,NOT NULL
83,ase_pt_425af45e774a4d75,NOT NULL,NOT NULL,NOT NULL
84,ase_pt_425af45e774a4d75,NOT NULL,NOT NULL,NOT NULL
85,ase_pt_f81f75f7f93c45bd,NOT NULL,NOT NULL,NOT NULL
86,ase_pt_128484047a824332,NOT NULL,NOT NULL,NOT NULL
87,ase_pt_128484047a824332,NOT NULL,NOT NULL,NOT NULL
88,ase_pt_ea65248f920c4afd,NOT NULL,NOT NULL,NOT NULL
89,ase_pt_ea65248f920c4afd,NOT NULL,NOT NULL,NOT NULL
90,ase_pt_0b70f91107a2450c,NOT NULL,NOT NULL,NOT NULL
91,ase_pt_0b70f91107a2450c,NOT NULL,NOT NULL,NOT NULL
92,ase_pt_14f3d29356e1406e,NOT NULL,NOT NULL,NOT NULL
93,ase_pt_14f3d29356e1406e,NOT NULL,NOT NULL,NOT NULL
94,ase_pt_bacc84d4772d447c,NOT NULL,NOT NULL,NOT NULL
95,ase_pt_bacc84d4772d447c,NOT NULL,NOT NULL,NOT NULL
96,ase_pt_bacc84d4772d447c,NOT NULL,NOT NULL,NOT NULL
97,ase_pt_d08c204af0aa4d79,NOT NULL,NOT NULL,NOT NULL
98,ase_pt_d08c204af0aa4d79,NOT NULL,NOT NULL,NOT NULL
99,ase_pt_d08c204af0aa4d79,NOT NULL,NOT NULL,NOT NULL
100,ase_pt_d08c204af0aa4d79,NOT NULL,NOT NULL,NOT NULL
101,ase_pt_413ea62f4d2f4494,NOT NULL,NOT NULL,NOT NULL
102,ase_pt_413ea62f4d2f4494,NOT NULL,NOT NULL,NOT NULL
103,ase_pt_441256588f4a4d41,NOT NULL,NOT NULL,NOT NULL
104,ase_pt_441256588f4a4d41,NOT NULL,NOT NULL,NOT NULL
105,ase_pt_e5231e71990f4568,NOT NULL,NOT NULL,NOT NULL
106,ase_pt_e5231e71990f4568,NOT NULL,NOT NULL,NOT NULL
107,ase_pt_e5231e71990f4568,NOT NULL,NOT NULL,NOT NULL
108,ase_pt_31a61421b62646dc,NOT NULL,NOT NULL,NOT NULL
109,ase_pt_82123c62b1164c60,NOT NULL,NOT NULL,NOT NULL
110,ase_pt_3795820de110476a,NOT NULL,NOT NULL,NOT NULL
111,ase_pt_b81ee0040f7d4f04,NOT NULL,NOT NULL,NOT NULL
112,ase_pt_09120c21e9ab423c,NOT NULL,NOT NULL,NOT NULL
113,ase_pt_5777f328ee784956,NOT NULL,NOT NULL,NOT NULL
114,ase_pt_2131ca79b52849e6,NOT NULL,NOT NULL,NOT NULL
115,ase_pt_2131ca79b52849e6,NOT NULL,NOT NULL,NOT NULL
116,ase_pt_426a457a5c514b82,NOT NULL,NOT NULL,NOT NULL
117,ase_pt_426a457a5c514b82,NOT NULL,NOT NULL,NOT NULL
118,ase_pt_ab7790faa1c546cf,NOT NULL,NOT NULL,NOT NULL
119,ase_pt_ab7790faa1c546cf,NOT NULL,NOT NULL,NOT NULL
120,ase_pt_90aebf88d50e4c5e,NOT NULL,NOT NULL,NOT NULL
121,ase_pt_90aebf88d50e4c5e,NOT NULL,NOT NULL,NOT NULL
122,ase_pt_81d385620a0340d0,NOT NULL,NOT NULL,NOT NULL
123,ase_pt_81d385620a0340d0,NOT NULL,NOT NULL,NOT NULL
124,ase_pt_259c9ec7c0bb44ad,NOT NULL,NOT NULL,NOT NULL
125,ase_pt_259c9ec7c0bb44ad,NOT NULL,NOT NULL,NOT NULL
126,ase_pt_efe0d09f127f4b5e,NOT NULL,NOT NULL,NOT NULL
127,ase_pt_efe0d09f127f4b5e,NOT NULL,NOT NULL,NOT NULL
128,ase_pt_8fc139721c9c4d94,NOT NULL,NOT NULL,NOT NULL
129,ase_pt_8fc139721c9c4d94,NOT NULL,NOT NULL,NOT NULL
130,ase_pt_3c7ddbca75b940eb,NOT NULL,NOT NULL,NOT NULL
131,ase_pt_3c7ddbca75b940eb,NOT NULL,NOT NULL,NOT NULL
132,ase_pt_0ee34056a5ba483e,NOT NULL,NOT NULL,NOT NULL
133,ase_pt_0ee34056a5ba483e,NOT NULL,NOT NULL,NOT NULL
134,ase_pt_bda5c6e34e8646be,NOT NULL,NOT NULL,NOT NULL
135,ase_pt_bda5c6e34e8646be,NOT NULL,NOT NULL,NOT NULL
136,ase_pt_549092c247454f84,NOT NULL,NOT NULL,NOT NULL
137,ase_pt_549092c247454f84,NOT NULL,NOT NULL,NOT NULL
138,ase_pt_19d58ab0083c4d4e,NOT NULL,NOT NULL,NOT NULL
139,ase_pt_19d58ab0083c4d4e,NOT NULL,NOT NULL,NOT NULL
140,ase_pt_38c8440699ab4e45,NOT NULL,NOT NULL,NOT NULL
141,ase_pt_38c8440699ab4e45,NOT NULL,NOT NULL,NOT NULL
142,ase_pt_36741c707c0f4b62,NOT NULL,NOT NULL,NOT NULL
143,ase_pt_36741c707c0f4b62,NOT NULL,NOT NULL,NOT NULL
144,ase_pt_bf38b5588ca045ca,NOT NULL,NOT NULL,NOT NULL
145,ase_pt_bf38b5588ca045ca,NOT NULL,NOT NULL,NOT NULL
146,ase_pt_40905bcdfaae4348,NOT NULL,NOT NULL,NOT NULL
147,ase_pt_40905bcdfaae4348,NOT NULL,NOT NULL,NOT NULL
148,ase_pt_1f5c6dbfe19748df,NOT NULL,NOT NULL,NOT NULL
149,ase_pt_1f5c6dbfe19748df,NOT NULL,NOT NULL,NOT NULL
150,ase_pt_1aeab363df7b46d9,NOT NULL,NOT NULL,NOT NULL
151,ase_pt_1aeab363df7b46d9,NOT NULL,NOT NULL,NOT NULL
152,ase_pt_3a64d9fcbff1414d,NOT NULL,NOT NULL,NOT NULL
153,ase_pt_3a64d9fcbff1414d,NOT NULL,NOT NULL,NOT NULL
154,ase_pt_01fef25551624710,NOT NULL,NOT NULL,NOT NULL
155,ase_pt_01fef25551624710,NOT NULL,NOT NULL,NOT NULL
156,ase_pt_9f12756001424bb1,NOT NULL,NOT NULL,NOT NULL
157,ase_pt_9f12756001424bb1,NOT NULL,NOT NULL,NOT NULL
158,ase_pt_b31a4d1261f343e9,NOT NULL,NOT NULL,NOT NULL
159,ase_pt_b31a4d1261f343e9,NOT NULL,NOT NULL,NOT NULL
160,ase_pt_b31a4d1261f343e9,NOT NULL,NOT NULL,NOT NULL
161,ase_pt_b31a4d1261f343e9,NOT NULL,NOT NULL,NOT NULL
162,ase_pt_2b6fcc40f3494051,NOT NULL,NOT NULL,NOT NULL
163,ase_pt_2b6fcc40f3494051,NOT NULL,NOT NULL,NOT NULL
164,ase_pt_2b6fcc40f3494051,NOT NULL,NOT NULL,NOT NULL
165,ase_pt_2b6fcc40f3494051,NOT NULL,NOT NULL,NOT NULL
166,ase_pt_99cb0be7029b4a82,NOT NULL,NOT NULL,NOT NULL
167,ase_pt_99cb0be7029b4a82,NOT NULL,NOT NULL,NOT NULL
168,ase_pt_922c42b2e24d4fb5,NOT NULL,NOT NULL,NOT NULL
169,ase_pt_922c42b2e24d4fb5,NOT NULL,NOT NULL,NOT NULL
170,ase_pt_30c9f7f099f04656,NOT NULL,NOT NULL,NOT NULL
171,ase_pt_30c9f7f099f04656,NOT NULL,NOT NULL,NOT NULL
172,ase_pt_e1b81c458fdd4e71,NOT NULL,NOT NULL,NOT NULL
173,ase_pt_e1b81c458fdd4e71,NOT NULL,NOT NULL,NOT NULL
174,ase_pt_76bbcd4f1f4f4321,NOT NULL,NOT NULL,NOT NULL
175,ase_pt_76bbcd4f1f4f4321,NOT NULL,NOT NULL,NOT NULL
176,ase_pt_76bbcd4f1f4f4321,NOT NULL,NOT NULL,NOT NULL
177,ase_pt_76bbcd4f1f4f4321,NOT NULL,NOT NULL,NOT NULL
178,ase_pt_348d05419ab448e7,NOT NULL,NOT NULL,NOT NULL
179,ase_pt_348d05419ab448e7,NOT NULL,NOT NULL,NOT NULL
180,ase_pt_583071390312407f,NOT NULL,NOT NULL,NOT NULL
181,ase_pt_583071390312407f,NOT NULL,NOT NULL,NOT NULL
182,ase_pt_413893ee62984e99,NOT NULL,NOT NULL,NOT NULL
183,ase_pt_413893ee62984e99,NOT NULL,NOT NULL,NOT NULL
184,ase_pt_e11d456d41a84455,NOT NULL,NOT NULL,NOT NULL
185,ase_pt_e11d456d41a84455,NOT NULL,NOT NULL,NOT NULL
186,ase_pt_d76fb2bccf7b4907,NOT NULL,NOT NULL,NOT NULL
187,ase_pt_d76fb2bccf7b4907,NOT NULL,NOT NULL,NOT NULL
188,ase_pt_1cdfe82457184b5e,NOT NULL,NOT NULL,NOT NULL
189,ase_pt_1cdfe82457184b5e,NOT NULL,NOT NULL,NOT NULL
190,ase_pt_25965cdfc2b84bb7,NOT NULL,NOT NULL,NOT NULL
191,ase_pt_25965cdfc2b84bb7,NOT NULL,NOT NULL,NOT NULL
192,ase_pt_468a12d81bfa4bbe,NOT NULL,NOT NULL,NOT NULL
193,ase_pt_468a12d81bfa4bbe,NOT NULL,NOT NULL,NOT NULL
194,ase_pt_79e593a33bc8450e,NOT NULL,NOT NULL,NOT NULL
195,ase_pt_79e593a33bc8450e,NOT NULL,NOT NULL,NOT NULL
196,ase_pt_79e593a33bc8450e,NOT NULL,NOT NULL,NOT NULL
197,ase_pt_79e593a33bc8450e,NOT NULL,NOT NULL,NOT NULL
198,ase_pt_56ec12c833d3410d,NOT NULL,NOT NULL,NOT NULL
199,ase_pt_56ec12c833d3410d,NOT NULL,NOT NULL,NOT NULL
200,ase_pt_82ada73b5e58432a,NOT NULL,NOT NULL,NOT NULL
201,ase_pt_82ada73b5e58432a,NOT NULL,NOT NULL,NOT NULL
202,ase_pt_e24cb20825964481,NOT NULL,NOT NULL,NOT NULL
203,ase_pt_e24cb20825964481,NOT NULL,NOT NULL,NOT NULL
204,ase_pt_0696a7501e5a4b86,NOT NULL,NOT NULL,NOT NULL
205,ase_pt_0696a7501e5a4b86,NOT NULL,NOT NULL,NOT NULL
206,ase_pt_aa854a4440c0485e,NOT NULL,NOT NULL,NOT NULL
207,ase_pt_aa854a4440c0485e,NOT NULL,NOT NULL,NOT NULL
208,ase_pt_28ea289d06244a2c,NOT NULL,NOT NULL,NOT NULL
209,ase_pt_28ea289d06244a2c,NOT NULL,NOT NULL,NOT NULL
210,ase_pt_28ea289d06244a2c,NOT NULL,NOT NULL,NOT NULL
211,ase_pt_28ea289d06244a2c,NOT NULL,NOT NULL,NOT NULL
212,ase_pt_328f936a7b994ec1,NOT NULL,NOT NULL,NOT NULL
213,ase_pt_328f936a7b994ec1,NOT NULL,NOT NULL,NOT NULL
214,ase_pt_00a319c736ae4b1d,NOT NULL,NOT NULL,NOT NULL
215,ase_pt_00a319c736ae4b1d,NOT NULL,NOT NULL,NOT NULL
216,ase_pt_072a3bfdbe32476a,NOT NULL,NOT NULL,NOT NULL
217,ase_pt_072a3bfdbe32476a,NOT NULL,NOT NULL,NOT NULL
218,ase_pt_61163c0323cd45fc,NOT NULL,NOT NULL,NOT NULL
219,ase_pt_61163c0323cd45fc,NOT NULL,NOT NULL,NOT NULL
220,ase_pt_7a7c2d1c8e31410e,NOT NULL,NOT NULL,NOT NULL
221,ase_pt_7a7c2d1c8e31410e,NOT NULL,NOT NULL,NOT NULL
222,ase_pt_bce325b6dbd949b5,NOT NULL,NOT NULL,NOT NULL
223,ase_pt_bce325b6dbd949b5,NOT NULL,NOT NULL,NOT NULL
224,ase_pt_bce325b6dbd949b5,NOT NULL,NOT NULL,NOT NULL
225,ase_pt_bce325b6dbd949b5,NOT NULL,NOT NULL,NOT NULL
226,ase_pt_57079b3931a14d23,NOT NULL,NOT NULL,NOT NULL
227,ase_pt_57079b3931a14d23,NOT NULL,NOT NULL,NOT NULL
228,ase_pt_57079b3931a14d23,NOT NULL,NOT NULL,NOT NULL
229,ase_pt_57079b3931a14d23,NOT NULL,NOT NULL,NOT NULL
230,ase_pt_b2ca50de093b4563,NOT NULL,NOT NULL,NOT NULL
231,ase_pt_b2ca50de093b4563,NOT NULL,NOT NULL,NOT NULL
232,ase_pt_b2ca50de093b4563,NOT NULL,NOT NULL,NOT NULL
233,ase_pt_b2ca50de093b4563,NOT NULL,NOT NULL,NOT NULL
234,ase_pt_c7a2f3b519e24441,NOT NULL,NOT NULL,NOT NULL
235,ase_pt_c7a2f3b519e24441,NOT NULL,NOT NULL,NOT NULL
236,ase_pt_c7a2f3b519e24441,NOT NULL,NOT NULL,NOT NULL
237,ase_pt_c7a2f3b519e24441,NOT NULL,NOT NULL,NOT NULL
238,ase_pt_2fc2f3bd813c4201,NOT NULL,NOT NULL,NOT NULL
239,ase_pt_2fc2f3bd813c4201,NOT NULL,NOT NULL,NOT NULL
240,ase_pt_2fc2f3bd813c4201,NOT NULL,NOT NULL,NOT NULL
241,ase_pt_001f7af9440e43f5,NOT NULL,NOT NULL,NOT NULL
242,ase_pt_001f7af9440e43f5,NOT NULL,NOT NULL,NOT NULL
243,ase_pt_001f7af9440e43f5,NOT NULL,NOT NULL,NOT NULL
244,ase_pt_f7e0e8d95161439f,NOT NULL,NOT NULL,NOT NULL
245,ase_pt_f7e0e8d95161439f,NOT NULL,NOT NULL,NOT NULL
246,ase_pt_f7e0e8d95161439f,NOT NULL,NOT NULL,NOT NULL
247,ase_pt_f7e0e8d95161439f,NOT NULL,NOT NULL,NOT NULL
248,ase_pt_61db83e800514e09,NOT NULL,NOT NULL,NOT NULL
249,ase_pt_61db83e800514e09,NOT NULL,NOT NULL,NOT NULL
250,ase_pt_61db83e800514e09,NOT NULL,NOT NULL,NOT NULL
251,ase_pt_6117d75ace464771,NOT NULL,NOT NULL,NOT NULL
252,ase_pt_6117d75ace464771,NOT NULL,NOT NULL,NOT NULL
253,ase_pt_6117d75ace464771,NOT NULL,NOT NULL,NOT NULL
254,ase_pt_713448510d67452d,NOT NULL,NOT NULL,NOT NULL
255,ase_pt_713448510d67452d,NOT NULL,NOT NULL,NOT NULL
256,ase_pt_713448510d67452d,NOT NULL,NOT NULL,NOT NULL
257,ase_pt_5bab2972c84849cd,NOT NULL,NOT NULL,NOT NULL
258,ase_pt_5bab2972c84849cd,NOT NULL,NOT NULL,NOT NULL
259,ase_pt_5bab2972c84849cd,NOT NULL,NOT NULL,NOT NULL
260,ase_pt_d6e7b562298d4374,NOT NULL,NOT NULL,NOT NULL
261,ase_pt_d6e7b562298d4374,NOT NULL,NOT NULL,NOT NULL
262,ase_pt_d6e7b562298d4374,NOT NULL,NOT NULL,NOT NULL
263,ase_pt_b592a8277a61404c,NOT NULL,NOT NULL,NOT NULL
264,ase_pt_b592a8277a61404c,NOT NULL,NOT NULL,NOT NULL
265,ase_pt_b592a8277a61404c,NOT NULL,NOT NULL,NOT NULL
266,ase_pt_071adb86c61641aa,NOT NULL,NOT NULL,NOT NULL
267,ase_pt_071adb86c61641aa,NOT NULL,NOT NULL,NOT NULL
268,ase_pt_071adb86c61641aa,NOT NULL,NOT NULL,NOT NULL
269,ase_pt_071adb86c61641aa,NOT NULL,NOT NULL,NOT NULL
270,ase_pt_071adb86c61641aa,NOT NULL,NOT NULL,NOT NULL
271,ase_pt_071adb86c61641aa,NOT NULL,NOT NULL,NOT NULL
272,ase_pt_81d56157029f4bbc,NOT NULL,NOT NULL,NOT NULL
273,ase_pt_81d56157029f4bbc,NOT NULL,NOT NULL,NOT NULL
274,ase_pt_81d56157029f4bbc,NOT NULL,NOT NULL,NOT NULL
275,ase_pt_48205beec76749a1,NOT NULL,NOT NULL,NOT NULL
276,ase_pt_48205beec76749a1,NOT NULL,NOT NULL,NOT NULL
277,ase_pt_48205beec76749a1,NOT NULL,NOT NULL,NOT NULL
278,ase_pt_0dd0cca698e3471b,NOT NULL,NOT NULL,NOT NULL
279,ase_pt_0dd0cca698e3471b,NOT NULL,NOT NULL,NOT NULL
280,ase_pt_0dd0cca698e3471b,NOT NULL,NOT NULL,NOT NULL
281,ase_pt_0dd0cca698e3471b,NOT NULL,NOT NULL,NOT NULL
282,ase_pt_32be02a6f8b348be,NOT NULL,NOT NULL,NOT NULL
283,ase_pt_32be02a6f8b348be,NOT NULL,NOT NULL,NOT NULL
284,ase_pt_32be02a6f8b348be,NOT NULL,NOT NULL,NOT NULL
285,ase_pt_32be02a6f8b348be,NOT NULL,NOT NULL,NOT NULL
286,ase_pt_2af95b3f1e834dbb,NOT NULL,NOT NULL,NOT NULL
287,ase_pt_2af95b3f1e834dbb,NOT NULL,NOT NULL,NOT NULL
288,ase_pt_2af95b3f1e834dbb,NOT NULL,NOT NULL,NOT NULL
289,ase_pt_2af95b3f1e834dbb,NOT NULL,NOT NULL,NOT NULL
290,ase_pt_24d5f67c97a24cf4,NOT NULL,NOT NULL,NOT NULL
291,ase_pt_24d5f67c97a24cf4,NOT NULL,NOT NULL,NOT NULL
292,ase_pt_24d5f67c97a24cf4,NOT NULL,NOT NULL,NOT NULL
293,ase_pt_24d5f67c97a24cf4,NOT NULL,NOT NULL,NOT NULL
294,ase_pt_651c3abf1f1f4b08,NOT NULL,NOT NULL,NOT NULL
295,ase_pt_651c3abf1f1f4b08,NOT NULL,NOT NULL,NOT NULL
296,ase_pt_651c3abf1f1f4b08,NOT NULL,NOT NULL,NOT NULL
297,ase_pt_651c3abf1f1f4b08,NOT NULL,NOT NULL,NOT NULL
298,ase_pt_e8ac703556ed4ca8,NOT NULL,NOT NULL,NOT NULL
299,ase_pt_e8ac703556ed4ca8,NOT NULL,NOT NULL,NOT NULL
300,ase_pt_e8ac703556ed4ca8,NOT NULL,NOT NULL,NOT NULL
301,ase_pt_e8ac703556ed4ca8,NOT NULL,NOT NULL,NOT NULL
302,ase_pt_5b48b5fc0a3f40de,NOT NULL,NOT NULL,NOT NULL
303,ase_pt_5b48b5fc0a3f40de,NOT NULL,NOT NULL,NOT NULL
304,ase_pt_5b48b5fc0a3f40de,NOT NULL,NOT NULL,NOT NULL
305,ase_pt_5b48b5fc0a3f40de,NOT NULL,NOT NULL,NOT NULL
306,ase_pt_5b48b5fc0a3f40de,NOT NULL,NOT NULL,NOT NULL
307,ase_pt_5b48b5fc0a3f40de,NOT NULL,NOT NULL,NOT NULL
308,ase_pt_5b48b5fc0a3f40de,NOT NULL,NOT NULL,NOT NULL
309,ase_pt_5b48b5fc0a3f40de,NOT NULL,NOT NULL,NOT NULL
310,ase_pt_41fa6adf243d4784,NOT NULL,NOT NULL,NOT NULL
311,ase_pt_41fa6adf243d4784,NOT NULL,NOT NULL,NOT NULL
312,ase_pt_41fa6adf243d4784,NOT NULL,NOT NULL,NOT NULL
313,ase_pt_41fa6adf243d4784,NOT NULL,NOT NULL,NOT NULL
314,ase_pt_033247baa7c14f4a,NOT NULL,NOT NULL,NOT NULL
315,ase_pt_033247baa7c14f4a,NOT NULL,NOT NULL,NOT NULL
316,ase_pt_033247baa7c14f4a,NOT NULL,NOT NULL,NOT NULL
317,ase_pt_033247baa7c14f4a,NOT NULL,NOT NULL,NOT NULL
318,ase_pt_0c5895db0d4c4a51,NOT NULL,NOT NULL,NOT NULL
319,ase_pt_0c5895db0d4c4a51,NOT NULL,NOT NULL,NOT NULL
320,ase_pt_0c5895db0d4c4a51,NOT NULL,NOT NULL,NOT NULL
321,ase_pt_0c5895db0d4c4a51,NOT NULL,NOT NULL,NOT NULL
322,ase_pt_2a71b6dad9324f42,NOT NULL,NOT NULL,NOT NULL
323,ase_pt_2a71b6dad9324f42,NOT NULL,NOT NULL,NOT NULL
324,ase_pt_2a71b6dad9324f42,NOT NULL,NOT NULL,NOT NULL
325,ase_pt_2a71b6dad9324f42,NOT NULL,NOT NULL,NOT NULL
326,ase_pt_64cba35090f74aaf,NOT NULL,NOT NULL,NOT NULL
327,ase_pt_64cba35090f74aaf,NOT NULL,NOT NULL,NOT NULL
328,ase_pt_64cba35090f74aaf,NOT NULL,NOT NULL,NOT NULL
329,ase_pt_64cba35090f74aaf,NOT NULL,NOT NULL,NOT NULL
330,ase_pt_e79f6d8cdfbc417d,NOT NULL,NOT NULL,NOT NULL
331,ase_pt_e79f6d8cdfbc417d,NOT NULL,NOT NULL,NOT NULL
332,ase_pt_662b1d2e3f3b4a8c,NOT NULL,NOT NULL,NOT NULL
333,ase_pt_662b1d2e3f3b4a8c,NOT NULL,NOT NULL,NOT NULL
334,ase_pt_e2c2f6a10bdb4b99,NOT NULL,NOT NULL,NOT NULL
335,ase_pt_e2c2f6a10bdb4b99,NOT NULL,NOT NULL,NOT NULL
336,ase_pt_e2c2f6a10bdb4b99,NOT NULL,NOT NULL,NOT NULL
337,ase_pt_7c43d64b976b406e,NOT NULL,NOT NULL,NOT NULL
338,ase_pt_7c43d64b976b406e,NOT NULL,NOT NULL,NOT NULL
339,ase_pt_7c43d64b976b406e,NOT NULL,NOT NULL,NOT NULL
340,ase_pt_f8dc673d2e074d35,NOT NULL,NOT NULL,NOT NULL
341,ase_pt_f8dc673d2e074d35,NOT NULL,NOT NULL,NOT NULL
342,ase_pt_f8dc673d2e074d35,NOT NULL,NOT NULL,NOT NULL
343,ase_pt_f8dc673d2e074d35,NOT NULL,NOT NULL,NOT NULL
344,ase_pt_a1c8e3c5b81941d4,NOT NULL,NOT NULL,NOT NULL
345,ase_pt_a1c8e3c5b81941d4,NOT NULL,NOT NULL,NOT NULL
346,ase_pt_a1c8e3c5b81941d4,NOT NULL,NOT NULL,NOT NULL
347,ase_pt_a1c8e3c5b81941d4,NOT NULL,NOT NULL,NOT NULL
348,ase_pt_fb84854ccb4f40ab,NOT NULL,NOT NULL,NOT NULL
349,ase_pt_fb84854ccb4f40ab,NOT NULL,NOT NULL,NOT NULL
350,ase_pt_fb84854ccb4f40ab,NOT NULL,NOT NULL,NOT NULL
351,ase_pt_fb84854ccb4f40ab,NOT NULL,NOT NULL,NOT NULL
352,ase_pt_fe02671f0c3b4c14,NOT NULL,NOT NULL,NOT NULL
353,ase_pt_fe02671f0c3b4c14,NOT NULL,NOT NULL,NOT NULL
354,ase_pt_76488e2737934974,NOT NULL,NOT NULL,NOT NULL
355,ase_pt_76488e2737934974,NOT NULL,NOT NULL,NOT NULL
356,ase_pt_52a1199441b842c2,NOT NULL,NOT NULL,NOT NULL
357,ase_pt_52a1199441b842c2,NOT NULL,NOT NULL,NOT NULL
358,ase_pt_52a1199441b842c2,NOT NULL,NOT NULL,NOT NULL
359,ase_pt_52a1199441b842c2,NOT NULL,NOT NULL,NOT NULL
360,ase_pt_3d55b52d40e74304,NOT NULL,NOT NULL,NOT NULL
361,ase_pt_3d55b52d40e74304,NOT NULL,NOT NULL,NOT NULL
362,ase_pt_3d55b52d40e74304,NOT NULL,NOT NULL,NOT NULL
363,ase_pt_3d55b52d40e74304,NOT NULL,NOT NULL,NOT NULL
364,ase_pt_aaac37a07a91407d,NOT NULL,NOT NULL,NOT NULL
365,ase_pt_aaac37a07a91407d,NOT NULL,NOT NULL,NOT NULL
366,ase_pt_7da7c3b4e64846b4,NOT NULL,NOT NULL,NOT NULL
367,ase_pt_7da7c3b4e64846b4,NOT NULL,NOT NULL,NOT NULL
368,ase_pt_0f937b112584409c,NOT NULL,NOT NULL,NOT NULL
369,ase_pt_0f937b112584409c,NOT NULL,NOT NULL,NOT NULL
370,ase_pt_1170d8dc89b04e2d,NOT NULL,NOT NULL,NOT NULL
371,ase_pt_1170d8dc89b04e2d,NOT NULL,NOT NULL,NOT NULL
372,ase_pt_93a3a93c4f9f4e12,NOT NULL,NOT NULL,NOT NULL
373,ase_pt_93a3a93c4f9f4e12,NOT NULL,NOT NULL,NOT NULL
374,ase_pt_93a3a93c4f9f4e12,NOT NULL,NOT NULL,NOT NULL
375,ase_pt_e42209c2003d4359,NOT NULL,NOT NULL,NOT NULL
376,ase_pt_e42209c2003d4359,NOT NULL,NOT NULL,NOT NULL
377,ase_pt_e42209c2003d4359,NOT NULL,NOT NULL,NOT NULL
378,ase_pt_e42209c2003d4359,NOT NULL,NOT NULL,NOT NULL
379,ase_pt_57dc0fe985a24f4f,NOT NULL,NOT NULL,NOT NULL
380,ase_pt_57dc0fe985a24f4f,NOT NULL,NOT NULL,NOT NULL
381,ase_pt_e0a6c5ea0c7841ed,NOT NULL,NOT NULL,NOT NULL
382,ase_pt_e0a6c5ea0c7841ed,NOT NULL,NOT NULL,NOT NULL
383,ase_pt_e0a6c5ea0c7841ed,NOT NULL,NOT NULL,NOT NULL
384,ase_pt_e0a6c5ea0c7841ed,NOT NULL,NOT NULL,NOT NULL
385,ase_pt_d2435f0b6b9843e7,NOT NULL,NOT NULL,NOT NULL
386,ase_pt_d2435f0b6b9843e7,NOT NULL,NOT NULL,NOT NULL
387,ase_pt_02fefa8de1fa4313,NOT NULL,NOT NULL,NOT NULL
388,ase_pt_02fefa8de1fa4313,NOT NULL,NOT NULL,NOT NULL
389,ase_pt_02fefa8de1fa4313,NOT NULL,NOT NULL,NOT NULL
390,ase_pt_9aa23c0340c74068,NOT NULL,NOT NULL,NOT NULL
391,ase_pt_9aa23c0340c74068,NOT NULL,NOT NULL,NOT NULL
392,ase_pt_9aa23c0340c74068,NOT NULL,NOT NULL,NOT NULL
393,ase_pt_9aa23c0340c74068,NOT NULL,NOT NULL,NOT NULL
394,ase_pt_6eeb91756b384821,NOT NULL,NOT NULL,NOT NULL
395,ase_pt_6eeb91756b384821,NOT NULL,NOT NULL,NOT NULL
396,ase_pt_6eeb91756b384821,NOT NULL,NOT NULL,NOT NULL
397,ase_pt_6eeb91756b384821,NOT NULL,NOT NULL,NOT NULL
398,ase_pt_f756f793419d420f,NOT NULL,NOT NULL,NOT NULL
399,ase_pt_f756f793419d420f,NOT NULL,NOT NULL,NOT NULL
400,ase_pt_931dd6df28c1477d,NOT NULL,NOT NULL,NOT NULL
401,ase_pt_931dd6df28c1477d,NOT NULL,NOT NULL,NOT NULL
402,ase_pt_4d0273c3681a4f01,NOT NULL,NOT NULL,NOT NULL
403,ase_pt_e2ba930eaa534393,NOT NULL,NOT NULL,NOT NULL
404,ase_pt_e2ba930eaa534393,NOT NULL,NOT NULL,NOT NULL
405,ase_pt_40462d8d32c14ee9,NOT NULL,NOT NULL,NOT NULL
406,ase_pt_40462d8d32c14ee9,NOT NULL,NOT NULL,NOT NULL
407,ase_pt_40462d8d32c14ee9,NOT NULL,NOT NULL,NOT NULL
408,ase_pt_40462d8d32c14ee9,NOT NULL,NOT NULL,NOT NULL
409,ase_pt_bbd9a12dae4b4160,NOT NULL,NOT NULL,NOT NULL
410,ase_pt_bbd9a12dae4b4160,NOT NULL,NOT NULL,NOT NULL
411,ase_pt_bbd9a12dae4b4160,NOT NULL,NOT NULL,NOT NULL
412,ase_pt_bbd9a12dae4b4160,NOT NULL,NOT NULL,NOT NULL
413,ase_pt_bbd9a12dae4b4160,NOT NULL,NOT NULL,NOT NULL
414,ase_pt_274b14eb2f984158,NOT NULL,NOT NULL,NOT NULL
415,ase_pt_274b14eb2f984158,NOT NULL,NOT NULL,NOT NULL
416,ase_pt_274b14eb2f984158,NOT NULL,NOT NULL,NOT NULL
417,ase_pt_274b14eb2f984158,NOT NULL,NOT NULL,NOT NULL
418,ase_pt_274b14eb2f984158,NOT NULL,NOT NULL,NOT NULL
419,ase_pt_274b14eb2f984158,NOT NULL,NOT NULL,NOT NULL
420,ase_pt_e4fbd56c2fba44d5,NOT NULL,NOT NULL,NOT NULL
421,ase_pt_e4fbd56c2fba44d5,NOT NULL,NOT NULL,NOT NULL
422,ase_pt_e4fbd56c2fba44d5,NOT NULL,NOT NULL,NOT NULL
423,ase_pt_e4fbd56c2fba44d5,NOT NULL,NOT NULL,NOT NULL
424,ase_pt_e4fbd56c2fba44d5,NOT NULL,NOT NULL,NOT NULL
425,ase_pt_e4fbd56c2fba44d5,NOT NULL,NOT NULL,NOT NULL
426,ase_pt_e4fbd56c2fba44d5,NOT NULL,NOT NULL,NOT NULL
427,ase_pt_e4fbd56c2fba44d5,NOT NULL,NOT NULL,NOT NULL
428,ase_pt_b4fa0790417d42e0,NOT NULL,NOT NULL,NOT NULL
429,ase_pt_9089a990edab441c,NOT NULL,NOT NULL,NOT NULL
430,ase_pt_a9753a5b1a1b4f5e,NOT NULL,NOT NULL,NOT NULL
431,ase_pt_6b35e0a20e884b30,NOT NULL,NOT NULL,NOT NULL
432,ase_pt_e5ccc8f977734766,NOT NULL,NOT NULL,NOT NULL
433,ase_pt_f8bf64f3692e4ea8,NOT NULL,NOT NULL,NOT NULL
434,ase_pt_3b1a8014c6fc4dd2,NOT NULL,NOT NULL,NOT NULL
435,ase_pt_3b1a8014c6fc4dd2,NOT NULL,NOT NULL,NOT NULL
436,ase_pt_3847e37dbe01457c,NOT NULL,NOT NULL,NOT NULL
437,ase_pt_3847e37dbe01457c,NOT NULL,NOT NULL,NOT NULL
438,ase_pt_bc60609866cf4c0f,NOT NULL,NOT NULL,NOT NULL
439,ase_pt_bc60609866cf4c0f,NOT NULL,NOT NULL,NOT NULL
440,ase_pt_161362eb9c554659,NOT NULL,NOT NULL,NOT NULL
441,ase_pt_161362eb9c554659,NOT NULL,NOT NULL,NOT NULL
442,ase_pt_cbd5bf81793446d7,NOT NULL,NOT NULL,NOT NULL
443,ase_pt_cbd5bf81793446d7,NOT NULL,NOT NULL,NOT NULL
444,ase_pt_e8d8f110ca2e46ea,NOT NULL,NOT NULL,NOT NULL
445,ase_pt_e8d8f110ca2e46ea,NOT NULL,NOT NULL,NOT NULL
446,ase_pt_5e49d8edae1c4bb5,NOT NULL,NOT NULL,NOT NULL
447,ase_pt_5e49d8edae1c4bb5,NOT NULL,NOT NULL,NOT NULL
448,ase_pt_b0a34de8bfd04d85,NOT NULL,NOT NULL,NOT NULL
449,ase_pt_b0a34de8bfd04d85,NOT NULL,NOT NULL,NOT NULL
450,ase_pt_d364f8772e634ea2,NOT NULL,NOT NULL,NOT NULL
451,ase_pt_d364f8772e634ea2,NOT NULL,NOT NULL,NOT NULL
452,ase_pt_9d1f3d6be1de42e7,NOT NULL,NOT NULL,NOT NULL
453,ase_pt_9d1f3d6be1de42e7,NOT NULL,NOT NULL,NOT NULL
454,ase_pt_77c6e57b3a1446b9,NOT NULL,NOT NULL,NOT NULL
455,ase_pt_77c6e57b3a1446b9,NOT NULL,NOT NULL,NOT NULL
456,ase_pt_c83827516c75413d,NOT NULL,NOT NULL,NOT NULL
457,ase_pt_c83827516c75413d,NOT NULL,NOT NULL,NOT NULL
458,ase_pt_f5348162a2d24340,NOT NULL,NOT NULL,NOT NULL
459,ase_pt_f5348162a2d24340,NOT NULL,NOT NULL,NOT NULL
460,ase_pt_e8185dd214344b3d,NOT NULL,NOT NULL,NOT NULL
461,ase_pt_e8185dd214344b3d,NOT NULL,NOT NULL,NOT NULL
462,ase_pt_1d7c0f90a07c44e7,NOT NULL,NOT NULL,NOT NULL
463,ase_pt_1d7c0f90a07c44e7,NOT NULL,NOT NULL,NOT NULL
464,ase_pt_e80dd2b5c261433a,NOT NULL,NOT NULL,NOT NULL
465,ase_pt_e80dd2b5c261433a,NOT NULL,NOT NULL,NOT NULL
466,ase_pt_dd6f5dcf3c9049ec,NOT NULL,NOT NULL,NOT NULL
467,ase_pt_dd6f5dcf3c9049ec,NOT NULL,NOT NULL,NOT NULL
468,ase_pt_ca738e7c12374252,NOT NULL,NOT NULL,NOT NULL
469,ase_pt_ca738e7c12374252,NOT NULL,NOT NULL,NOT NULL
470,ase_pt_422c7e1be7ac41bc,NOT NULL,NOT NULL,NOT NULL
471,ase_pt_422c7e1be7ac41bc,NOT NULL,NOT NULL,NOT NULL
472,ase_pt_8779236ee5114ad7,NOT NULL,NOT NULL,NOT NULL
473,ase_pt_8779236ee5114ad7,NOT NULL,NOT NULL,NOT NULL
474,ase_pt_b544d413f1fa4fbe,NOT NULL,NOT NULL,NOT NULL
475,ase_pt_b544d413f1fa4fbe,NOT NULL,NOT NULL,NOT NULL
476,ase_pt_97126c75c93c44f0,NOT NULL,NOT NULL,NOT NULL
477,ase_pt_97126c75c93c44f0,NOT NULL,NOT NULL,NOT NULL
478,ase_pt_e182672b33fc4791,NOT NULL,NOT NULL,NOT NULL
479,ase_pt_e182672b33fc4791,NOT NULL,NOT NULL,NOT NULL
480,ase_pt_e182672b33fc4791,NOT NULL,NOT NULL,NOT NULL
481,ase_pt_e182672b33fc4791,NOT NULL,NOT NULL,NOT NULL
482,ase_pt_977ced069bc5425b,NOT NULL,NOT NULL,NOT NULL
483,ase_pt_977ced069bc5425b,NOT NULL,NOT NULL,NOT NULL
484,ase_pt_977ced069bc5425b,NOT NULL,NOT NULL,NOT NULL
485,ase_pt_977ced069bc5425b,NOT NULL,NOT NULL,NOT NULL
486,ase_pt_9e5cf737f8e74fa3,NOT NULL,NOT NULL,NOT NULL
487,ase_pt_9e5cf737f8e74fa3,NOT NULL,NOT NULL,NOT NULL
488,ase_pt_2fb28aa0a20f49b3,NOT NULL,NOT NULL,NOT NULL
489,ase_pt_2fb28aa0a20f49b3,NOT NULL,NOT NULL,NOT NULL
490,ase_pt_18be7899a17a4176,NOT NULL,NOT NULL,NOT NULL
491,ase_pt_18be7899a17a4176,NOT NULL,NOT NULL,NOT NULL
492,ase_pt_b3dcd42cff494334,NOT NULL,NOT NULL,NOT NULL
493,ase_pt_b3dcd42cff494334,NOT NULL,NOT NULL,NOT NULL
494,ase_pt_4fd217eb3a5a4a32,NOT NULL,NOT NULL,NOT NULL
495,ase_pt_4fd217eb3a5a4a32,NOT NULL,NOT NULL,NOT NULL
496,ase_pt_4fd217eb3a5a4a32,NOT NULL,NOT NULL,NOT NULL
497,ase_pt_4fd217eb3a5a4a32,NOT NULL,NOT NULL,NOT NULL
498,ase_pt_56e7f9a96a7e4464,NOT NULL,NOT NULL,NOT NULL
499,ase_pt_56e7f9a96a7e4464,NOT NULL,NOT NULL,NOT NULL
500,ase_pt_f67e84675c5249a6,NOT NULL,NOT NULL,NOT NULL
501,ase_pt_f67e84675c5249a6,NOT NULL,NOT NULL,NOT NULL
502,ase_pt_b6be8e95c33a4553,NOT NULL,NOT NULL,NOT NULL
503,ase_pt_b6be8e95c33a4553,NOT NULL,NOT NULL,NOT NULL
504,ase_pt_68e54ed88e4d421b,NOT NULL,NOT NULL,NOT NULL
505,ase_pt_68e54ed88e4d421b,NOT NULL,NOT NULL,NOT NULL
506,ase_pt_e1ec5f6baa4d403d,NOT NULL,NOT NULL,NOT NULL
507,ase_pt_e1ec5f6baa4d403d,NOT NULL,NOT NULL,NOT NULL
508,ase_pt_21edb5107520446d,NOT NULL,NOT NULL,NOT NULL
509,ase_pt_21edb5107520446d,NOT NULL,NOT NULL,NOT NULL
510,ase_pt_e4b1d239379943ff,NOT NULL,NOT NULL,NOT NULL
511,ase_pt_e4b1d239379943ff,NOT NULL,NOT NULL,NOT NULL
512,ase_pt_fada956def4e448a,NOT NULL,NOT NULL,NOT NULL
513,ase_pt_fada956def4e448a,NOT NULL,NOT NULL,NOT NULL
514,ase_pt_db747bae239b4a97,NOT NULL,NOT NULL,NOT NULL
515,ase_pt_db747bae239b4a97,NOT NULL,NOT NULL,NOT NULL
516,ase_pt_db747bae239b4a97,NOT NULL,NOT NULL,NOT NULL
517,ase_pt_db747bae239b4a97,NOT NULL,NOT NULL,NOT NULL
518,ase_pt_25ab7424444f4a89,NOT NULL,NOT NULL,NOT NULL
519,ase_pt_25ab7424444f4a89,NOT NULL,NOT NULL,NOT NULL
520,ase_pt_8e442eea96e1491f,NOT NULL,NOT NULL,NOT NULL
521,ase_pt_8e442eea96e1491f,NOT NULL,NOT NULL,NOT NULL
522,ase_pt_e97315119a354c76,NOT NULL,NOT NULL,NOT NULL
523,ase_pt_e97315119a354c76,NOT NULL,NOT NULL,NOT NULL
524,ase_pt_c36ecfd5501c47a4,NOT NULL,NOT NULL,NOT NULL
525,ase_pt_c36ecfd5501c47a4,NOT NULL,NOT NULL,NOT NULL
526,ase_pt_130a27a8cb9745ba,NOT NULL,NOT NULL,NOT NULL
527,ase_pt_130a27a8cb9745ba,NOT NULL,NOT NULL,NOT NULL
528,ase_pt_e44634809c5544e3,NOT NULL,NOT NULL,NOT NULL
529,ase_pt_e44634809c5544e3,NOT NULL,NOT NULL,NOT NULL
530,ase_pt_e44634809c5544e3,NOT NULL,NOT NULL,NOT NULL
531,ase_pt_e44634809c5544e3,NOT NULL,NOT NULL,NOT NULL
532,ase_pt_b960fd2b68d648d3,NOT NULL,NOT NULL,NOT NULL
533,ase_pt_b960fd2b68d648d3,NOT NULL,NOT NULL,NOT NULL
534,ase_pt_ea5c2ec694ed460f,NOT NULL,NOT NULL,NOT NULL
535,ase_pt_ea5c2ec694ed460f,NOT NULL,NOT NULL,NOT NULL
536,ase_pt_ff5e137172e74047,NOT NULL,NOT NULL,NOT NULL
537,ase_pt_ff5e137172e74047,NOT NULL,NOT NULL,NOT NULL
538,ase_pt_ac4b9034cd964425,NOT NULL,NOT NULL,NOT NULL
539,ase_pt_ac4b9034cd964425,NOT NULL,NOT NULL,NOT NULL
540,ase_pt_b8bb8ab33f7c4861,NOT NULL,NOT NULL,NOT NULL
541,ase_pt_b8bb8ab33f7c4861,NOT NULL,NOT NULL,NOT NULL
542,ase_pt_fd8f510a65cb426a,NOT NULL,NOT NULL,NOT NULL
543,ase_pt_fd8f510a65cb426a,NOT NULL,NOT NULL,NOT NULL
544,ase_pt_fd8f510a65cb426a,NOT NULL,NOT NULL,NOT NULL
545,ase_pt_fd8f510a65cb426a,NOT NULL,NOT NULL,NOT NULL
546,ase_pt_8fdcc3627c754690,NOT NULL,NOT NULL,NOT NULL
547,ase_pt_8fdcc3627c754690,NOT NULL,NOT NULL,NOT NULL
548,ase_pt_8fdcc3627c754690,NOT NULL,NOT NULL,NOT NULL
549,ase_pt_8fdcc3627c754690,NOT NULL,NOT NULL,NOT NULL
550,ase_pt_390ae52392654d73,NOT NULL,NOT NULL,NOT NULL
551,ase_pt_390ae52392654d73,NOT NULL,NOT NULL,NOT NULL
552,ase_pt_390ae52392654d73,NOT NULL,NOT NULL,NOT NULL
553,ase_pt_390ae52392654d73,NOT NULL,NOT NULL,NOT NULL
554,ase_pt_2890588a8d2f4473,NOT NULL,NOT NULL,NOT NULL
555,ase_pt_2890588a8d2f4473,NOT NULL,NOT NULL,NOT NULL
556,ase_pt_2890588a8d2f4473,NOT NULL,NOT NULL,NOT NULL
557,ase_pt_2890588a8d2f4473,NOT NULL,NOT NULL,NOT NULL
558,ase_pt_873a7401af7c499b,NOT NULL,NOT NULL,NOT NULL
559,ase_pt_873a7401af7c499b,NOT NULL,NOT NULL,NOT NULL
560,ase_pt_873a7401af7c499b,NOT NULL,NOT NULL,NOT NULL
561,ase_pt_c8310c4a33604a82,NOT NULL,NOT NULL,NOT NULL
562,ase_pt_c8310c4a33604a82,NOT NULL,NOT NULL,NOT NULL
563,ase_pt_c8310c4a33604a82,NOT NULL,NOT NULL,NOT NULL
564,ase_pt_d416f4b7532c415c,NOT NULL,NOT NULL,NOT NULL
565,ase_pt_d416f4b7532c415c,NOT NULL,NOT NULL,NOT NULL
566,ase_pt_d416f4b7532c415c,NOT NULL,NOT NULL,NOT NULL
567,ase_pt_d416f4b7532c415c,NOT NULL,NOT NULL,NOT NULL
568,ase_pt_56d2d5d48d5b4236,NOT NULL,NOT NULL,NOT NULL
569,ase_pt_56d2d5d48d5b4236,NOT NULL,NOT NULL,NOT NULL
570,ase_pt_56d2d5d48d5b4236,NOT NULL,NOT NULL,NOT NULL
571,ase_pt_5f8707ca4cb44569,NOT NULL,NOT NULL,NOT NULL
572,ase_pt_5f8707ca4cb44569,NOT NULL,NOT NULL,NOT NULL
573,ase_pt_5f8707ca4cb44569,NOT NULL,NOT NULL,NOT NULL
574,ase_pt_aeb5d4d092ea48cc,NOT NULL,NOT NULL,NOT NULL
575,ase_pt_aeb5d4d092ea48cc,NOT NULL,NOT NULL,NOT NULL
576,ase_pt_aeb5d4d092ea48cc,NOT NULL,NOT NULL,NOT NULL
577,ase_pt_aa91c2601a534cca,NOT NULL,NOT NULL,NOT NULL
578,ase_pt_aa91c2601a534cca,NOT NULL,NOT NULL,NOT NULL
579,ase_pt_aa91c2601a534cca,NOT NULL,NOT NULL,NOT NULL
580,ase_pt_795a4febeaa54a0d,NOT NULL,NOT NULL,NOT NULL
581,ase_pt_795a4febeaa54a0d,NOT NULL,NOT NULL,NOT NULL
582,ase_pt_795a4febeaa54a0d,NOT NULL,NOT NULL,NOT NULL
583,ase_pt_df79891422ec4bf6,NOT NULL,NOT NULL,NOT NULL
584,ase_pt_df79891422ec4bf6,NOT NULL,NOT NULL,NOT NULL
585,ase_pt_df79891422ec4bf6,NOT NULL,NOT NULL,NOT NULL
586,ase_pt_0dc88f03b7564659,NOT NULL,NOT NULL,NOT NULL
587,ase_pt_0dc88f03b7564659,NOT NULL,NOT NULL,NOT NULL
588,ase_pt_0dc88f03b7564659,NOT NULL,NOT NULL,NOT NULL
589,ase_pt_0dc88f03b7564659,NOT NULL,NOT NULL,NOT NULL
590,ase_pt_0dc88f03b7564659,NOT NULL,NOT NULL,NOT NULL
591,ase_pt_0dc88f03b7564659,NOT NULL,NOT NULL,NOT NULL
592,ase_pt_946b75d084744dd5,NOT NULL,NOT NULL,NOT NULL
593,ase_pt_946b75d084744dd5,NOT NULL,NOT NULL,NOT NULL
594,ase_pt_946b75d084744dd5,NOT NULL,NOT NULL,NOT NULL
595,ase_pt_3f0dc8b2a4fd4917,NOT NULL,NOT NULL,NOT NULL
596,ase_pt_3f0dc8b2a4fd4917,NOT NULL,NOT NULL,NOT NULL
597,ase_pt_3f0dc8b2a4fd4917,NOT NULL,NOT NULL,NOT NULL
598,ase_pt_731523d79fb84a33,NOT NULL,NOT NULL,NOT NULL
599,ase_pt_731523d79fb84a33,NOT NULL,NOT NULL,NOT NULL
600,ase_pt_731523d79fb84a33,NOT NULL,NOT NULL,NOT NULL
601,ase_pt_731523d79fb84a33,NOT NULL,NOT NULL,NOT NULL
602,ase_pt_bb9a1f6f28054353,NOT NULL,NOT NULL,NOT NULL
603,ase_pt_bb9a1f6f28054353,NOT NULL,NOT NULL,NOT NULL
604,ase_pt_bb9a1f6f28054353,NOT NULL,NOT NULL,NOT NULL
605,ase_pt_bb9a1f6f28054353,NOT NULL,NOT NULL,NOT NULL
606,ase_pt_efa0f89d97a54617,NOT NULL,NOT NULL,NOT NULL
607,ase_pt_efa0f89d97a54617,NOT NULL,NOT NULL,NOT NULL
608,ase_pt_efa0f89d97a54617,NOT NULL,NOT NULL,NOT NULL
609,ase_pt_efa0f89d97a54617,NOT NULL,NOT NULL,NOT NULL
610,ase_pt_f250e712b2084bc1,NOT NULL,NOT NULL,NOT NULL
611,ase_pt_f250e712b2084bc1,NOT NULL,NOT NULL,NOT NULL
612,ase_pt_f250e712b2084bc1,NOT NULL,NOT NULL,NOT NULL
613,ase_pt_f250e712b2084bc1,NOT NULL,NOT NULL,NOT NULL
614,ase_pt_a8b9f5ecf5284755,NOT NULL,NOT NULL,NOT NULL
615,ase_pt_a8b9f5ecf5284755,NOT NULL,NOT NULL,NOT NULL
616,ase_pt_a8b9f5ecf5284755,NOT NULL,NOT NULL,NOT NULL
617,ase_pt_a8b9f5ecf5284755,NOT NULL,NOT NULL,NOT NULL
618,ase_pt_7de534e9fe6345cb,NOT NULL,NOT NULL,NOT NULL
619,ase_pt_7de534e9fe6345cb,NOT NULL,NOT NULL,NOT NULL
620,ase_pt_7de534e9fe6345cb,NOT NULL,NOT NULL,NOT NULL
621,ase_pt_7de534e9fe6345cb,NOT NULL,NOT NULL,NOT NULL
622,ase_pt_0e9c0584c7a24633,NOT NULL,NOT NULL,NOT NULL
623,ase_pt_0e9c0584c7a24633,NOT NULL,NOT NULL,NOT NULL
624,ase_pt_0e9c0584c7a24633,NOT NULL,NOT NULL,NOT NULL
625,ase_pt_0e9c0584c7a24633,NOT NULL,NOT NULL,NOT NULL
626,ase_pt_0e9c0584c7a24633,NOT NULL,NOT NULL,NOT NULL
627,ase_pt_0e9c0584c7a24633,NOT NULL,NOT NULL,NOT NULL
628,ase_pt_0e9c0584c7a24633,NOT NULL,NOT NULL,NOT NULL
629,ase_pt_0e9c0584c7a24633,NOT NULL,NOT NULL,NOT NULL
630,ase_pt_e89c1dfca5f44779,NOT NULL,NOT NULL,NOT NULL
631,ase_pt_e89c1dfca5f44779,NOT NULL,NOT NULL,NOT NULL
632,ase_pt_e89c1dfca5f44779,NOT NULL,NOT NULL,NOT NULL
633,ase_pt_e89c1dfca5f44779,NOT NULL,NOT NULL,NOT NULL
634,ase_pt_ee9d189d54294c8a,NOT NULL,NOT NULL,NOT NULL
635,ase_pt_ee9d189d54294c8a,NOT NULL,NOT NULL,NOT NULL
636,ase_pt_ee9d189d54294c8a,NOT NULL,NOT NULL,NOT NULL
637,ase_pt_ee9d189d54294c8a,NOT NULL,NOT NULL,NOT NULL
638,ase_pt_949f8a36d9124d7b,NOT NULL,NOT NULL,NOT NULL
639,ase_pt_949f8a36d9124d7b,NOT NULL,NOT NULL,NOT NULL
640,ase_pt_949f8a36d9124d7b,NOT NULL,NOT NULL,NOT NULL
641,ase_pt_949f8a36d9124d7b,NOT NULL,NOT NULL,NOT NULL
642,ase_pt_84bcc42a04404c1d,NOT NULL,NOT NULL,NOT NULL
643,ase_pt_84bcc42a04404c1d,NOT NULL,NOT NULL,NOT NULL
644,ase_pt_84bcc42a04404c1d,NOT NULL,NOT NULL,NOT NULL
645,ase_pt_84bcc42a04404c1d,NOT NULL,NOT NULL,NOT NULL
646,ase_pt_df0a266b5a764677,NOT NULL,NOT NULL,NOT NULL
647,ase_pt_df0a266b5a764677,NOT NULL,NOT NULL,NOT NULL
648,ase_pt_df0a266b5a764677,NOT NULL,NOT NULL,NOT NULL
649,ase_pt_df0a266b5a764677,NOT NULL,NOT NULL,NOT NULL
650,ase_pt_b6c5e61a736a4625,NOT NULL,NOT NULL,NOT NULL
651,ase_pt_b6c5e61a736a4625,NOT NULL,NOT NULL,NOT NULL
652,ase_pt_626ffd58b34e45ec,NOT NULL,NOT NULL,NOT NULL
653,ase_pt_626ffd58b34e45ec,NOT NULL,NOT NULL,NOT NULL
654,ase_pt_cab5b30e65814c46,NOT NULL,NOT NULL,NOT NULL
655,ase_pt_cab5b30e65814c46,NOT NULL,NOT NULL,NOT NULL
656,ase_pt_cab5b30e65814c46,NOT NULL,NOT NULL,NOT NULL
657,ase_pt_c3b3676b3dca4053,NOT NULL,NOT NULL,NOT NULL
658,ase_pt_c3b3676b3dca4053,NOT NULL,NOT NULL,NOT NULL
659,ase_pt_c3b3676b3dca4053,NOT NULL,NOT NULL,NOT NULL
660,ase_pt_cdcfed298b1248b7,NOT NULL,NOT NULL,NOT NULL
661,ase_pt_cdcfed298b1248b7,NOT NULL,NOT NULL,NOT NULL
662,ase_pt_cdcfed298b1248b7,NOT NULL,NOT NULL,NOT NULL
663,ase_pt_cdcfed298b1248b7,NOT NULL,NOT NULL,NOT NULL
664,ase_pt_f22e95e154d94408,NOT NULL,NOT NULL,NOT NULL
665,ase_pt_f22e95e154d94408,NOT NULL,NOT NULL,NOT NULL
666,ase_pt_f22e95e154d94408,NOT NULL,NOT NULL,NOT NULL
667,ase_pt_f22e95e154d94408,NOT NULL,NOT NULL,NOT NULL
668,ase_pt_6238c50e54c64833,NOT NULL,NOT NULL,NOT NULL
669,ase_pt_6238c50e54c64833,NOT NULL,NOT NULL,NOT NULL
670,ase_pt_6238c50e54c64833,NOT NULL,NOT NULL,NOT NULL
671,ase_pt_6238c50e54c64833,NOT NULL,NOT NULL,NOT NULL
672,ase_pt_186926e1febe450d,NOT NULL,NOT NULL,NOT NULL
673,ase_pt_186926e1febe450d,NOT NULL,NOT NULL,NOT NULL
674,ase_pt_14f0366b84ad46a1,NOT NULL,NOT NULL,NOT NULL
675,ase_pt_14f0366b84ad46a1,NOT NULL,NOT NULL,NOT NULL
676,ase_pt_3c868bba84d748be,NOT NULL,NOT NULL,NOT NULL
677,ase_pt_3c868bba84d748be,NOT NULL,NOT NULL,NOT NULL
678,ase_pt_3c868bba84d748be,NOT NULL,NOT NULL,NOT NULL
679,ase_pt_3c868bba84d748be,NOT NULL,NOT NULL,NOT NULL
680,ase_pt_4e16f998994a497a,NOT NULL,NOT NULL,NOT NULL
681,ase_pt_4e16f998994a497a,NOT NULL,NOT NULL,NOT NULL
682,ase_pt_4e16f998994a497a,NOT NULL,NOT NULL,NOT NULL
683,ase_pt_4e16f998994a497a,NOT NULL,NOT NULL,NOT NULL
684,ase_pt_51e1bd8493af4532,NOT NULL,NOT NULL,NOT NULL
685,ase_pt_51e1bd8493af4532,NOT NULL,NOT NULL,NOT NULL
686,ase_pt_bbfe78136a6145df,NOT NULL,NOT NULL,NOT NULL
687,ase_pt_bbfe78136a6145df,NOT NULL,NOT NULL,NOT NULL
688,ase_pt_ec5bbbcd384d43e0,NOT NULL,NOT NULL,NOT NULL
689,ase_pt_ec5bbbcd384d43e0,NOT NULL,NOT NULL,NOT NULL
690,ase_pt_e0dcd7cfa0434bf4,NOT NULL,NOT NULL,NOT NULL
691,ase_pt_e0dcd7cfa0434bf4,NOT NULL,NOT NULL,NOT NULL
692,ase_pt_96c335fbcd3f4c4f,NOT NULL,NOT NULL,NOT NULL
693,ase_pt_96c335fbcd3f4c4f,NOT NULL,NOT NULL,NOT NULL
694,ase_pt_96c335fbcd3f4c4f,NOT NULL,NOT NULL,NOT NULL
695,ase_pt_071c68cb9fa54058,NOT NULL,NOT NULL,NOT NULL
696,ase_pt_071c68cb9fa54058,NOT NULL,NOT NULL,NOT NULL
697,ase_pt_071c68cb9fa54058,NOT NULL,NOT NULL,NOT NULL
698,ase_pt_071c68cb9fa54058,NOT NULL,NOT NULL,NOT NULL
699,ase_pt_004a747141f34b53,NOT NULL,NOT NULL,NOT NULL
700,ase_pt_004a747141f34b53,NOT NULL,NOT NULL,NOT NULL
701,ase_pt_b17fef4b11414c67,NOT NULL,NOT NULL,NOT NULL
702,ase_pt_b17fef4b11414c67,NOT NULL,NOT NULL,NOT NULL
703,ase_pt_b17fef4b11414c67,NOT NULL,NOT NULL,NOT NULL
704,ase_pt_b17fef4b11414c67,NOT NULL,NOT NULL,NOT NULL
705,ase_pt_52db46c029b748f6,NOT NULL,NOT NULL,NOT NULL
706,ase_pt_52db46c029b748f6,NOT NULL,NOT NULL,NOT NULL
707,ase_pt_9ae3a43abb114bb3,NOT NULL,NOT NULL,NOT NULL
708,ase_pt_9ae3a43abb114bb3,NOT NULL,NOT NULL,NOT NULL
709,ase_pt_9ae3a43abb114bb3,NOT NULL,NOT NULL,NOT NULL
710,ase_pt_3c3d96cd00fa4b9f,NOT NULL,NOT NULL,NOT NULL
711,ase_pt_3c3d96cd00fa4b9f,NOT NULL,NOT NULL,NOT NULL
712,ase_pt_3c3d96cd00fa4b9f,NOT NULL,NOT NULL,NOT NULL
713,ase_pt_3c3d96cd00fa4b9f,NOT NULL,NOT NULL,NOT NULL
714,ase_pt_e2d687d64f954cd6,NOT NULL,NOT NULL,NOT NULL
715,ase_pt_e2d687d64f954cd6,NOT NULL,NOT NULL,NOT NULL
716,ase_pt_e2d687d64f954cd6,NOT NULL,NOT NULL,NOT NULL
717,ase_pt_e2d687d64f954cd6,NOT NULL,NOT NULL,NOT NULL
718,ase_pt_b0bae41a8b684f02,NOT NULL,NOT NULL,NOT NULL
719,ase_pt_b0bae41a8b684f02,NOT NULL,NOT NULL,NOT NULL
720,ase_pt_007d3f1af7e84a77,NOT NULL,NOT NULL,NOT NULL
721,ase_pt_007d3f1af7e84a77,NOT NULL,NOT NULL,NOT NULL
722,ase_pt_0e212e6ad17744d0,NOT NULL,NOT NULL,NOT NULL
723,ase_pt_d9ff3f43e29b426f,NOT NULL,NOT NULL,NOT NULL
724,ase_pt_d9ff3f43e29b426f,NOT NULL,NOT NULL,NOT NULL
725,ase_pt_752066dea78b41bf,NOT NULL,NOT NULL,NOT NULL
726,ase_pt_752066dea78b41bf,NOT NULL,NOT NULL,NOT NULL
727,ase_pt_752066dea78b41bf,NOT NULL,NOT NULL,NOT NULL
728,ase_pt_752066dea78b41bf,NOT NULL,NOT NULL,NOT NULL
729,ase_pt_e99a1c0bac7a44b8,NOT NULL,NOT NULL,NOT NULL
730,ase_pt_e99a1c0bac7a44b8,NOT NULL,NOT NULL,NOT NULL
731,ase_pt_e99a1c0bac7a44b8,NOT NULL,NOT NULL,NOT NULL
732,ase_pt_e99a1c0bac7a44b8,NOT NULL,NOT NULL,NOT NULL
733,ase_pt_e99a1c0bac7a44b8,NOT NULL,NOT NULL,NOT NULL
734,ase_pt_23c047592c864aa6,NOT NULL,NOT NULL,NOT NULL
735,ase_pt_23c047592c864aa6,NOT NULL,NOT NULL,NOT NULL
736,ase_pt_23c047592c864aa6,NOT NULL,NOT NULL,NOT NULL
737,ase_pt_23c047592c864aa6,NOT NULL,NOT NULL,NOT NULL
738,ase_pt_23c047592c864aa6,NOT NULL,NOT NULL,NOT NULL
739,ase_pt_23c047592c864aa6,NOT NULL,NOT NULL,NOT NULL
740,ase_pt_5a58675379e94007,NOT NULL,NOT NULL,NOT NULL
741,ase_pt_5a58675379e94007,NOT NULL,NOT NULL,NOT NULL
742,ase_pt_5a58675379e94007,NOT NULL,NOT NULL,NOT NULL
743,ase_pt_5a58675379e94007,NOT NULL,NOT NULL,NOT NULL
744,ase_pt_5a58675379e94007,NOT NULL,NOT NULL,NOT NULL
745,ase_pt_5a58675379e94007,NOT NULL,NOT NULL,NOT NULL
746,ase_pt_5a58675379e94007,NOT NULL,NOT NULL,NOT NULL
747,ase_pt_5a58675379e94007,NOT NULL,NOT NULL,NOT NULL
748,ase_pt_374d35422d344aa3,NOT NULL,NOT NULL,NOT NULL
749,ase_pt_d290c1a0e61b449f,NOT NULL,NOT NULL,NOT NULL
750,ase_pt_172a972a10174266,NOT NULL,NOT NULL,NOT NULL
751,ase_pt_e7789d15879a45eb,NOT NULL,NOT NULL,NOT NULL
752,ase_pt_1b16a124b3174a1d,NOT NULL,NOT NULL,NOT NULL
753,ase_pt_c985351fe54449c8,NOT NULL,NOT NULL,NOT NULL
754,ase_pt_26b9a78175254dcd,NOT NULL,NOT NULL,NOT NULL
755,ase_pt_26b9a78175254dcd,NOT NULL,NOT NULL,NOT NULL
756,ase_pt_a786e2c48589413f,NOT NULL,NOT NULL,NOT NULL
757,ase_pt_a786e2c48589413f,NOT NULL,NOT NULL,NOT NULL
758,ase_pt_ff4857b9ca1e4f31,NOT NULL,NOT NULL,NOT NULL
759,ase_pt_ff4857b9ca1e4f31,NOT NULL,NOT NULL,NOT NULL
760,ase_pt_07bdcfff5f604dac,NOT NULL,NOT NULL,NOT NULL
761,ase_pt_07bdcfff5f604dac,NOT NULL,NOT NULL,NOT NULL
762,ase_pt_9c6a842c94f74f0c,NOT NULL,NOT NULL,NOT NULL
763,ase_pt_9c6a842c94f74f0c,NOT NULL,NOT NULL,NOT NULL
764,ase_pt_a0f182a9ba75429b,NOT NULL,NOT NULL,NOT NULL
765,ase_pt_a0f182a9ba75429b,NOT NULL,NOT NULL,NOT NULL
766,ase_pt_00b9fcf63ec84443,NOT NULL,NOT NULL,NOT NULL
767,ase_pt_00b9fcf63ec84443,NOT NULL,NOT NULL,NOT NULL
768,ase_pt_89e9a7a206094b5d,NOT NULL,NOT NULL,NOT NULL
769,ase_pt_89e9a7a206094b5d,NOT NULL,NOT NULL,NOT NULL
770,ase_pt_9221343a8ff442c1,NOT NULL,NOT NULL,NOT NULL
771,ase_pt_9221343a8ff442c1,NOT NULL,NOT NULL,NOT NULL
772,ase_pt_2be32f47df1f4199,NOT NULL,NOT NULL,NOT NULL
773,ase_pt_2be32f47df1f4199,NOT NULL,NOT NULL,NOT NULL
774,ase_pt_3a461d2fa135461e,NOT NULL,NOT NULL,NOT NULL
775,ase_pt_3a461d2fa135461e,NOT NULL,NOT NULL,NOT NULL
776,ase_pt_8b344752f60546a1,NOT NULL,NOT NULL,NOT NULL
777,ase_pt_8b344752f60546a1,NOT NULL,NOT NULL,NOT NULL
778,ase_pt_9b4f4bfe915d486c,NOT NULL,NOT NULL,NOT NULL
779,ase_pt_9b4f4bfe915d486c,NOT NULL,NOT NULL,NOT NULL
780,ase_pt_d66365d89f08431d,NOT NULL,NOT NULL,NOT NULL
781,ase_pt_d66365d89f08431d,NOT NULL,NOT NULL,NOT NULL
782,ase_pt_36c1bab4acbe416d,NOT NULL,NOT NULL,NOT NULL
783,ase_pt_36c1bab4acbe416d,NOT NULL,NOT NULL,NOT NULL
784,ase_pt_072d99d8825b437b,NOT NULL,NOT NULL,NOT NULL
785,ase_pt_072d99d8825b437b,NOT NULL,NOT NULL,NOT NULL
786,ase_pt_13ff268f37fb45d6,NOT NULL,NOT NULL,NOT NULL
787,ase_pt_13ff268f37fb45d6,NOT NULL,NOT NULL,NOT NULL
788,ase_pt_824858ba1134432d,NOT NULL,NOT NULL,NOT NULL
789,ase_pt_824858ba1134432d,NOT NULL,NOT NULL,NOT NULL
790,ase_pt_81456c16dc9141dc,NOT NULL,NOT NULL,NOT NULL
791,ase_pt_81456c16dc9141dc,NOT NULL,NOT NULL,NOT NULL
792,ase_pt_68dedcd545444fa1,NOT NULL,NOT NULL,NOT NULL
793,ase_pt_68dedcd545444fa1,NOT NULL,NOT NULL,NOT NULL
794,ase_pt_5dd2701e8ad6448e,NOT NULL,NOT NULL,NOT NULL
795,ase_pt_5dd2701e8ad6448e,NOT NULL,NOT NULL,NOT NULL
796,ase_pt_d4b58757814f4b80,NOT NULL,NOT NULL,NOT NULL
797,ase_pt_d4b58757814f4b80,NOT NULL,NOT NULL,NOT NULL
798,ase_pt_5dc715014dd84a43,NOT NULL,NOT NULL,NOT NULL
799,ase_pt_5dc715014dd84a43,NOT NULL,NOT NULL,NOT NULL
800,ase_pt_5dc715014dd84a43,NOT NULL,NOT NULL,NOT NULL
801,ase_pt_5dc715014dd84a43,NOT NULL,NOT NULL,NOT NULL
802,ase_pt_29707c7594b24de3,NOT NULL,NOT NULL,NOT NULL
803,ase_pt_29707c7594b24de3,NOT NULL,NOT NULL,NOT NULL
804,ase_pt_29707c7594b24de3,NOT NULL,NOT NULL,NOT NULL
805,ase_pt_29707c7594b24de3,NOT NULL,NOT NULL,NOT NULL
806,ase_pt_7f4cbe9e07c348b3,NOT NULL,NOT NULL,NOT NULL
807,ase_pt_7f4cbe9e07c348b3,NOT NULL,NOT NULL,NOT NULL
808,ase_pt_e0843e5730d14f6a,NOT NULL,NOT NULL,NOT NULL
809,ase_pt_e0843e5730d14f6a,NOT NULL,NOT NULL,NOT NULL
810,ase_pt_24c4ba6f47cb4240,NOT NULL,NOT NULL,NOT NULL
811,ase_pt_24c4ba6f47cb4240,NOT NULL,NOT NULL,NOT NULL
812,ase_pt_55f2879c9c234ae8,NOT NULL,NOT NULL,NOT NULL
813,ase_pt_55f2879c9c234ae8,NOT NULL,NOT NULL,NOT NULL
814,ase_pt_7904fd855b78444d,NOT NULL,NOT NULL,NOT NULL
815,ase_pt_7904fd855b78444d,NOT NULL,NOT NULL,NOT NULL
816,ase_pt_7904fd855b78444d,NOT NULL,NOT NULL,NOT NULL
817,ase_pt_7904fd855b78444d,NOT NULL,NOT NULL,NOT NULL
818,ase_pt_53fd94a5236f4933,NOT NULL,NOT NULL,NOT NULL
819,ase_pt_53fd94a5236f4933,NOT NULL,NOT NULL,NOT NULL
820,ase_pt_04f4c3ecbe4a4039,NOT NULL,NOT NULL,NOT NULL
821,ase_pt_04f4c3ecbe4a4039,NOT NULL,NOT NULL,NOT NULL
822,ase_pt_b70d6af2f94d4814,NOT NULL,NOT NULL,NOT NULL
823,ase_pt_b70d6af2f94d4814,NOT NULL,NOT NULL,NOT NULL
824,ase_pt_a36cd5a474524c44,NOT NULL,NOT NULL,NOT NULL
825,ase_pt_a36cd5a474524c44,NOT NULL,NOT NULL,NOT NULL
826,ase_pt_94869ecb05004e5d,NOT NULL,NOT NULL,NOT NULL
827,ase_pt_94869ecb05004e5d,NOT NULL,NOT NULL,NOT NULL
828,ase_pt_68eeb4f5c58f48cd,NOT NULL,NOT NULL,NOT NULL
829,ase_pt_68eeb4f5c58f48cd,NOT NULL,NOT NULL,NOT NULL
830,ase_pt_3fea564c077e49df,NOT NULL,NOT NULL,NOT NULL
831,ase_pt_3fea564c077e49df,NOT NULL,NOT NULL,NOT NULL
832,ase_pt_751823b026db4dd0,NOT NULL,NOT NULL,NOT NULL
833,ase_pt_751823b026db4dd0,NOT NULL,NOT NULL,NOT NULL
834,ase_pt_34b7749cae3b494d,NOT NULL,NOT NULL,NOT NULL
835,ase_pt_34b7749cae3b494d,NOT NULL,NOT NULL,NOT NULL
836,ase_pt_34b7749cae3b494d,NOT NULL,NOT NULL,NOT NULL
837,ase_pt_34b7749cae3b494d,NOT NULL,NOT NULL,NOT NULL
838,ase_pt_6bb95b5aa7244b82,NOT NULL,NOT NULL,NOT NULL
839,ase_pt_6bb95b5aa7244b82,NOT NULL,NOT NULL,NOT NULL
840,ase_pt_df9ef3680a77413b,NOT NULL,NOT NULL,NOT NULL
841,ase_pt_df9ef3680a77413b,NOT NULL,NOT NULL,NOT NULL
842,ase_pt_0fd2fff6f13649d5,NOT NULL,NOT NULL,NOT NULL
843,ase_pt_0fd2fff6f13649d5,NOT NULL,NOT NULL,NOT NULL
844,ase_pt_0ec22af1f8694c35,NOT NULL,NOT NULL,NOT NULL
845,ase_pt_0ec22af1f8694c35,NOT NULL,NOT NULL,NOT NULL
846,ase_pt_78bec6a96d964fd6,NOT NULL,NOT NULL,NOT NULL
847,ase_pt_78bec6a96d964fd6,NOT NULL,NOT NULL,NOT NULL
848,ase_pt_f524316759cb4ded,NOT NULL,NOT NULL,NOT NULL
849,ase_pt_f524316759cb4ded,NOT NULL,NOT NULL,NOT NULL
850,ase_pt_f524316759cb4ded,NOT NULL,NOT NULL,NOT NULL
851,ase_pt_f524316759cb4ded,NOT NULL,NOT NULL,NOT NULL
852,ase_pt_155673414d9c4237,NOT NULL,NOT NULL,NOT NULL
853,ase_pt_155673414d9c4237,NOT NULL,NOT NULL,NOT NULL
854,ase_pt_492673dfeb9d4bb4,NOT NULL,NOT NULL,NOT NULL
855,ase_pt_492673dfeb9d4bb4,NOT NULL,NOT NULL,NOT NULL
856,ase_pt_e8daada75c2d4937,NOT NULL,NOT NULL,NOT NULL
857,ase_pt_e8daada75c2d4937,NOT NULL,NOT NULL,NOT NULL
858,ase_pt_bb16728c9ab74c57,NOT NULL,NOT NULL,NOT NULL
859,ase_pt_bb16728c9ab74c57,NOT NULL,NOT NULL,NOT NULL
860,ase_pt_dda2c92bd3bf4532,NOT NULL,NOT NULL,NOT NULL
861,ase_pt_dda2c92bd3bf4532,NOT NULL,NOT NULL,NOT NULL
862,ase_pt_6380627d787b417b,NOT NULL,NOT NULL,NOT NULL
863,ase_pt_6380627d787b417b,NOT NULL,NOT NULL,NOT NULL
864,ase_pt_6380627d787b417b,NOT NULL,NOT NULL,NOT NULL
865,ase_pt_6380627d787b417b,NOT NULL,NOT NULL,NOT NULL
866,ase_pt_989392eefb9541f2,NOT NULL,NOT NULL,NOT NULL
867,ase_pt_989392eefb9541f2,NOT NULL,NOT NULL,NOT NULL
868,ase_pt_989392eefb9541f2,NOT NULL,NOT NULL,NOT NULL
869,ase_pt_989392eefb9541f2,NOT NULL,NOT NULL,NOT NULL
870,ase_pt_c15348efbf064e5a,NOT NULL,NOT NULL,NOT NULL
871,ase_pt_c15348efbf064e5a,NOT NULL,NOT NULL,NOT NULL
872,ase_pt_c15348efbf064e5a,NOT NULL,NOT NULL,NOT NULL
873,ase_pt_c15348efbf064e5a,NOT NULL,NOT NULL,NOT NULL
874,ase_pt_1efc5e19f4d2470b,NOT NULL,NOT NULL,NOT NULL
875,ase_pt_1efc5e19f4d2470b,NOT NULL,NOT NULL,NOT NULL
876,ase_pt_1efc5e19f4d2470b,NOT NULL,NOT NULL,NOT NULL
877,ase_pt_1efc5e19f4d2470b,NOT NULL,NOT NULL,NOT NULL
878,ase_pt_83d56a0a0f0f40a3,NOT NULL,NOT NULL,NOT NULL
879,ase_pt_83d56a0a0f0f40a3,NOT NULL,NOT NULL,NOT NULL
880,ase_pt_83d56a0a0f0f40a3,NOT NULL,NOT NULL,NOT NULL
881,ase_pt_7d604ae2b8b84008,NOT NULL,NOT NULL,NOT NULL
882,ase_pt_7d604ae2b8b84008,NOT NULL,NOT NULL,NOT NULL
883,ase_pt_7d604ae2b8b84008,NOT NULL,NOT NULL,NOT NULL
884,ase_pt_5531bb51b3f046e0,NOT NULL,NOT NULL,NOT NULL
885,ase_pt_5531bb51b3f046e0,NOT NULL,NOT NULL,NOT NULL
886,ase_pt_5531bb51b3f046e0,NOT NULL,NOT NULL,NOT NULL
887,ase_pt_5531bb51b3f046e0,NOT NULL,NOT NULL,NOT NULL
888,ase_pt_bb138449b1884e36,NOT NULL,NOT NULL,NOT NULL
889,ase_pt_bb138449b1884e36,NOT NULL,NOT NULL,NOT NULL
890,ase_pt_bb138449b1884e36,NOT NULL,NOT NULL,NOT NULL
891,ase_pt_848e090753ce4b78,NOT NULL,NOT NULL,NOT NULL
892,ase_pt_848e090753ce4b78,NOT NULL,NOT NULL,NOT NULL
893,ase_pt_848e090753ce4b78,NOT NULL,NOT NULL,NOT NULL
894,ase_pt_c7352c9de31649d5,NOT NULL,NOT NULL,NOT NULL
895,ase_pt_c7352c9de31649d5,NOT NULL,NOT NULL,NOT NULL
896,ase_pt_c7352c9de31649d5,NOT NULL,NOT NULL,NOT NULL
897,ase_pt_63167d95b92d46a9,NOT NULL,NOT NULL,NOT NULL
898,ase_pt_63167d95b92d46a9,NOT NULL,NOT NULL,NOT NULL
899,ase_pt_63167d95b92d46a9,NOT NULL,NOT NULL,NOT NULL
900,ase_pt_4e005621b9684abd,NOT NULL,NOT NULL,NOT NULL
901,ase_pt_4e005621b9684abd,NOT NULL,NOT NULL,NOT NULL
902,ase_pt_4e005621b9684abd,NOT NULL,NOT NULL,NOT NULL
903,ase_pt_03849d666efe4824,NOT NULL,NOT NULL,NOT NULL
904,ase_pt_03849d666efe4824,NOT NULL,NOT NULL,NOT NULL
905,ase_pt_03849d666efe4824,NOT NULL,NOT NULL,NOT NULL
906,ase_pt_e7742d0825944040,NOT NULL,NOT NULL,NOT NULL
907,ase_pt_e7742d0825944040,NOT NULL,NOT NULL,NOT NULL
908,ase_pt_e7742d0825944040,NOT NULL,NOT NULL,NOT NULL
909,ase_pt_e7742d0825944040,NOT NULL,NOT NULL,NOT NULL
910,ase_pt_e7742d0825944040,NOT NULL,NOT NULL,NOT NULL
911,ase_pt_e7742d0825944040,NOT NULL,NOT NULL,NOT NULL
912,ase_pt_8dbc75e418544b88,NOT NULL,NOT NULL,NOT NULL
913,ase_pt_8dbc75e418544b88,NOT NULL,NOT NULL,NOT NULL
914,ase_pt_8dbc75e418544b88,NOT NULL,NOT NULL,NOT NULL
915,ase_pt_c45fec7c13434445,NOT NULL,NOT NULL,NOT NULL
916,ase_pt_c45fec7c13434445,NOT NULL,NOT NULL,NOT NULL
917,ase_pt_c45fec7c13434445,NOT NULL,NOT NULL,NOT NULL
918,ase_pt_0e5e83ab54cb4538,NOT NULL,NOT NULL,NOT NULL
919,ase_pt_0e5e83ab54cb4538,NOT NULL,NOT NULL,NOT NULL
920,ase_pt_0e5e83ab54cb4538,NOT NULL,NOT NULL,NOT NULL
921,ase_pt_0e5e83ab54cb4538,NOT NULL,NOT NULL,NOT NULL
922,ase_pt_ff3f24f24b8e45f4,NOT NULL,NOT NULL,NOT NULL
923,ase_pt_ff3f24f24b8e45f4,NOT NULL,NOT NULL,NOT NULL
924,ase_pt_ff3f24f24b8e45f4,NOT NULL,NOT NULL,NOT NULL
925,ase_pt_ff3f24f24b8e45f4,NOT NULL,NOT NULL,NOT NULL
926,ase_pt_762319e20bcf4980,NOT NULL,NOT NULL,NOT NULL
927,ase_pt_762319e20bcf4980,NOT NULL,NOT NULL,NOT NULL
928,ase_pt_762319e20bcf4980,NOT NULL,NOT NULL,NOT NULL
929,ase_pt_762319e20bcf4980,NOT NULL,NOT NULL,NOT NULL
930,ase_pt_c5e54d1c2fad41cc,NOT NULL,NOT NULL,NOT NULL
931,ase_pt_c5e54d1c2fad41cc,NOT NULL,NOT NULL,NOT NULL
932,ase_pt_c5e54d1c2fad41cc,NOT NULL,NOT NULL,NOT NULL
933,ase_pt_c5e54d1c2fad41cc,NOT NULL,NOT NULL,NOT NULL
934,ase_pt_bfcfa9b74a7841ec,NOT NULL,NOT NULL,NOT NULL
935,ase_pt_bfcfa9b74a7841ec,NOT NULL,NOT NULL,NOT NULL
936,ase_pt_bfcfa9b74a7841ec,NOT NULL,NOT NULL,NOT NULL
937,ase_pt_bfcfa9b74a7841ec,NOT NULL,NOT NULL,NOT NULL
938,ase_pt_6902ab81fd5c473c,NOT NULL,NOT NULL,NOT NULL
939,ase_pt_6902ab81fd5c473c,NOT NULL,NOT NULL,NOT NULL
940,ase_pt_6902ab81fd5c473c,NOT NULL,NOT NULL,NOT NULL
941,ase_pt_6902ab81fd5c473c,NOT NULL,NOT NULL,NOT NULL
942,ase_pt_1ec92c1858a942b5,NOT NULL,NOT NULL,NOT NULL
943,ase_pt_1ec92c1858a942b5,NOT NULL,NOT NULL,NOT NULL
944,ase_pt_1ec92c1858a942b5,NOT NULL,NOT NULL,NOT NULL
945,ase_pt_1ec92c1858a942b5,NOT NULL,NOT NULL,NOT NULL
946,ase_pt_1ec92c1858a942b5,NOT NULL,NOT NULL,NOT NULL
947,ase_pt_1ec92c1858a942b5,NOT NULL,NOT NULL,NOT NULL
948,ase_pt_1ec92c1858a942b5,NOT NULL,NOT NULL,NOT NULL
949,ase_pt_1ec92c1858a942b5,NOT NULL,NOT NULL,NOT NULL
950,ase_pt_c985b0ea78c349bf,NOT NULL,NOT NULL,NOT NULL
951,ase_pt_c985b0ea78c349bf,NOT NULL,NOT NULL,NOT NULL
952,ase_pt_c985b0ea78c349bf,NOT NULL,NOT NULL,NOT NULL
953,ase_pt_c985b0ea78c349bf,NOT NULL,NOT NULL,NOT NULL
954,ase_pt_725a2fc7d4474ae9,NOT NULL,NOT NULL,NOT NULL
955,ase_pt_725a2fc7d4474ae9,NOT NULL,NOT NULL,NOT NULL
956,ase_pt_725a2fc7d4474ae9,NOT NULL,NOT NULL,NOT NULL
957,ase_pt_725a2fc7d4474ae9,NOT NULL,NOT NULL,NOT NULL
958,ase_pt_10e90105a8cd4fd0,NOT NULL,NOT NULL,NOT NULL
959,ase_pt_10e90105a8cd4fd0,NOT NULL,NOT NULL,NOT NULL
960,ase_pt_10e90105a8cd4fd0,NOT NULL,NOT NULL,NOT NULL
961,ase_pt_10e90105a8cd4fd0,NOT NULL,NOT NULL,NOT NULL
962,ase_pt_d742e132255243af,NOT NULL,NOT NULL,NOT NULL
963,ase_pt_d742e132255243af,NOT NULL,NOT NULL,NOT NULL
964,ase_pt_d742e132255243af,NOT NULL,NOT NULL,NOT NULL
965,ase_pt_d742e132255243af,NOT NULL,NOT NULL,NOT NULL
966,ase_pt_630c5bfba91c45a1,NOT NULL,NOT NULL,NOT NULL
967,ase_pt_630c5bfba91c45a1,NOT NULL,NOT NULL,NOT NULL
968,ase_pt_630c5bfba91c45a1,NOT NULL,NOT NULL,NOT NULL
969,ase_pt_630c5bfba91c45a1,NOT NULL,NOT NULL,NOT NULL
970,ase_pt_bb4541f2bdfc46ca,NOT NULL,NOT NULL,NOT NULL
971,ase_pt_bb4541f2bdfc46ca,NOT NULL,NOT NULL,NOT NULL
972,ase_pt_d8dc2fb768cf4d72,NOT NULL,NOT NULL,NOT NULL
973,ase_pt_d8dc2fb768cf4d72,NOT NULL,NOT NULL,NOT NULL
974,ase_pt_2b1cb0acde8a4d2a,NOT NULL,NOT NULL,NOT NULL
975,ase_pt_2b1cb0acde8a4d2a,NOT NULL,NOT NULL,NOT NULL
976,ase_pt_2b1cb0acde8a4d2a,NOT NULL,NOT NULL,NOT NULL
977,ase_pt_98a9900391574b3c,NOT NULL,NOT NULL,NOT NULL
978,ase_pt_98a9900391574b3c,NOT NULL,NOT NULL,NOT NULL
979,ase_pt_98a9900391574b3c,NOT NULL,NOT NULL,NOT NULL
980,ase_pt_df0d1012524347fb,NOT NULL,NOT NULL,NOT NULL
981,ase_pt_df0d1012524347fb,NOT NULL,NOT NULL,NOT NULL
982,ase_pt_df0d1012524347fb,NOT NULL,NOT NULL,NOT NULL
983,ase_pt_df0d1012524347fb,NOT NULL,NOT NULL,NOT NULL
984,ase_pt_963783dd4e834ad5,NOT NULL,NOT NULL,NOT NULL
985,ase_pt_963783dd4e834ad5,NOT NULL,NOT NULL,NOT NULL
986,ase_pt_963783dd4e834ad5,NOT NULL,NOT NULL,NOT NULL
987,ase_pt_963783dd4e834ad5,NOT NULL,NOT NULL,NOT NULL
988,ase_pt_3f620ebb349a4df9,NOT NULL,NOT NULL,NOT NULL
989,ase_pt_3f620ebb349a4df9,NOT NULL,NOT NULL,NOT NULL
990,ase_pt_3f620ebb349a4df9,NOT NULL,NOT NULL,NOT NULL
991,ase_pt_3f620ebb349a4df9,NOT NULL,NOT NULL,NOT NULL
992,ase_pt_bf9746964617425a,NOT NULL,NOT NULL,NOT NULL
993,ase_pt_bf9746964617425a,NOT NULL,NOT NULL,NOT NULL
994,ase_pt_305c8be299544ad0,NOT NULL,NOT NULL,NOT NULL
995,ase_pt_305c8be299544ad0,NOT NULL,NOT NULL,NOT NULL
996,ase_pt_dea8aa2dc202496f,NOT NULL,NOT NULL,NOT NULL
997,ase_pt_dea8aa2dc202496f,NOT NULL,NOT NULL,NOT NULL
998,ase_pt_dea8aa2dc202496f,NOT NULL,NOT NULL,NOT NULL
999,ase_pt_dea8aa2dc202496f,NOT NULL,NOT NULL,NOT NULL
1000,ase_pt_f3afc3f4ede84b03,NOT NULL,NOT NULL,NOT NULL
1001,ase_pt_f3afc3f4ede84b03,NOT NULL,NOT NULL,NOT NULL
1002,ase_pt_f3afc3f4ede84b03,NOT NULL,NOT NULL,NOT NULL
1003,ase_pt_f3afc3f4ede84b03,NOT NULL,NOT NULL,NOT NULL
1004,ase_pt_a2df9c7deeea4407,NOT NULL,NOT NULL,NOT NULL
1005,ase_pt_a2df9c7deeea4407,NOT NULL,NOT NULL,NOT NULL
1006,ase_pt_c8bf85c6ede2488b,NOT NULL,NOT NULL,NOT NULL
1007,ase_pt_c8bf85c6ede2488b,NOT NULL,NOT NULL,NOT NULL
1008,ase_pt_5e1802c0f78045cb,NOT NULL,NOT NULL,NOT NULL
1009,ase_pt_5e1802c0f78045cb,NOT NULL,NOT NULL,NOT NULL
1010,ase_pt_c8dd09199fb94cf3,NOT NULL,NOT NULL,NOT NULL
1011,ase_pt_c8dd09199fb94cf3,NOT NULL,NOT NULL,NOT NULL
1012,ase_pt_f352a5bb0a3845c7,NOT NULL,NOT NULL,NOT NULL
1013,ase_pt_f352a5bb0a3845c7,NOT NULL,NOT NULL,NOT NULL
1014,ase_pt_f352a5bb0a3845c7,NOT NULL,NOT NULL,NOT NULL
1015,ase_pt_496875cb2f7d476e,NOT NULL,NOT NULL,NOT NULL
1016,ase_pt_496875cb2f7d476e,NOT NULL,NOT NULL,NOT NULL
1017,ase_pt_496875cb2f7d476e,NOT NULL,NOT NULL,NOT NULL
1018,ase_pt_496875cb2f7d476e,NOT NULL,NOT NULL,NOT NULL
1019,ase_pt_d8d2ea56d692462f,NOT NULL,NOT NULL,NOT NULL
1020,ase_pt_d8d2ea56d692462f,NOT NULL,NOT NULL,NOT NULL
1021,ase_pt_bed69d2bf32e4b21,NOT NULL,NOT NULL,NOT NULL
1022,ase_pt_bed69d2bf32e4b21,NOT NULL,NOT NULL,NOT NULL
1023,ase_pt_bed69d2bf32e4b21,NOT NULL,NOT NULL,NOT NULL
1024,ase_pt_bed69d2bf32e4b21,NOT NULL,NOT NULL,NOT NULL
1025,ase_pt_ea93f5edcbd049a6,NOT NULL,NOT NULL,NOT NULL
1026,ase_pt_ea93f5edcbd049a6,NOT NULL,NOT NULL,NOT NULL
1027,ase_pt_16cf6d806ea34cdc,NOT NULL,NOT NULL,NOT NULL
1028,ase_pt_16cf6d806ea34cdc,NOT NULL,NOT NULL,NOT NULL
1029,ase_pt_16cf6d806ea34cdc,NOT NULL,NOT NULL,NOT NULL
1030,ase_pt_d3b5f2da35984057,NOT NULL,NOT NULL,NOT NULL
1031,ase_pt_d3b5f2da35984057,NOT NULL,NOT NULL,NOT NULL
1032,ase_pt_d3b5f2da35984057,NOT NULL,NOT NULL,NOT NULL
1033,ase_pt_d3b5f2da35984057,NOT NULL,NOT NULL,NOT NULL
1034,ase_pt_8d400ce6441c4402,NOT NULL,NOT NULL,NOT NULL
1035,ase_pt_8d400ce6441c4402,NOT NULL,NOT NULL,NOT NULL
1036,ase_pt_8d400ce6441c4402,NOT NULL,NOT NULL,NOT NULL
1037,ase_pt_8d400ce6441c4402,NOT NULL,NOT NULL,NOT NULL
1038,ase_pt_854cdbc63d0e4302,NOT NULL,NOT NULL,NOT NULL
1039,ase_pt_854cdbc63d0e4302,NOT NULL,NOT NULL,NOT NULL
1040,ase_pt_e7d78e583530476c,NOT NULL,NOT NULL,NOT NULL
1041,ase_pt_e7d78e583530476c,NOT NULL,NOT NULL,NOT NULL
1042,ase_pt_eb69c5f8d45a4cea,NOT NULL,NOT NULL,NOT NULL
1043,ase_pt_08179cf977334df3,NOT NULL,NOT NULL,NOT NULL
1044,ase_pt_08179cf977334df3,NOT NULL,NOT NULL,NOT NULL
1045,ase_pt_8b9f1e603d544491,NOT NULL,NOT NULL,NOT NULL
1046,ase_pt_8b9f1e603d544491,NOT NULL,NOT NULL,NOT NULL
1047,ase_pt_8b9f1e603d544491,NOT NULL,NOT NULL,NOT NULL
1048,ase_pt_8b9f1e603d544491,NOT NULL,NOT NULL,NOT NULL
1049,ase_pt_0c9b4327f85a4179,NOT NULL,NOT NULL,NOT NULL
1050,ase_pt_0c9b4327f85a4179,NOT NULL,NOT NULL,NOT NULL
1051,ase_pt_0c9b4327f85a4179,NOT NULL,NOT NULL,NOT NULL
1052,ase_pt_0c9b4327f85a4179,NOT NULL,NOT NULL,NOT NULL
1053,ase_pt_0c9b4327f85a4179,NOT NULL,NOT NULL,NOT NULL
1054,ase_pt_b217288663e64abf,NOT NULL,NOT NULL,NOT NULL
1055,ase_pt_b217288663e64abf,NOT NULL,NOT NULL,NOT NULL
1056,ase_pt_b217288663e64abf,NOT NULL,NOT NULL,NOT NULL
1057,ase_pt_b217288663e64abf,NOT NULL,NOT NULL,NOT NULL
1058,ase_pt_b217288663e64abf,NOT NULL,NOT NULL,NOT NULL
1059,ase_pt_b217288663e64abf,NOT NULL,NOT NULL,NOT NULL
1060,ase_pt_eacf187fc03e42a8,NOT NULL,NOT NULL,NOT NULL
1061,ase_pt_eacf187fc03e42a8,NOT NULL,NOT NULL,NOT NULL
1062,ase_pt_eacf187fc03e42a8,NOT NULL,NOT NULL,NOT NULL
1063,ase_pt_eacf187fc03e42a8,NOT NULL,NOT NULL,NOT NULL
1064,ase_pt_eacf187fc03e42a8,NOT NULL,NOT NULL,NOT NULL
1065,ase_pt_eacf187fc03e42a8,NOT NULL,NOT NULL,NOT NULL
1066,ase_pt_eacf187fc03e42a8,NOT NULL,NOT NULL,NOT NULL
1067,ase_pt_eacf187fc03e42a8,NOT NULL,NOT NULL,NOT NULL
1068,ase_pt_6d5376710e84479f,NOT NULL,NOT NULL,NOT NULL
1069,ase_pt_3ca0620c4cef4d6f,NOT NULL,NOT NULL,NOT NULL
1070,ase_pt_974bac188a97487c,NOT NULL,NOT NULL,NOT NULL
1071,ase_pt_1c95fb9bd5194ab1,NOT NULL,NOT NULL,NOT NULL
1072,ase_pt_bbb2af4febbf44fa,NOT NULL,NOT NULL,NOT NULL
1073,ase_pt_df836ccb480e43ac,NOT NULL,NOT NULL,NOT NULL
1074,ase_pt_baad41bd56d44e0e,NOT NULL,NOT NULL,NOT NULL
1075,ase_pt_baad41bd56d44e0e,NOT NULL,NOT NULL,NOT NULL
1076,ase_pt_8b3c4ae687964a70,NOT NULL,NOT NULL,NOT NULL
1077,ase_pt_8b3c4ae687964a70,NOT NULL,NOT NULL,NOT NULL
1078,ase_pt_cf555e7bab05428c,NOT NULL,NOT NULL,NOT NULL
1079,ase_pt_cf555e7bab05428c,NOT NULL,NOT NULL,NOT NULL
1080,ase_pt_341ee9bd107947a6,NOT NULL,NOT NULL,NOT NULL
1081,ase_pt_341ee9bd107947a6,NOT NULL,NOT NULL,NOT NULL
1082,ase_pt_48e071537e064f17,NOT NULL,NOT NULL,NOT NULL
1083,ase_pt_48e071537e064f17,NOT NULL,NOT NULL,NOT NULL
1084,ase_pt_774ec411f0664b5e,NOT NULL,NOT NULL,NOT NULL
1085,ase_pt_774ec411f0664b5e,NOT NULL,NOT NULL,NOT NULL
1086,ase_pt_9ce40b1112c2482f,NOT NULL,NOT NULL,NOT NULL
1087,ase_pt_9ce40b1112c2482f,NOT NULL,NOT NULL,NOT NULL
1088,ase_pt_c6a51fd7f76347fe,NOT NULL,NOT NULL,NOT NULL
1089,ase_pt_c6a51fd7f76347fe,NOT NULL,NOT NULL,NOT NULL
1090,ase_pt_f5dd6dc35bb846d9,NOT NULL,NOT NULL,NOT NULL
1091,ase_pt_f5dd6dc35bb846d9,NOT NULL,NOT NULL,NOT NULL
1092,ase_pt_a1fcb5049d0f413b,NOT NULL,NOT NULL,NOT NULL
1093,ase_pt_a1fcb5049d0f413b,NOT NULL,NOT NULL,NOT NULL
1094,ase_pt_8f481826e0ff4f9b,NOT NULL,NOT NULL,NOT NULL
1095,ase_pt_8f481826e0ff4f9b,NOT NULL,NOT NULL,NOT NULL
1096,ase_pt_364e2c86c1d6469d,NOT NULL,NOT NULL,NOT NULL
1097,ase_pt_364e2c86c1d6469d,NOT NULL,NOT NULL,NOT NULL
1098,ase_pt_5451fd35cf2d40c9,NOT NULL,NOT NULL,NOT NULL
1099,ase_pt_5451fd35cf2d40c9,NOT NULL,NOT NULL,NOT NULL
1100,ase_pt_304246ad516046d6,NOT NULL,NOT NULL,NOT NULL
1101,ase_pt_304246ad516046d6,NOT NULL,NOT NULL,NOT NULL
1102,ase_pt_63b79671045a4aa2,NOT NULL,NOT NULL,NOT NULL
1103,ase_pt_63b79671045a4aa2,NOT NULL,NOT NULL,NOT NULL
1104,ase_pt_44cb1b0418044113,NOT NULL,NOT NULL,NOT NULL
1105,ase_pt_44cb1b0418044113,NOT NULL,NOT NULL,NOT NULL
1106,ase_pt_4ef17b0e1c6546f6,NOT NULL,NOT NULL,NOT NULL
1107,ase_pt_4ef17b0e1c6546f6,NOT NULL,NOT NULL,NOT NULL
1108,ase_pt_bcbabed4ff834d64,NOT NULL,NOT NULL,NOT NULL
1109,ase_pt_bcbabed4ff834d64,NOT NULL,NOT NULL,NOT NULL
1110,ase_pt_0a828b9ce657480c,NOT NULL,NOT NULL,NOT NULL
1111,ase_pt_0a828b9ce657480c,NOT NULL,NOT NULL,NOT NULL
1112,ase_pt_7c1b674006aa4427,NOT NULL,NOT NULL,NOT NULL
1113,ase_pt_7c1b674006aa4427,NOT NULL,NOT NULL,NOT NULL
1114,ase_pt_80b9c058175a4c61,NOT NULL,NOT NULL,NOT NULL
1115,ase_pt_80b9c058175a4c61,NOT NULL,NOT NULL,NOT NULL
1116,ase_pt_e3723739cd9c4db8,NOT NULL,NOT NULL,NOT NULL
1117,ase_pt_e3723739cd9c4db8,NOT NULL,NOT NULL,NOT NULL
1118,ase_pt_dcf739fea6c346c2,NOT NULL,NOT NULL,NOT NULL
1119,ase_pt_dcf739fea6c346c2,NOT NULL,NOT NULL,NOT NULL
1120,ase_pt_dcf739fea6c346c2,NOT NULL,NOT NULL,NOT NULL
1121,ase_pt_dcf739fea6c346c2,NOT NULL,NOT NULL,NOT NULL
1122,ase_pt_297066db97404b77,NOT NULL,NOT NULL,NOT NULL
1123,ase_pt_297066db97404b77,NOT NULL,NOT NULL,NOT NULL
1124,ase_pt_297066db97404b77,NOT NULL,NOT NULL,NOT NULL
1125,ase_pt_297066db97404b77,NOT NULL,NOT NULL,NOT NULL
1126,ase_pt_ffc319cbdcb547bd,NOT NULL,NOT NULL,NOT NULL
1127,ase_pt_ffc319cbdcb547bd,NOT NULL,NOT NULL,NOT NULL
1128,ase_pt_b56a1c5009bc48ba,NOT NULL,NOT NULL,NOT NULL
1129,ase_pt_b56a1c5009bc48ba,NOT NULL,NOT NULL,NOT NULL
1130,ase_pt_c22a27dc84f148ae,NOT NULL,NOT NULL,NOT NULL
1131,ase_pt_c22a27dc84f148ae,NOT NULL,NOT NULL,NOT NULL
1132,ase_pt_b62d17470e3d4853,NOT NULL,NOT NULL,NOT NULL
1133,ase_pt_b62d17470e3d4853,NOT NULL,NOT NULL,NOT NULL
1134,ase_pt_1acdccfce30940ea,NOT NULL,NOT NULL,NOT NULL
1135,ase_pt_1acdccfce30940ea,NOT NULL,NOT NULL,NOT NULL
1136,ase_pt_1acdccfce30940ea,NOT NULL,NOT NULL,NOT NULL
1137,ase_pt_1acdccfce30940ea,NOT NULL,NOT NULL,NOT NULL
1138,ase_pt_3e339a7a3cdc4e44,NOT NULL,NOT NULL,NOT NULL
1139,ase_pt_3e339a7a3cdc4e44,NOT NULL,NOT NULL,NOT NULL
1140,ase_pt_f663d57759104da1,NOT NULL,NOT NULL,NOT NULL
1141,ase_pt_f663d57759104da1,NOT NULL,NOT NULL,NOT NULL
1142,ase_pt_8bb5c04c7e374521,NOT NULL,NOT NULL,NOT NULL
1143,ase_pt_8bb5c04c7e374521,NOT NULL,NOT NULL,NOT NULL
1144,ase_pt_14bbea05d32a4a64,NOT NULL,NOT NULL,NOT NULL
1145,ase_pt_14bbea05d32a4a64,NOT NULL,NOT NULL,NOT NULL
1146,ase_pt_e9c5adc89a694700,NOT NULL,NOT NULL,NOT NULL
1147,ase_pt_e9c5adc89a694700,NOT NULL,NOT NULL,NOT NULL
1148,ase_pt_2e78f09475d34b9c,NOT NULL,NOT NULL,NOT NULL
1149,ase_pt_2e78f09475d34b9c,NOT NULL,NOT NULL,NOT NULL
1150,ase_pt_7321ce7d9a704a8b,NOT NULL,NOT NULL,NOT NULL
1151,ase_pt_7321ce7d9a704a8b,NOT NULL,NOT NULL,NOT NULL
1152,ase_pt_5e8f0d60fbd54fb2,NOT NULL,NOT NULL,NOT NULL
1153,ase_pt_5e8f0d60fbd54fb2,NOT NULL,NOT NULL,NOT NULL
1154,ase_pt_3ba61bac1a2f4d53,NOT NULL,NOT NULL,NOT NULL
1155,ase_pt_3ba61bac1a2f4d53,NOT NULL,NOT NULL,NOT NULL
1156,ase_pt_3ba61bac1a2f4d53,NOT NULL,NOT NULL,NOT NULL
1157,ase_pt_3ba61bac1a2f4d53,NOT NULL,NOT NULL,NOT NULL
1158,ase_pt_16c1472721674c76,NOT NULL,NOT NULL,NOT NULL
1159,ase_pt_16c1472721674c76,NOT NULL,NOT NULL,NOT NULL
1160,ase_pt_a56d6cd8ff234e19,NOT NULL,NOT NULL,NOT NULL
1161,ase_pt_a56d6cd8ff234e19,NOT NULL,NOT NULL,NOT NULL
1162,ase_pt_0f75b5e82d514193,NOT NULL,NOT NULL,NOT NULL
1163,ase_pt_0f75b5e82d514193,NOT NULL,NOT NULL,NOT NULL
1164,ase_pt_937155f971934804,NOT NULL,NOT NULL,NOT NULL
1165,ase_pt_937155f971934804,NOT NULL,NOT NULL,NOT NULL
1166,ase_pt_b73e0508eca949e8,NOT NULL,NOT NULL,NOT NULL
1167,ase_pt_b73e0508eca949e8,NOT NULL,NOT NULL,NOT NULL
1168,ase_pt_532c902bfb4748ee,NOT NULL,NOT NULL,NOT NULL
1169,ase_pt_532c902bfb4748ee,NOT NULL,NOT NULL,NOT NULL
1170,ase_pt_532c902bfb4748ee,NOT NULL,NOT NULL,NOT NULL
1171,ase_pt_532c902bfb4748ee,NOT NULL,NOT NULL,NOT NULL
1172,ase_pt_de9a1dd6531e46d8,NOT NULL,NOT NULL,NOT NULL
1173,ase_pt_de9a1dd6531e46d8,NOT NULL,NOT NULL,NOT NULL
1174,ase_pt_c62db28384754bcc,NOT NULL,NOT NULL,NOT NULL
1175,ase_pt_c62db28384754bcc,NOT NULL,NOT NULL,NOT NULL
1176,ase_pt_488e81b05e3546f2,NOT NULL,NOT NULL,NOT NULL
1177,ase_pt_488e81b05e3546f2,NOT NULL,NOT NULL,NOT NULL
1178,ase_pt_a46af2f3109f4baf,NOT NULL,NOT NULL,NOT NULL
1179,ase_pt_a46af2f3109f4baf,NOT NULL,NOT NULL,NOT NULL
1180,ase_pt_4b4633b31af942dc,NOT NULL,NOT NULL,NOT NULL
1181,ase_pt_4b4633b31af942dc,NOT NULL,NOT NULL,NOT NULL
1182,ase_pt_2b871389c3f94b23,NOT NULL,NOT NULL,NOT NULL
1183,ase_pt_2b871389c3f94b23,NOT NULL,NOT NULL,NOT NULL
1184,ase_pt_2b871389c3f94b23,NOT NULL,NOT NULL,NOT NULL
1185,ase_pt_2b871389c3f94b23,NOT NULL,NOT NULL,NOT NULL
1186,ase_pt_256ccb2dec9a44b2,NOT NULL,NOT NULL,NOT NULL
1187,ase_pt_256ccb2dec9a44b2,NOT NULL,NOT NULL,NOT NULL
1188,ase_pt_256ccb2dec9a44b2,NOT NULL,NOT NULL,NOT NULL
1189,ase_pt_256ccb2dec9a44b2,NOT NULL,NOT NULL,NOT NULL
1190,ase_pt_90fdbdd9ef814faa,NOT NULL,NOT NULL,NOT NULL
1191,ase_pt_90fdbdd9ef814faa,NOT NULL,NOT NULL,NOT NULL
1192,ase_pt_90fdbdd9ef814faa,NOT NULL,NOT NULL,NOT NULL
1193,ase_pt_90fdbdd9ef814faa,NOT NULL,NOT NULL,NOT NULL
1194,ase_pt_c1cb14c33f0a40db,NOT NULL,NOT NULL,NOT NULL
1195,ase_pt_c1cb14c33f0a40db,NOT NULL,NOT NULL,NOT NULL
1196,ase_pt_c1cb14c33f0a40db,NOT NULL,NOT NULL,NOT NULL
1197,ase_pt_c1cb14c33f0a40db,NOT NULL,NOT NULL,NOT NULL
1198,ase_pt_2f51cdd5a4bc4ffd,NOT NULL,NOT NULL,NOT NULL
1199,ase_pt_2f51cdd5a4bc4ffd,NOT NULL,NOT NULL,NOT NULL
1200,ase_pt_2f51cdd5a4bc4ffd,NOT NULL,NOT NULL,NOT NULL
1201,ase_pt_9685e32cd4cc4f00,NOT NULL,NOT NULL,NOT NULL
1202,ase_pt_9685e32cd4cc4f00,NOT NULL,NOT NULL,NOT NULL
1203,ase_pt_9685e32cd4cc4f00,NOT NULL,NOT NULL,NOT NULL
1204,ase_pt_7c3ef7e616e149da,NOT NULL,NOT NULL,NOT NULL
1205,ase_pt_7c3ef7e616e149da,NOT NULL,NOT NULL,NOT NULL
1206,ase_pt_7c3ef7e616e149da,NOT NULL,NOT NULL,NOT NULL
1207,ase_pt_7c3ef7e616e149da,NOT NULL,NOT NULL,NOT NULL
1208,ase_pt_ae12830c35754db8,NOT NULL,NOT NULL,NOT NULL
1209,ase_pt_ae12830c35754db8,NOT NULL,NOT NULL,NOT NULL
1210,ase_pt_ae12830c35754db8,NOT NULL,NOT NULL,NOT NULL
1211,ase_pt_7de3ce6fbc8845a0,NOT NULL,NOT NULL,NOT NULL
1212,ase_pt_7de3ce6fbc8845a0,NOT NULL,NOT NULL,NOT NULL
1213,ase_pt_7de3ce6fbc8845a0,NOT NULL,NOT NULL,NOT NULL
1214,ase_pt_335da21099bf469e,NOT NULL,NOT NULL,NOT NULL
1215,ase_pt_335da21099bf469e,NOT NULL,NOT NULL,NOT NULL
1216,ase_pt_335da21099bf469e,NOT NULL,NOT NULL,NOT NULL
1217,ase_pt_02d0d9913754443c,NOT NULL,NOT NULL,NOT NULL
1218,ase_pt_02d0d9913754443c,NOT NULL,NOT NULL,NOT NULL
1219,ase_pt_02d0d9913754443c,NOT NULL,NOT NULL,NOT NULL
1220,ase_pt_c6e58215b6bc4846,NOT NULL,NOT NULL,NOT NULL
1221,ase_pt_c6e58215b6bc4846,NOT NULL,NOT NULL,NOT NULL
1222,ase_pt_c6e58215b6bc4846,NOT NULL,NOT NULL,NOT NULL
1223,ase_pt_e56739d70d014172,NOT NULL,NOT NULL,NOT NULL
1224,ase_pt_e56739d70d014172,NOT NULL,NOT NULL,NOT NULL
1225,ase_pt_e56739d70d014172,NOT NULL,NOT NULL,NOT NULL
1226,ase_pt_d98382cd2b4f4c2d,NOT NULL,NOT NULL,NOT NULL
1227,ase_pt_d98382cd2b4f4c2d,NOT NULL,NOT NULL,NOT NULL
1228,ase_pt_d98382cd2b4f4c2d,NOT NULL,NOT NULL,NOT NULL
1229,ase_pt_d98382cd2b4f4c2d,NOT NULL,NOT NULL,NOT NULL
1230,ase_pt_d98382cd2b4f4c2d,NOT NULL,NOT NULL,NOT NULL
1231,ase_pt_d98382cd2b4f4c2d,NOT NULL,NOT NULL,NOT NULL
1232,ase_pt_559d9e7244b542ea,NOT NULL,NOT NULL,NOT NULL
1233,ase_pt_559d9e7244b542ea,NOT NULL,NOT NULL,NOT NULL
1234,ase_pt_559d9e7244b542ea,NOT NULL,NOT NULL,NOT NULL
1235,ase_pt_bf3cd83403654aef,NOT NULL,NOT NULL,NOT NULL
1236,ase_pt_bf3cd83403654aef,NOT NULL,NOT NULL,NOT NULL
1237,ase_pt_bf3cd83403654aef,NOT NULL,NOT NULL,NOT NULL
1238,ase_pt_f22691ef3d444fab,NOT NULL,NOT NULL,NOT NULL
1239,ase_pt_f22691ef3d444fab,NOT NULL,NOT NULL,NOT NULL
1240,ase_pt_f22691ef3d444fab,NOT NULL,NOT NULL,NOT NULL
1241,ase_pt_f22691ef3d444fab,NOT NULL,NOT NULL,NOT NULL
1242,ase_pt_cc496e3791394bdd,NOT NULL,NOT NULL,NOT NULL
1243,ase_pt_cc496e3791394bdd,NOT NULL,NOT NULL,NOT NULL
1244,ase_pt_cc496e3791394bdd,NOT NULL,NOT NULL,NOT NULL
1245,ase_pt_cc496e3791394bdd,NOT NULL,NOT NULL,NOT NULL
1246,ase_pt_64f79423f4d24f3e,NOT NULL,NOT NULL,NOT NULL
1247,ase_pt_64f79423f4d24f3e,NOT NULL,NOT NULL,NOT NULL
1248,ase_pt_64f79423f4d24f3e,NOT NULL,NOT NULL,NOT NULL
1249,ase_pt_64f79423f4d24f3e,NOT NULL,NOT NULL,NOT NULL
1250,ase_pt_24bc62692c964244,NOT NULL,NOT NULL,NOT NULL
1251,ase_pt_24bc62692c964244,NOT NULL,NOT NULL,NOT NULL
1252,ase_pt_24bc62692c964244,NOT NULL,NOT NULL,NOT NULL
1253,ase_pt_24bc62692c964244,NOT NULL,NOT NULL,NOT NULL
1254,ase_pt_3bcc9c0b31ff49f3,NOT NULL,NOT NULL,NOT NULL
1255,ase_pt_3bcc9c0b31ff49f3,NOT NULL,NOT NULL,NOT NULL
1256,ase_pt_3bcc9c0b31ff49f3,NOT NULL,NOT NULL,NOT NULL
1257,ase_pt_3bcc9c0b31ff49f3,NOT NULL,NOT NULL,NOT NULL
1258,ase_pt_e78a52d34182482d,NOT NULL,NOT NULL,NOT NULL
1259,ase_pt_e78a52d34182482d,NOT NULL,NOT NULL,NOT NULL
1260,ase_pt_e78a52d34182482d,NOT NULL,NOT NULL,NOT NULL
1261,ase_pt_e78a52d34182482d,NOT NULL,NOT NULL,NOT NULL
1262,ase_pt_70ff8734f7804dad,NOT NULL,NOT NULL,NOT NULL
1263,ase_pt_70ff8734f7804dad,NOT NULL,NOT NULL,NOT NULL
1264,ase_pt_70ff8734f7804dad,NOT NULL,NOT NULL,NOT NULL
1265,ase_pt_70ff8734f7804dad,NOT NULL,NOT NULL,NOT NULL
1266,ase_pt_70ff8734f7804dad,NOT NULL,NOT NULL,NOT NULL
1267,ase_pt_70ff8734f7804dad,NOT NULL,NOT NULL,NOT NULL
1268,ase_pt_70ff8734f7804dad,NOT NULL,NOT NULL,NOT NULL
1269,ase_pt_70ff8734f7804dad,NOT NULL,NOT NULL,NOT NULL
1270,ase_pt_6a6f8dd6d8d04180,NOT NULL,NOT NULL,NOT NULL
1271,ase_pt_6a6f8dd6d8d04180,NOT NULL,NOT NULL,NOT NULL
1272,ase_pt_6a6f8dd6d8d04180,NOT NULL,NOT NULL,NOT NULL
1273,ase_pt_6a6f8dd6d8d04180,NOT NULL,NOT NULL,NOT NULL
1274,ase_pt_52d55444d36747a0,NOT NULL,NOT NULL,NOT NULL
1275,ase_pt_52d55444d36747a0,NOT NULL,NOT NULL,NOT NULL
1276,ase_pt_52d55444d36747a0,NOT NULL,NOT NULL,NOT NULL
1277,ase_pt_52d55444d36747a0,NOT NULL,NOT NULL,NOT NULL
1278,ase_pt_d63b61e91c314a4f,NOT NULL,NOT NULL,NOT NULL
1279,ase_pt_d63b61e91c314a4f,NOT NULL,NOT NULL,NOT NULL
1280,ase_pt_d63b61e91c314a4f,NOT NULL,NOT NULL,NOT NULL
1281,ase_pt_d63b61e91c314a4f,NOT NULL,NOT NULL,NOT NULL
1282,ase_pt_4ed0eedc2d0047dd,NOT NULL,NOT NULL,NOT NULL
1283,ase_pt_4ed0eedc2d0047dd,NOT NULL,NOT NULL,NOT NULL
1284,ase_pt_4ed0eedc2d0047dd,NOT NULL,NOT NULL,NOT NULL
1285,ase_pt_4ed0eedc2d0047dd,NOT NULL,NOT NULL,NOT NULL
1286,ase_pt_00ab5dd704f449f7,NOT NULL,NOT NULL,NOT NULL
1287,ase_pt_00ab5dd704f449f7,NOT NULL,NOT NULL,NOT NULL
1288,ase_pt_00ab5dd704f449f7,NOT NULL,NOT NULL,NOT NULL
1289,ase_pt_00ab5dd704f449f7,NOT NULL,NOT NULL,NOT NULL
1290,ase_pt_fff14c0d833a43a4,NOT NULL,NOT NULL,NOT NULL
1291,ase_pt_fff14c0d833a43a4,NOT NULL,NOT NULL,NOT NULL
1292,ase_pt_6eecd7dc53e44088,NOT NULL,NOT NULL,NOT NULL
1293,ase_pt_6eecd7dc53e44088,NOT NULL,NOT NULL,NOT NULL
1294,ase_pt_5df56406e676421f,NOT NULL,NOT NULL,NOT NULL
1295,ase_pt_5df56406e676421f,NOT NULL,NOT NULL,NOT NULL
1296,ase_pt_5df56406e676421f,NOT NULL,NOT NULL,NOT NULL
1297,ase_pt_5b1ade8a47a2427c,NOT NULL,NOT NULL,NOT NULL
1298,ase_pt_5b1ade8a47a2427c,NOT NULL,NOT NULL,NOT NULL
1299,ase_pt_5b1ade8a47a2427c,NOT NULL,NOT NULL,NOT NULL
1300,ase_pt_4a42f6e79939477c,NOT NULL,NOT NULL,NOT NULL
1301,ase_pt_4a42f6e79939477c,NOT NULL,NOT NULL,NOT NULL
1302,ase_pt_4a42f6e79939477c,NOT NULL,NOT NULL,NOT NULL
1303,ase_pt_4a42f6e79939477c,NOT NULL,NOT NULL,NOT NULL
1304,ase_pt_5208c296a9d047a4,NOT NULL,NOT NULL,NOT NULL
1305,ase_pt_5208c296a9d047a4,NOT NULL,NOT NULL,NOT NULL
1306,ase_pt_5208c296a9d047a4,NOT NULL,NOT NULL,NOT NULL
1307,ase_pt_5208c296a9d047a4,NOT NULL,NOT NULL,NOT NULL
1308,ase_pt_c90f2d4483524cf3,NOT NULL,NOT NULL,NOT NULL
1309,ase_pt_c90f2d4483524cf3,NOT NULL,NOT NULL,NOT NULL
1310,ase_pt_c90f2d4483524cf3,NOT NULL,NOT NULL,NOT NULL
1311,ase_pt_c90f2d4483524cf3,NOT NULL,NOT NULL,NOT NULL
1312,ase_pt_43c4c77038f3406c,NOT NULL,NOT NULL,NOT NULL
1313,ase_pt_43c4c77038f3406c,NOT NULL,NOT NULL,NOT NULL
1314,ase_pt_40bdf8a07f154dda,NOT NULL,NOT NULL,NOT NULL
1315,ase_pt_40bdf8a07f154dda,NOT NULL,NOT NULL,NOT NULL
1316,ase_pt_8d272733b82b486a,NOT NULL,NOT NULL,NOT NULL
1317,ase_pt_8d272733b82b486a,NOT NULL,NOT NULL,NOT NULL
1318,ase_pt_8d272733b82b486a,NOT NULL,NOT NULL,NOT NULL
1319,ase_pt_8d272733b82b486a,NOT NULL,NOT NULL,NOT NULL
1320,ase_pt_24e97ff0df5b4982,NOT NULL,NOT NULL,NOT NULL
1321,ase_pt_24e97ff0df5b4982,NOT NULL,NOT NULL,NOT NULL
1322,ase_pt_24e97ff0df5b4982,NOT NULL,NOT NULL,NOT NULL
1323,ase_pt_24e97ff0df5b4982,NOT NULL,NOT NULL,NOT NULL
1324,ase_pt_feffd623b601459d,NOT NULL,NOT NULL,NOT NULL
1325,ase_pt_feffd623b601459d,NOT NULL,NOT NULL,NOT NULL
1326,ase_pt_d339d8eab1824973,NOT NULL,NOT NULL,NOT NULL
1327,ase_pt_d339d8eab1824973,NOT NULL,NOT NULL,NOT NULL
1328,ase_pt_cfeb044893794459,NOT NULL,NOT NULL,NOT NULL
1329,ase_pt_cfeb044893794459,NOT NULL,NOT NULL,NOT NULL
1330,ase_pt_236c6d4d2d11491a,NOT NULL,NOT NULL,NOT NULL
1331,ase_pt_236c6d4d2d11491a,NOT NULL,NOT NULL,NOT NULL
1332,ase_pt_5ad3da4131714e30,NOT NULL,NOT NULL,NOT NULL
1333,ase_pt_5ad3da4131714e30,NOT NULL,NOT NULL,NOT NULL
1334,ase_pt_5ad3da4131714e30,NOT NULL,NOT NULL,NOT NULL
1335,ase_pt_c5be21acb3394fec,NOT NULL,NOT NULL,NOT NULL
1336,ase_pt_c5be21acb3394fec,NOT NULL,NOT NULL,NOT NULL
1337,ase_pt_c5be21acb3394fec,NOT NULL,NOT NULL,NOT NULL
1338,ase_pt_c5be21acb3394fec,NOT NULL,NOT NULL,NOT NULL
1339,ase_pt_420f5395718a4e36,NOT NULL,NOT NULL,NOT NULL
1340,ase_pt_420f5395718a4e36,NOT NULL,NOT NULL,NOT NULL
1341,ase_pt_241e62fb9dec48f7,NOT NULL,NOT NULL,NOT NULL
1342,ase_pt_241e62fb9dec48f7,NOT NULL,NOT NULL,NOT NULL
1343,ase_pt_241e62fb9dec48f7,NOT NULL,NOT NULL,NOT NULL
1344,ase_pt_241e62fb9dec48f7,NOT NULL,NOT NULL,NOT NULL
1345,ase_pt_d6ed352fe4334e51,NOT NULL,NOT NULL,NOT NULL
1346,ase_pt_d6ed352fe4334e51,NOT NULL,NOT NULL,NOT NULL
1347,ase_pt_687d43cfbe23447f,NOT NULL,NOT NULL,NOT NULL
1348,ase_pt_687d43cfbe23447f,NOT NULL,NOT NULL,NOT NULL
1349,ase_pt_687d43cfbe23447f,NOT NULL,NOT NULL,NOT NULL
1350,ase_pt_1dfa879e84f34a36,NOT NULL,NOT NULL,NOT NULL
1351,ase_pt_1dfa879e84f34a36,NOT NULL,NOT NULL,NOT NULL
1352,ase_pt_1dfa879e84f34a36,NOT NULL,NOT NULL,NOT NULL
1353,ase_pt_1dfa879e84f34a36,NOT NULL,NOT NULL,NOT NULL
1354,ase_pt_6a0fee0e6c994c43,NOT NULL,NOT NULL,NOT NULL
1355,ase_pt_6a0fee0e6c994c43,NOT NULL,NOT NULL,NOT NULL
1356,ase_pt_6a0fee0e6c994c43,NOT NULL,NOT NULL,NOT NULL
1357,ase_pt_6a0fee0e6c994c43,NOT NULL,NOT NULL,NOT NULL
1358,ase_pt_ea4be73d23ee4956,NOT NULL,NOT NULL,NOT NULL
1359,ase_pt_ea4be73d23ee4956,NOT NULL,NOT NULL,NOT NULL
1360,ase_pt_a81db8b53b0a4269,NOT NULL,NOT NULL,NOT NULL
1361,ase_pt_a81db8b53b0a4269,NOT NULL,NOT NULL,NOT NULL
1362,ase_pt_02879b05ff214e47,NOT NULL,NOT NULL,NOT NULL
1363,ase_pt_e2544b55d07e46a3,NOT NULL,NOT NULL,NOT NULL
1364,ase_pt_e2544b55d07e46a3,NOT NULL,NOT NULL,NOT NULL
1365,ase_pt_01eead446acc456b,NOT NULL,NOT NULL,NOT NULL
1366,ase_pt_01eead446acc456b,NOT NULL,NOT NULL,NOT NULL
1367,ase_pt_01eead446acc456b,NOT NULL,NOT NULL,NOT NULL
1368,ase_pt_01eead446acc456b,NOT NULL,NOT NULL,NOT NULL
1369,ase_pt_43b493247bb548cc,NOT NULL,NOT NULL,NOT NULL
1370,ase_pt_43b493247bb548cc,NOT NULL,NOT NULL,NOT NULL
1371,ase_pt_43b493247bb548cc,NOT NULL,NOT NULL,NOT NULL
1372,ase_pt_43b493247bb548cc,NOT NULL,NOT NULL,NOT NULL
1373,ase_pt_43b493247bb548cc,NOT NULL,NOT NULL,NOT NULL
1374,ase_pt_eb98d0776e8e4c2b,NOT NULL,NOT NULL,NOT NULL
1375,ase_pt_eb98d0776e8e4c2b,NOT NULL,NOT NULL,NOT NULL
1376,ase_pt_eb98d0776e8e4c2b,NOT NULL,NOT NULL,NOT NULL
1377,ase_pt_eb98d0776e8e4c2b,NOT NULL,NOT NULL,NOT NULL
1378,ase_pt_eb98d0776e8e4c2b,NOT NULL,NOT NULL,NOT NULL
1379,ase_pt_eb98d0776e8e4c2b,NOT NULL,NOT NULL,NOT NULL
1380,ase_pt_e2570da6158e4bf8,NOT NULL,NOT NULL,NOT NULL
1381,ase_pt_e2570da6158e4bf8,NOT NULL,NOT NULL,NOT NULL
1382,ase_pt_e2570da6158e4bf8,NOT NULL,NOT NULL,NOT NULL
1383,ase_pt_e2570da6158e4bf8,NOT NULL,NOT NULL,NOT NULL
1384,ase_pt_e2570da6158e4bf8,NOT NULL,NOT NULL,NOT NULL
1385,ase_pt_e2570da6158e4bf8,NOT NULL,NOT NULL,NOT NULL
1386,ase_pt_e2570da6158e4bf8,NOT NULL,NOT NULL,NOT NULL
1387,ase_pt_e2570da6158e4bf8,NOT NULL,NOT NULL,NOT NULL
1388,ase_pt_a81f2a870e1640c5,NOT NULL,NOT NULL,NOT NULL
1389,ase_pt_90567077eb144619,NOT NULL,NOT NULL,NOT NULL
1390,ase_pt_45331c229b7c4d18,NOT NULL,NOT NULL,NOT NULL
1391,ase_pt_9ac53dd86a4a49db,NOT NULL,NOT NULL,NOT NULL
1392,ase_pt_b143fca2d6684ea9,NOT NULL,NOT NULL,NOT NULL
1393,ase_pt_1353d127f4e04c38,NOT NULL,NOT NULL,NOT NULL
1394,ase_pt_feb277e4ceee4a33,NOT NULL,NOT NULL,NOT NULL
1395,ase_pt_d2121d0c26e647d3,NOT NULL,NOT NULL,NOT NULL
1396,ase_pt_8f07b5e253e84aac,NOT NULL,NOT NULL,NOT NULL
1397,ase_pt_e2f99181fe884443,NOT NULL,NOT NULL,NOT NULL
1398,ase_pt_e2f99181fe884443,NOT NULL,NOT NULL,NOT NULL
1399,ase_pt_f7783f7e02854358,NOT NULL,NOT NULL,NOT NULL
1400,ase_pt_f7783f7e02854358,NOT NULL,NOT NULL,NOT NULL
1401,ase_pt_7179b9b59f2946e7,NOT NULL,NOT NULL,NOT NULL
1402,ase_pt_7179b9b59f2946e7,NOT NULL,NOT NULL,NOT NULL
1403,ase_pt_5838a244a64d48a7,NOT NULL,NOT NULL,NOT NULL
1404,ase_pt_5838a244a64d48a7,NOT NULL,NOT NULL,NOT NULL
1405,ase_pt_4eee96fe9fd74603,NOT NULL,NOT NULL,NOT NULL
1406,ase_pt_4eee96fe9fd74603,NOT NULL,NOT NULL,NOT NULL
1407,ase_pt_938199d6acd74eb5,NOT NULL,NOT NULL,NOT NULL
1408,ase_pt_938199d6acd74eb5,NOT NULL,NOT NULL,NOT NULL
1409,ase_pt_6c0852ff34cc4914,NOT NULL,NOT NULL,NOT NULL
1410,ase_pt_6c0852ff34cc4914,NOT NULL,NOT NULL,NOT NULL
1411,ase_pt_e549a8e66b504915,NOT NULL,NOT NULL,NOT NULL
1412,ase_pt_e549a8e66b504915,NOT NULL,NOT NULL,NOT NULL
1413,ase_pt_5b867797cbbb4df8,NOT NULL,NOT NULL,NOT NULL
1414,ase_pt_5b867797cbbb4df8,NOT NULL,NOT NULL,NOT NULL
1415,ase_pt_2e6843beba754b18,NOT NULL,NOT NULL,NOT NULL
1416,ase_pt_2e6843beba754b18,NOT NULL,NOT NULL,NOT NULL
1417,ase_pt_d41318d96c0c4c43,NOT NULL,NOT NULL,NOT NULL
1418,ase_pt_d41318d96c0c4c43,NOT NULL,NOT NULL,NOT NULL
1419,ase_pt_b0cb97a05fe0422f,NOT NULL,NOT NULL,NOT NULL
1420,ase_pt_b0cb97a05fe0422f,NOT NULL,NOT NULL,NOT NULL
1421,ase_pt_c95aee18709e452c,NOT NULL,NOT NULL,NOT NULL
1422,ase_pt_c95aee18709e452c,NOT NULL,NOT NULL,NOT NULL
1423,ase_pt_80ab7cc88064422c,NOT NULL,NOT NULL,NOT NULL
1424,ase_pt_80ab7cc88064422c,NOT NULL,NOT NULL,NOT NULL
1425,ase_pt_7867db8a72a541c5,NOT NULL,NOT NULL,NOT NULL
1426,ase_pt_7867db8a72a541c5,NOT NULL,NOT NULL,NOT NULL
1427,ase_pt_26a9bf53b4d14255,NOT NULL,NOT NULL,NOT NULL
1428,ase_pt_26a9bf53b4d14255,NOT NULL,NOT NULL,NOT NULL
1429,ase_pt_1a6d7d2e47dd4ead,NOT NULL,NOT NULL,NOT NULL
1430,ase_pt_1a6d7d2e47dd4ead,NOT NULL,NOT NULL,NOT NULL
1431,ase_pt_e3b8f1a59f6440b9,NOT NULL,NOT NULL,NOT NULL
1432,ase_pt_e3b8f1a59f6440b9,NOT NULL,NOT NULL,NOT NULL
1433,ase_pt_0e064b32f2734d4b,NOT NULL,NOT NULL,NOT NULL
1434,ase_pt_0e064b32f2734d4b,NOT NULL,NOT NULL,NOT NULL
1435,ase_pt_f19a297d7ecc4a07,NOT NULL,NOT NULL,NOT NULL
1436,ase_pt_f19a297d7ecc4a07,NOT NULL,NOT NULL,NOT NULL
1437,ase_pt_73e78dcd567f42e4,NOT NULL,NOT NULL,NOT NULL
1438,ase_pt_73e78dcd567f42e4,NOT NULL,NOT NULL,NOT NULL
1439,ase_pt_83538519e8064a9e,NOT NULL,NOT NULL,NOT NULL
1440,ase_pt_83538519e8064a9e,NOT NULL,NOT NULL,NOT NULL
1441,ase_pt_b561dca737e64954,NOT NULL,NOT NULL,NOT NULL
1442,ase_pt_b561dca737e64954,NOT NULL,NOT NULL,NOT NULL
1443,ase_pt_b561dca737e64954,NOT NULL,NOT NULL,NOT NULL
1444,ase_pt_b561dca737e64954,NOT NULL,NOT NULL,NOT NULL
1445,ase_pt_7a913eaa2e034493,NOT NULL,NOT NULL,NOT NULL
1446,ase_pt_7a913eaa2e034493,NOT NULL,NOT NULL,NOT NULL
1447,ase_pt_7a913eaa2e034493,NOT NULL,NOT NULL,NOT NULL
1448,ase_pt_7a913eaa2e034493,NOT NULL,NOT NULL,NOT NULL
1449,ase_pt_3e3127f519aa4b36,NOT NULL,NOT NULL,NOT NULL
1450,ase_pt_3e3127f519aa4b36,NOT NULL,NOT NULL,NOT NULL
1451,ase_pt_6edd6080f1904229,NOT NULL,NOT NULL,NOT NULL
1452,ase_pt_6edd6080f1904229,NOT NULL,NOT NULL,NOT NULL
1453,ase_pt_27fb95998a56415b,NOT NULL,NOT NULL,NOT NULL
1454,ase_pt_27fb95998a56415b,NOT NULL,NOT NULL,NOT NULL
1455,ase_pt_96afe39b761e4ad1,NOT NULL,NOT NULL,NOT NULL
1456,ase_pt_96afe39b761e4ad1,NOT NULL,NOT NULL,NOT NULL
1457,ase_pt_06138b3b65da4af9,NOT NULL,NOT NULL,NOT NULL
1458,ase_pt_06138b3b65da4af9,NOT NULL,NOT NULL,NOT NULL
1459,ase_pt_06138b3b65da4af9,NOT NULL,NOT NULL,NOT NULL
1460,ase_pt_06138b3b65da4af9,NOT NULL,NOT NULL,NOT NULL
1461,ase_pt_6474cf69996b4496,NOT NULL,NOT NULL,NOT NULL
1462,ase_pt_6474cf69996b4496,NOT NULL,NOT NULL,NOT NULL
1463,ase_pt_25308f99b8a44dab,NOT NULL,NOT NULL,NOT NULL
1464,ase_pt_25308f99b8a44dab,NOT NULL,NOT NULL,NOT NULL
1465,ase_pt_c8a9b9a5f23c4a02,NOT NULL,NOT NULL,NOT NULL
1466,ase_pt_c8a9b9a5f23c4a02,NOT NULL,NOT NULL,NOT NULL
1467,ase_pt_af7b9105f1b44a39,NOT NULL,NOT NULL,NOT NULL
1468,ase_pt_af7b9105f1b44a39,NOT NULL,NOT NULL,NOT NULL
1469,ase_pt_7c98961ed462420e,NOT NULL,NOT NULL,NOT NULL
1470,ase_pt_7c98961ed462420e,NOT NULL,NOT NULL,NOT NULL
1471,ase_pt_1ca9d2bc3c954aa1,NOT NULL,NOT NULL,NOT NULL
1472,ase_pt_1ca9d2bc3c954aa1,NOT NULL,NOT NULL,NOT NULL
1473,ase_pt_ddcc6f854e4843f4,NOT NULL,NOT NULL,NOT NULL
1474,ase_pt_ddcc6f854e4843f4,NOT NULL,NOT NULL,NOT NULL
1475,ase_pt_476a12c189d04554,NOT NULL,NOT NULL,NOT NULL
1476,ase_pt_476a12c189d04554,NOT NULL,NOT NULL,NOT NULL
1477,ase_pt_d1c575613d644f6d,NOT NULL,NOT NULL,NOT NULL
1478,ase_pt_d1c575613d644f6d,NOT NULL,NOT NULL,NOT NULL
1479,ase_pt_d1c575613d644f6d,NOT NULL,NOT NULL,NOT NULL
1480,ase_pt_d1c575613d644f6d,NOT NULL,NOT NULL,NOT NULL
1481,ase_pt_7535e14a6e124d94,NOT NULL,NOT NULL,NOT NULL
1482,ase_pt_7535e14a6e124d94,NOT NULL,NOT NULL,NOT NULL
1483,ase_pt_c467febe9f4646de,NOT NULL,NOT NULL,NOT NULL
1484,ase_pt_c467febe9f4646de,NOT NULL,NOT NULL,NOT NULL
1485,ase_pt_771678d014254c74,NOT NULL,NOT NULL,NOT NULL
1486,ase_pt_771678d014254c74,NOT NULL,NOT NULL,NOT NULL
1487,ase_pt_27770dc5a81e4e91,NOT NULL,NOT NULL,NOT NULL
1488,ase_pt_27770dc5a81e4e91,NOT NULL,NOT NULL,NOT NULL
1489,ase_pt_4ddf72645e174fe1,NOT NULL,NOT NULL,NOT NULL
1490,ase_pt_4ddf72645e174fe1,NOT NULL,NOT NULL,NOT NULL
1491,ase_pt_23ef28daf9cb47a1,NOT NULL,NOT NULL,NOT NULL
1492,ase_pt_23ef28daf9cb47a1,NOT NULL,NOT NULL,NOT NULL
1493,ase_pt_23ef28daf9cb47a1,NOT NULL,NOT NULL,NOT NULL
1494,ase_pt_23ef28daf9cb47a1,NOT NULL,NOT NULL,NOT NULL
1495,ase_pt_0e252cbba9094a72,NOT NULL,NOT NULL,NOT NULL
1496,ase_pt_0e252cbba9094a72,NOT NULL,NOT NULL,NOT NULL
1497,ase_pt_6c50347440d247b4,NOT NULL,NOT NULL,NOT NULL
1498,ase_pt_6c50347440d247b4,NOT NULL,NOT NULL,NOT NULL
1499,ase_pt_ba7fa2bd655642a4,NOT NULL,NOT NULL,NOT NULL
1500,ase_pt_ba7fa2bd655642a4,NOT NULL,NOT NULL,NOT NULL
1501,ase_pt_c1b18ab884d94247,NOT NULL,NOT NULL,NOT NULL
1502,ase_pt_c1b18ab884d94247,NOT NULL,NOT NULL,NOT NULL
1503,ase_pt_03e63508f3af489f,NOT NULL,NOT NULL,NOT NULL
1504,ase_pt_03e63508f3af489f,NOT NULL,NOT NULL,NOT NULL
1505,ase_pt_57db029c27af45e3,NOT NULL,NOT NULL,NOT NULL
1506,ase_pt_57db029c27af45e3,NOT NULL,NOT NULL,NOT NULL
1507,ase_pt_57db029c27af45e3,NOT NULL,NOT NULL,NOT NULL
1508,ase_pt_57db029c27af45e3,NOT NULL,NOT NULL,NOT NULL
1509,ase_pt_32186d8d86644d8a,NOT NULL,NOT NULL,NOT NULL
1510,ase_pt_32186d8d86644d8a,NOT NULL,NOT NULL,NOT NULL
1511,ase_pt_32186d8d86644d8a,NOT NULL,NOT NULL,NOT NULL
1512,ase_pt_32186d8d86644d8a,NOT NULL,NOT NULL,NOT NULL
1513,ase_pt_8cea473fdd8847ee,NOT NULL,NOT NULL,NOT NULL
1514,ase_pt_8cea473fdd8847ee,NOT NULL,NOT NULL,NOT NULL
1515,ase_pt_8cea473fdd8847ee,NOT NULL,NOT NULL,NOT NULL
1516,ase_pt_8cea473fdd8847ee,NOT NULL,NOT NULL,NOT NULL
1517,ase_pt_44e3a8804a2a4988,NOT NULL,NOT NULL,NOT NULL
1518,ase_pt_44e3a8804a2a4988,NOT NULL,NOT NULL,NOT NULL
1519,ase_pt_44e3a8804a2a4988,NOT NULL,NOT NULL,NOT NULL
1520,ase_pt_44e3a8804a2a4988,NOT NULL,NOT NULL,NOT NULL
1521,ase_pt_713d53f998734c95,NOT NULL,NOT NULL,NOT NULL
1522,ase_pt_713d53f998734c95,NOT NULL,NOT NULL,NOT NULL
1523,ase_pt_713d53f998734c95,NOT NULL,NOT NULL,NOT NULL
1524,ase_pt_5949f93a17d240ae,NOT NULL,NOT NULL,NOT NULL
1525,ase_pt_5949f93a17d240ae,NOT NULL,NOT NULL,NOT NULL
1526,ase_pt_5949f93a17d240ae,NOT NULL,NOT NULL,NOT NULL
1527,ase_pt_eae220cc91eb49ee,NOT NULL,NOT NULL,NOT NULL
1528,ase_pt_eae220cc91eb49ee,NOT NULL,NOT NULL,NOT NULL
1529,ase_pt_eae220cc91eb49ee,NOT NULL,NOT NULL,NOT NULL
1530,ase_pt_eae220cc91eb49ee,NOT NULL,NOT NULL,NOT NULL
1531,ase_pt_873fee4ef10f4d1e,NOT NULL,NOT NULL,NOT NULL
1532,ase_pt_873fee4ef10f4d1e,NOT NULL,NOT NULL,NOT NULL
1533,ase_pt_873fee4ef10f4d1e,NOT NULL,NOT NULL,NOT NULL
1534,ase_pt_6fbaf19c00b54f5a,NOT NULL,NOT NULL,NOT NULL
1535,ase_pt_6fbaf19c00b54f5a,NOT NULL,NOT NULL,NOT NULL
1536,ase_pt_6fbaf19c00b54f5a,NOT NULL,NOT NULL,NOT NULL
1537,ase_pt_78d7474730e741f4,NOT NULL,NOT NULL,NOT NULL
1538,ase_pt_78d7474730e741f4,NOT NULL,NOT NULL,NOT NULL
1539,ase_pt_78d7474730e741f4,NOT NULL,NOT NULL,NOT NULL
1540,ase_pt_3e1833f415fd414f,NOT NULL,NOT NULL,NOT NULL
1541,ase_pt_3e1833f415fd414f,NOT NULL,NOT NULL,NOT NULL
1542,ase_pt_3e1833f415fd414f,NOT NULL,NOT NULL,NOT NULL
1543,ase_pt_d44e9670399c408a,NOT NULL,NOT NULL,NOT NULL
1544,ase_pt_d44e9670399c408a,NOT NULL,NOT NULL,NOT NULL
1545,ase_pt_d44e9670399c408a,NOT NULL,NOT NULL,NOT NULL
1546,ase_pt_f033ed36fcef4965,NOT NULL,NOT NULL,NOT NULL
1547,ase_pt_9ac2841b15404bcd,NOT NULL,NOT NULL,NOT NULL
1548,ase_pt_2eb7fcfa021b40e9,NOT NULL,NOT NULL,NOT NULL
1549,ase_pt_0410e0d5f8af4361,NOT NULL,NOT NULL,NOT NULL
1550,ase_pt_4e6c3823a6db41fb,NOT NULL,NOT NULL,NOT NULL
1551,ase_pt_5cd9914d28294eaa,NOT NULL,NOT NULL,NOT NULL
1552,ase_pt_c9cf1e5947bb4752,NOT NULL,NOT NULL,NOT NULL
1553,ase_pt_c9cf1e5947bb4752,NOT NULL,NOT NULL,NOT NULL
1554,ase_pt_145e7e156a714c6b,NOT NULL,NOT NULL,NOT NULL
1555,ase_pt_145e7e156a714c6b,NOT NULL,NOT NULL,NOT NULL
1556,ase_pt_e66149ee488d4111,NOT NULL,NOT NULL,NOT NULL
1557,ase_pt_e66149ee488d4111,NOT NULL,NOT NULL,NOT NULL
1558,ase_pt_5a6ff0d6be8e48cc,NOT NULL,NOT NULL,NOT NULL
1559,ase_pt_5a6ff0d6be8e48cc,NOT NULL,NOT NULL,NOT NULL
1560,ase_pt_112c1a8d5dc94d21,NOT NULL,NOT NULL,NOT NULL
1561,ase_pt_112c1a8d5dc94d21,NOT NULL,NOT NULL,NOT NULL
1562,ase_pt_9bf39c88fddc4d28,NOT NULL,NOT NULL,NOT NULL
1563,ase_pt_9bf39c88fddc4d28,NOT NULL,NOT NULL,NOT NULL
1564,ase_pt_3364009d64af4768,NOT NULL,NOT NULL,NOT NULL
1565,ase_pt_3364009d64af4768,NOT NULL,NOT NULL,NOT NULL
1566,ase_pt_4c06105a01794947,NOT NULL,NOT NULL,NOT NULL
1567,ase_pt_4c06105a01794947,NOT NULL,NOT NULL,NOT NULL
1568,ase_pt_d6f552806c264371,NOT NULL,NOT NULL,NOT NULL
1569,ase_pt_d6f552806c264371,NOT NULL,NOT NULL,NOT NULL
1570,ase_pt_f4ab0354b1194755,NOT NULL,NOT NULL,NOT NULL
1571,ase_pt_f4ab0354b1194755,NOT NULL,NOT NULL,NOT NULL
1572,ase_pt_35adba2d503446d4,NOT NULL,NOT NULL,NOT NULL
1573,ase_pt_35adba2d503446d4,NOT NULL,NOT NULL,NOT NULL
1574,ase_pt_f0718fd916934cfe,NOT NULL,NOT NULL,NOT NULL
1575,ase_pt_f0718fd916934cfe,NOT NULL,NOT NULL,NOT NULL
1576,ase_pt_046547bd9a204f91,NOT NULL,NOT NULL,NOT NULL
1577,ase_pt_046547bd9a204f91,NOT NULL,NOT NULL,NOT NULL
1578,ase_pt_cb4bcbf8a2d84d5f,NOT NULL,NOT NULL,NOT NULL
1579,ase_pt_cb4bcbf8a2d84d5f,NOT NULL,NOT NULL,NOT NULL
1580,ase_pt_5d475d0436df49e3,NOT NULL,NOT NULL,NOT NULL
1581,ase_pt_5d475d0436df49e3,NOT NULL,NOT NULL,NOT NULL
1582,ase_pt_90b15fbbc1784cbe,NOT NULL,NOT NULL,NOT NULL
1583,ase_pt_90b15fbbc1784cbe,NOT NULL,NOT NULL,NOT NULL
1584,ase_pt_4a739bd10d40478e,NOT NULL,NOT NULL,NOT NULL
1585,ase_pt_4a739bd10d40478e,NOT NULL,NOT NULL,NOT NULL
1586,ase_pt_adbf72e54bee4e93,NOT NULL,NOT NULL,NOT NULL
1587,ase_pt_adbf72e54bee4e93,NOT NULL,NOT NULL,NOT NULL
1588,ase_pt_51aca08bd0af4f10,NOT NULL,NOT NULL,NOT NULL
1589,ase_pt_51aca08bd0af4f10,NOT NULL,NOT NULL,NOT NULL
1590,ase_pt_25af5afd3fb64392,NOT NULL,NOT NULL,NOT NULL
1591,ase_pt_25af5afd3fb64392,NOT NULL,NOT NULL,NOT NULL
1592,ase_pt_9718d1dd9d2d406c,NOT NULL,NOT NULL,NOT NULL
1593,ase_pt_9718d1dd9d2d406c,NOT NULL,NOT NULL,NOT NULL
1594,ase_pt_b3196782bca54c2f,NOT NULL,NOT NULL,NOT NULL
1595,ase_pt_b3196782bca54c2f,NOT NULL,NOT NULL,NOT NULL
1596,ase_pt_1a312a5f3dae490c,NOT NULL,NOT NULL,NOT NULL
1597,ase_pt_1a312a5f3dae490c,NOT NULL,NOT NULL,NOT NULL
1598,ase_pt_1a312a5f3dae490c,NOT NULL,NOT NULL,NOT NULL
1599,ase_pt_1a312a5f3dae490c,NOT NULL,NOT NULL,NOT NULL
1600,ase_pt_b78de49d410c4b6a,NOT NULL,NOT NULL,NOT NULL
1601,ase_pt_b78de49d410c4b6a,NOT NULL,NOT NULL,NOT NULL
1602,ase_pt_b78de49d410c4b6a,NOT NULL,NOT NULL,NOT NULL
1603,ase_pt_b78de49d410c4b6a,NOT NULL,NOT NULL,NOT NULL
1604,ase_pt_eaf300904a6b46b0,NOT NULL,NOT NULL,NOT NULL
1605,ase_pt_eaf300904a6b46b0,NOT NULL,NOT NULL,NOT NULL
1606,ase_pt_9c7a74fa838e4e13,NOT NULL,NOT NULL,NOT NULL
1607,ase_pt_9c7a74fa838e4e13,NOT NULL,NOT NULL,NOT NULL
1608,ase_pt_8b4dd53a96554dfd,NOT NULL,NOT NULL,NOT NULL
1609,ase_pt_8b4dd53a96554dfd,NOT NULL,NOT NULL,NOT NULL
1610,ase_pt_1ecbc30e80024867,NOT NULL,NOT NULL,NOT NULL
1611,ase_pt_1ecbc30e80024867,NOT NULL,NOT NULL,NOT NULL
1612,ase_pt_b0b1fcb3e5e440bf,NOT NULL,NOT NULL,NOT NULL
1613,ase_pt_b0b1fcb3e5e440bf,NOT NULL,NOT NULL,NOT NULL
1614,ase_pt_b0b1fcb3e5e440bf,NOT NULL,NOT NULL,NOT NULL
1615,ase_pt_b0b1fcb3e5e440bf,NOT NULL,NOT NULL,NOT NULL
1616,ase_pt_e94e06bd9ba64a13,NOT NULL,NOT NULL,NOT NULL
1617,ase_pt_e94e06bd9ba64a13,NOT NULL,NOT NULL,NOT NULL
1618,ase_pt_9f6f3232705d4af8,NOT NULL,NOT NULL,NOT NULL
1619,ase_pt_9f6f3232705d4af8,NOT NULL,NOT NULL,NOT NULL
1620,ase_pt_d9415203c20b46f6,NOT NULL,NOT NULL,NOT NULL
1621,ase_pt_d9415203c20b46f6,NOT NULL,NOT NULL,NOT NULL
1622,ase_pt_12552ba816c647a6,NOT NULL,NOT NULL,NOT NULL
1623,ase_pt_12552ba816c647a6,NOT NULL,NOT NULL,NOT NULL
1624,ase_pt_8c79bccb949e4c7e,NOT NULL,NOT NULL,NOT NULL
1625,ase_pt_8c79bccb949e4c7e,NOT NULL,NOT NULL,NOT NULL
1626,ase_pt_4a733320cf6c430b,NOT NULL,NOT NULL,NOT NULL
1627,ase_pt_4a733320cf6c430b,NOT NULL,NOT NULL,NOT NULL
1628,ase_pt_9c780403c45a475f,NOT NULL,NOT NULL,NOT NULL
1629,ase_pt_9c780403c45a475f,NOT NULL,NOT NULL,NOT NULL
1630,ase_pt_95154129d2f04501,NOT NULL,NOT NULL,NOT NULL
1631,ase_pt_95154129d2f04501,NOT NULL,NOT NULL,NOT NULL
1632,ase_pt_9d28f94eaeaf4126,NOT NULL,NOT NULL,NOT NULL
1633,ase_pt_9d28f94eaeaf4126,NOT NULL,NOT NULL,NOT NULL
1634,ase_pt_9d28f94eaeaf4126,NOT NULL,NOT NULL,NOT NULL
1635,ase_pt_9d28f94eaeaf4126,NOT NULL,NOT NULL,NOT NULL
1636,ase_pt_c66cffc7f7554a9e,NOT NULL,NOT NULL,NOT NULL
1637,ase_pt_c66cffc7f7554a9e,NOT NULL,NOT NULL,NOT NULL
1638,ase_pt_685e2dc764044b0a,NOT NULL,NOT NULL,NOT NULL
1639,ase_pt_685e2dc764044b0a,NOT NULL,NOT NULL,NOT NULL
1640,ase_pt_abd22434ae404043,NOT NULL,NOT NULL,NOT NULL
1641,ase_pt_abd22434ae404043,NOT NULL,NOT NULL,NOT NULL
1642,ase_pt_071dfaed07c840a7,NOT NULL,NOT NULL,NOT NULL
1643,ase_pt_071dfaed07c840a7,NOT NULL,NOT NULL,NOT NULL
1644,ase_pt_f02c2b0e4ea846d5,NOT NULL,NOT NULL,NOT NULL
1645,ase_pt_f02c2b0e4ea846d5,NOT NULL,NOT NULL,NOT NULL
1646,ase_pt_ad40ee17f4b24319,NOT NULL,NOT NULL,NOT NULL
1647,ase_pt_ad40ee17f4b24319,NOT NULL,NOT NULL,NOT NULL
1648,ase_pt_ad40ee17f4b24319,NOT NULL,NOT NULL,NOT NULL
1649,ase_pt_ad40ee17f4b24319,NOT NULL,NOT NULL,NOT NULL
1650,ase_pt_25c87bb09bcb4d9e,NOT NULL,NOT NULL,NOT NULL
1651,ase_pt_25c87bb09bcb4d9e,NOT NULL,NOT NULL,NOT NULL
1652,ase_pt_a177f80b7b324348,NOT NULL,NOT NULL,NOT NULL
1653,ase_pt_a177f80b7b324348,NOT NULL,NOT NULL,NOT NULL
1654,ase_pt_5f73e4e368ee4c19,NOT NULL,NOT NULL,NOT NULL
1655,ase_pt_5f73e4e368ee4c19,NOT NULL,NOT NULL,NOT NULL
1656,ase_pt_0dc66601fbd449ff,NOT NULL,NOT NULL,NOT NULL
1657,ase_pt_0dc66601fbd449ff,NOT NULL,NOT NULL,NOT NULL
1658,ase_pt_693ad4c178f244e6,NOT NULL,NOT NULL,NOT NULL
1659,ase_pt_693ad4c178f244e6,NOT NULL,NOT NULL,NOT NULL
1660,ase_pt_9ad847fa6c644d6e,NOT NULL,NOT NULL,NOT NULL
1661,ase_pt_9ad847fa6c644d6e,NOT NULL,NOT NULL,NOT NULL
1662,ase_pt_9ad847fa6c644d6e,NOT NULL,NOT NULL,NOT NULL
1663,ase_pt_9ad847fa6c644d6e,NOT NULL,NOT NULL,NOT NULL
1664,ase_pt_9304bdbefbc643c7,NOT NULL,NOT NULL,NOT NULL
1665,ase_pt_9304bdbefbc643c7,NOT NULL,NOT NULL,NOT NULL
1666,ase_pt_9304bdbefbc643c7,NOT NULL,NOT NULL,NOT NULL
1667,ase_pt_9304bdbefbc643c7,NOT NULL,NOT NULL,NOT NULL
1668,ase_pt_4bc71f3c83f84bc1,NOT NULL,NOT NULL,NOT NULL
1669,ase_pt_4bc71f3c83f84bc1,NOT NULL,NOT NULL,NOT NULL
1670,ase_pt_4bc71f3c83f84bc1,NOT NULL,NOT NULL,NOT NULL
1671,ase_pt_4bc71f3c83f84bc1,NOT NULL,NOT NULL,NOT NULL
1672,ase_pt_971b825f23974ec3,NOT NULL,NOT NULL,NOT NULL
1673,ase_pt_971b825f23974ec3,NOT NULL,NOT NULL,NOT NULL
1674,ase_pt_971b825f23974ec3,NOT NULL,NOT NULL,NOT NULL
1675,ase_pt_971b825f23974ec3,NOT NULL,NOT NULL,NOT NULL
1676,ase_pt_23883886b1684ced,NOT NULL,NOT NULL,NOT NULL
1677,ase_pt_23883886b1684ced,NOT NULL,NOT NULL,NOT NULL
1678,ase_pt_23883886b1684ced,NOT NULL,NOT NULL,NOT NULL
1679,ase_pt_7fdb187c20744630,NOT NULL,NOT NULL,NOT NULL
1680,ase_pt_7fdb187c20744630,NOT NULL,NOT NULL,NOT NULL
1681,ase_pt_7fdb187c20744630,NOT NULL,NOT NULL,NOT NULL
1682,ase_pt_75bb9bbffddc42a9,NOT NULL,NOT NULL,NOT NULL
1683,ase_pt_75bb9bbffddc42a9,NOT NULL,NOT NULL,NOT NULL
1684,ase_pt_75bb9bbffddc42a9,NOT NULL,NOT NULL,NOT NULL
1685,ase_pt_75bb9bbffddc42a9,NOT NULL,NOT NULL,NOT NULL
1686,ase_pt_48c41c48d3a14ba2,NOT NULL,NOT NULL,NOT NULL
1687,ase_pt_48c41c48d3a14ba2,NOT NULL,NOT NULL,NOT NULL
1688,ase_pt_48c41c48d3a14ba2,NOT NULL,NOT NULL,NOT NULL
1689,ase_pt_f13c06fdca6c4252,NOT NULL,NOT NULL,NOT NULL
1690,ase_pt_f13c06fdca6c4252,NOT NULL,NOT NULL,NOT NULL
1691,ase_pt_f13c06fdca6c4252,NOT NULL,NOT NULL,NOT NULL
1692,ase_pt_0b933a575f704d7e,NOT NULL,NOT NULL,NOT NULL
1693,ase_pt_0b933a575f704d7e,NOT NULL,NOT NULL,NOT NULL
1694,ase_pt_0b933a575f704d7e,NOT NULL,NOT NULL,NOT NULL
1695,ase_pt_ddaaad97b7254e99,NOT NULL,NOT NULL,NOT NULL
1696,ase_pt_ddaaad97b7254e99,NOT NULL,NOT NULL,NOT NULL
1697,ase_pt_ddaaad97b7254e99,NOT NULL,NOT NULL,NOT NULL
1698,ase_pt_857897d4d0ff4f19,NOT NULL,NOT NULL,NOT NULL
1699,ase_pt_857897d4d0ff4f19,NOT NULL,NOT NULL,NOT NULL
1700,ase_pt_857897d4d0ff4f19,NOT NULL,NOT NULL,NOT NULL
1701,ase_pt_758e90c2983f47df,NOT NULL,NOT NULL,NOT NULL
1702,ase_pt_758e90c2983f47df,NOT NULL,NOT NULL,NOT NULL
1703,ase_pt_758e90c2983f47df,NOT NULL,NOT NULL,NOT NULL
1704,ase_pt_19fd1a1afed14598,NOT NULL,NOT NULL,NOT NULL
1705,ase_pt_19fd1a1afed14598,NOT NULL,NOT NULL,NOT NULL
1706,ase_pt_19fd1a1afed14598,NOT NULL,NOT NULL,NOT NULL
1707,ase_pt_19fd1a1afed14598,NOT NULL,NOT NULL,NOT NULL
1708,ase_pt_19fd1a1afed14598,NOT NULL,NOT NULL,NOT NULL
1709,ase_pt_19fd1a1afed14598,NOT NULL,NOT NULL,NOT NULL
1710,ase_pt_a1d17b4de5fb4ab9,NOT NULL,NOT NULL,NOT NULL
1711,ase_pt_a1d17b4de5fb4ab9,NOT NULL,NOT NULL,NOT NULL
1712,ase_pt_a1d17b4de5fb4ab9,NOT NULL,NOT NULL,NOT NULL
1713,ase_pt_69d1459f2919466e,NOT NULL,NOT NULL,NOT NULL
1714,ase_pt_69d1459f2919466e,NOT NULL,NOT NULL,NOT NULL
1715,ase_pt_69d1459f2919466e,NOT NULL,NOT NULL,NOT NULL
1716,ase_pt_e1b41c6235bb41f8,NOT NULL,NOT NULL,NOT NULL
1717,ase_pt_e1b41c6235bb41f8,NOT NULL,NOT NULL,NOT NULL
1718,ase_pt_e1b41c6235bb41f8,NOT NULL,NOT NULL,NOT NULL
1719,ase_pt_e1b41c6235bb41f8,NOT NULL,NOT NULL,NOT NULL
1720,ase_pt_2611a56fa69b4883,NOT NULL,NOT NULL,NOT NULL
1721,ase_pt_2611a56fa69b4883,NOT NULL,NOT NULL,NOT NULL
1722,ase_pt_2611a56fa69b4883,NOT NULL,NOT NULL,NOT NULL
1723,ase_pt_2611a56fa69b4883,NOT NULL,NOT NULL,NOT NULL
1724,ase_pt_7551bc0b96784b8d,NOT NULL,NOT NULL,NOT NULL
1725,ase_pt_7551bc0b96784b8d,NOT NULL,NOT NULL,NOT NULL
1726,ase_pt_7551bc0b96784b8d,NOT NULL,NOT NULL,NOT NULL
1727,ase_pt_7551bc0b96784b8d,NOT NULL,NOT NULL,NOT NULL
1728,ase_pt_06edc199b341480c,NOT NULL,NOT NULL,NOT NULL
1729,ase_pt_06edc199b341480c,NOT NULL,NOT NULL,NOT NULL
1730,ase_pt_06edc199b341480c,NOT NULL,NOT NULL,NOT NULL
1731,ase_pt_06edc199b341480c,NOT NULL,NOT NULL,NOT NULL
1732,ase_pt_c13e4aa9be584415,NOT NULL,NOT NULL,NOT NULL
1733,ase_pt_c13e4aa9be584415,NOT NULL,NOT NULL,NOT NULL
1734,ase_pt_c13e4aa9be584415,NOT NULL,NOT NULL,NOT NULL
1735,ase_pt_c13e4aa9be584415,NOT NULL,NOT NULL,NOT NULL
1736,ase_pt_8f40bc8450a040f2,NOT NULL,NOT NULL,NOT NULL
1737,ase_pt_8f40bc8450a040f2,NOT NULL,NOT NULL,NOT NULL
1738,ase_pt_8f40bc8450a040f2,NOT NULL,NOT NULL,NOT NULL
1739,ase_pt_8f40bc8450a040f2,NOT NULL,NOT NULL,NOT NULL
1740,ase_pt_937913978a7345bf,NOT NULL,NOT NULL,NOT NULL
1741,ase_pt_937913978a7345bf,NOT NULL,NOT NULL,NOT NULL
1742,ase_pt_937913978a7345bf,NOT NULL,NOT NULL,NOT NULL
1743,ase_pt_937913978a7345bf,NOT NULL,NOT NULL,NOT NULL
1744,ase_pt_937913978a7345bf,NOT NULL,NOT NULL,NOT NULL
1745,ase_pt_937913978a7345bf,NOT NULL,NOT NULL,NOT NULL
1746,ase_pt_937913978a7345bf,NOT NULL,NOT NULL,NOT NULL
1747,ase_pt_937913978a7345bf,NOT NULL,NOT NULL,NOT NULL
1748,ase_pt_f44fe45a5946442a,NOT NULL,NOT NULL,NOT NULL
1749,ase_pt_f44fe45a5946442a,NOT NULL,NOT NULL,NOT NULL
1750,ase_pt_f44fe45a5946442a,NOT NULL,NOT NULL,NOT NULL
1751,ase_pt_f44fe45a5946442a,NOT NULL,NOT NULL,NOT NULL
1752,ase_pt_458f750d5f74431b,NOT NULL,NOT NULL,NOT NULL
1753,ase_pt_458f750d5f74431b,NOT NULL,NOT NULL,NOT NULL
1754,ase_pt_458f750d5f74431b,NOT NULL,NOT NULL,NOT NULL
1755,ase_pt_458f750d5f74431b,NOT NULL,NOT NULL,NOT NULL
1756,ase_pt_01cb82e33a8c4e04,NOT NULL,NOT NULL,NOT NULL
1757,ase_pt_01cb82e33a8c4e04,NOT NULL,NOT NULL,NOT NULL
1758,ase_pt_01cb82e33a8c4e04,NOT NULL,NOT NULL,NOT NULL
1759,ase_pt_01cb82e33a8c4e04,NOT NULL,NOT NULL,NOT NULL
1760,ase_pt_bfcbb0e9be454d9a,NOT NULL,NOT NULL,NOT NULL
1761,ase_pt_bfcbb0e9be454d9a,NOT NULL,NOT NULL,NOT NULL
1762,ase_pt_bfcbb0e9be454d9a,NOT NULL,NOT NULL,NOT NULL
1763,ase_pt_bfcbb0e9be454d9a,NOT NULL,NOT NULL,NOT NULL
1764,ase_pt_856dbff788e84c4c,NOT NULL,NOT NULL,NOT NULL
1765,ase_pt_856dbff788e84c4c,NOT NULL,NOT NULL,NOT NULL
1766,ase_pt_856dbff788e84c4c,NOT NULL,NOT NULL,NOT NULL
1767,ase_pt_856dbff788e84c4c,NOT NULL,NOT NULL,NOT NULL
1768,ase_pt_a14c917b2b5f4bac,NOT NULL,NOT NULL,NOT NULL
1769,ase_pt_a14c917b2b5f4bac,NOT NULL,NOT NULL,NOT NULL
1770,ase_pt_19ab29c2e07f4f23,NOT NULL,NOT NULL,NOT NULL
1771,ase_pt_19ab29c2e07f4f23,NOT NULL,NOT NULL,NOT NULL
1772,ase_pt_9e412b9c46f64e91,NOT NULL,NOT NULL,NOT NULL
1773,ase_pt_9e412b9c46f64e91,NOT NULL,NOT NULL,NOT NULL
1774,ase_pt_9e412b9c46f64e91,NOT NULL,NOT NULL,NOT NULL
1775,ase_pt_d5cd7abcf3714a9e,NOT NULL,NOT NULL,NOT NULL
1776,ase_pt_d5cd7abcf3714a9e,NOT NULL,NOT NULL,NOT NULL
1777,ase_pt_d5cd7abcf3714a9e,NOT NULL,NOT NULL,NOT NULL
1778,ase_pt_5d288026450343df,NOT NULL,NOT NULL,NOT NULL
1779,ase_pt_5d288026450343df,NOT NULL,NOT NULL,NOT NULL
1780,ase_pt_5d288026450343df,NOT NULL,NOT NULL,NOT NULL
1781,ase_pt_5d288026450343df,NOT NULL,NOT NULL,NOT NULL
1782,ase_pt_471b2b947e7240f9,NOT NULL,NOT NULL,NOT NULL
1783,ase_pt_471b2b947e7240f9,NOT NULL,NOT NULL,NOT NULL
1784,ase_pt_471b2b947e7240f9,NOT NULL,NOT NULL,NOT NULL
1785,ase_pt_471b2b947e7240f9,NOT NULL,NOT NULL,NOT NULL
1786,ase_pt_efb8edaa521b47e8,NOT NULL,NOT NULL,NOT NULL
1787,ase_pt_efb8edaa521b47e8,NOT NULL,NOT NULL,NOT NULL
1788,ase_pt_efb8edaa521b47e8,NOT NULL,NOT NULL,NOT NULL
1789,ase_pt_efb8edaa521b47e8,NOT NULL,NOT NULL,NOT NULL
1790,ase_pt_c1e850d101f94cfc,NOT NULL,NOT NULL,NOT NULL
1791,ase_pt_c1e850d101f94cfc,NOT NULL,NOT NULL,NOT NULL
1792,ase_pt_c1c2c821260347b3,NOT NULL,NOT NULL,NOT NULL
1793,ase_pt_c1c2c821260347b3,NOT NULL,NOT NULL,NOT NULL
1794,ase_pt_102122e7c9aa4c81,NOT NULL,NOT NULL,NOT NULL
1795,ase_pt_102122e7c9aa4c81,NOT NULL,NOT NULL,NOT NULL
1796,ase_pt_102122e7c9aa4c81,NOT NULL,NOT NULL,NOT NULL
1797,ase_pt_102122e7c9aa4c81,NOT NULL,NOT NULL,NOT NULL
1798,ase_pt_da861c9b34664bdb,NOT NULL,NOT NULL,NOT NULL
1799,ase_pt_da861c9b34664bdb,NOT NULL,NOT NULL,NOT NULL
1800,ase_pt_da861c9b34664bdb,NOT NULL,NOT NULL,NOT NULL
1801,ase_pt_da861c9b34664bdb,NOT NULL,NOT NULL,NOT NULL
1802,ase_pt_c5fdce8b34414e05,NOT NULL,NOT NULL,NOT NULL
1803,ase_pt_c5fdce8b34414e05,NOT NULL,NOT NULL,NOT NULL
1804,ase_pt_afb8e8c13d074159,NOT NULL,NOT NULL,NOT NULL
1805,ase_pt_afb8e8c13d074159,NOT NULL,NOT NULL,NOT NULL
1806,ase_pt_1bc8f735bf054b14,NOT NULL,NOT NULL,NOT NULL
1807,ase_pt_1bc8f735bf054b14,NOT NULL,NOT NULL,NOT NULL
1808,ase_pt_e765019aac214b30,NOT NULL,NOT NULL,NOT NULL
1809,ase_pt_e765019aac214b30,NOT NULL,NOT NULL,NOT NULL
1810,ase_pt_11a533f7ddb84c21,NOT NULL,NOT NULL,NOT NULL
1811,ase_pt_11a533f7ddb84c21,NOT NULL,NOT NULL,NOT NULL
1812,ase_pt_11a533f7ddb84c21,NOT NULL,NOT NULL,NOT NULL
1813,ase_pt_44733944cf074383,NOT NULL,NOT NULL,NOT NULL
1814,ase_pt_44733944cf074383,NOT NULL,NOT NULL,NOT NULL
1815,ase_pt_44733944cf074383,NOT NULL,NOT NULL,NOT NULL
1816,ase_pt_44733944cf074383,NOT NULL,NOT NULL,NOT NULL
1817,ase_pt_87f340e043e5485d,NOT NULL,NOT NULL,NOT NULL
1818,ase_pt_87f340e043e5485d,NOT NULL,NOT NULL,NOT NULL
1819,ase_pt_f3bb6a0a294543f3,NOT NULL,NOT NULL,NOT NULL
1820,ase_pt_f3bb6a0a294543f3,NOT NULL,NOT NULL,NOT NULL
1821,ase_pt_f3bb6a0a294543f3,NOT NULL,NOT NULL,NOT NULL
1822,ase_pt_f3bb6a0a294543f3,NOT NULL,NOT NULL,NOT NULL
1823,ase_pt_f1c574b9890e4d08,NOT NULL,NOT NULL,NOT NULL
1824,ase_pt_f1c574b9890e4d08,NOT NULL,NOT NULL,NOT NULL
1825,ase_pt_7c3c312e45784293,NOT NULL,NOT NULL,NOT NULL
1826,ase_pt_7c3c312e45784293,NOT NULL,NOT NULL,NOT NULL
1827,ase_pt_7c3c312e45784293,NOT NULL,NOT NULL,NOT NULL
1828,ase_pt_8866dcbf077e4891,NOT NULL,NOT NULL,NOT NULL
1829,ase_pt_8866dcbf077e4891,NOT NULL,NOT NULL,NOT NULL
1830,ase_pt_8866dcbf077e4891,NOT NULL,NOT NULL,NOT NULL
1831,ase_pt_8866dcbf077e4891,NOT NULL,NOT NULL,NOT NULL
1832,ase_pt_ae94e90407ed4ee8,NOT NULL,NOT NULL,NOT NULL
1833,ase_pt_ae94e90407ed4ee8,NOT NULL,NOT NULL,NOT NULL
1834,ase_pt_ae94e90407ed4ee8,NOT NULL,NOT NULL,NOT NULL
1835,ase_pt_ae94e90407ed4ee8,NOT NULL,NOT NULL,NOT NULL
1836,ase_pt_6e3199cc0c054c4a,NOT NULL,NOT NULL,NOT NULL
1837,ase_pt_6e3199cc0c054c4a,NOT NULL,NOT NULL,NOT NULL
1838,ase_pt_82b4b4830f9b44d1,NOT NULL,NOT NULL,NOT NULL
1839,ase_pt_82b4b4830f9b44d1,NOT NULL,NOT NULL,NOT NULL
1840,ase_pt_085f5f6f88514de6,NOT NULL,NOT NULL,NOT NULL
1841,ase_pt_f850c3bdc79c409b,NOT NULL,NOT NULL,NOT NULL
1842,ase_pt_f850c3bdc79c409b,NOT NULL,NOT NULL,NOT NULL
1843,ase_pt_e0d7f801595e436e,NOT NULL,NOT NULL,NOT NULL
1844,ase_pt_e0d7f801595e436e,NOT NULL,NOT NULL,NOT NULL
1845,ase_pt_e0d7f801595e436e,NOT NULL,NOT NULL,NOT NULL
1846,ase_pt_e0d7f801595e436e,NOT NULL,NOT NULL,NOT NULL
1847,ase_pt_5512d71f7e0c419d,NOT NULL,NOT NULL,NOT NULL
1848,ase_pt_5512d71f7e0c419d,NOT NULL,NOT NULL,NOT NULL
1849,ase_pt_5512d71f7e0c419d,NOT NULL,NOT NULL,NOT NULL
1850,ase_pt_5512d71f7e0c419d,NOT NULL,NOT NULL,NOT NULL
1851,ase_pt_5512d71f7e0c419d,NOT NULL,NOT NULL,NOT NULL
1852,ase_pt_9193accc15f84997,NOT NULL,NOT NULL,NOT NULL
1853,ase_pt_9193accc15f84997,NOT NULL,NOT NULL,NOT NULL
1854,ase_pt_9193accc15f84997,NOT NULL,NOT NULL,NOT NULL
1855,ase_pt_9193accc15f84997,NOT NULL,NOT NULL,NOT NULL
1856,ase_pt_9193accc15f84997,NOT NULL,NOT NULL,NOT NULL
1857,ase_pt_9193accc15f84997,NOT NULL,NOT NULL,NOT NULL
1858,ase_pt_0910e43b7e134256,NOT NULL,NOT NULL,NOT NULL
1859,ase_pt_0910e43b7e134256,NOT NULL,NOT NULL,NOT NULL
1860,ase_pt_0910e43b7e134256,NOT NULL,NOT NULL,NOT NULL
1861,ase_pt_0910e43b7e134256,NOT NULL,NOT NULL,NOT NULL
1862,ase_pt_0910e43b7e134256,NOT NULL,NOT NULL,NOT NULL
1863,ase_pt_0910e43b7e134256,NOT NULL,NOT NULL,NOT NULL
1864,ase_pt_0910e43b7e134256,NOT NULL,NOT NULL,NOT NULL
1865,ase_pt_0910e43b7e134256,NOT NULL,NOT NULL,NOT NULL
1866,ase_pt_d65d6f9ae7c349d2,NOT NULL,NOT NULL,NOT NULL
1867,ase_pt_32ac03879c054b1d,NOT NULL,NOT NULL,NOT NULL
1868,ase_pt_b52bfbe48bc7409c,NOT NULL,NOT NULL,NOT NULL
1869,ase_pt_1ea1196300224d4b,NOT NULL,NOT NULL,NOT NULL
1870,ase_pt_6c35449f5e404fff,NOT NULL,NOT NULL,NOT NULL
1871,ase_pt_2c74697a3b3b4846,NOT NULL,NOT NULL,NOT NULL
1872,ase_pt_835d7f1f28f84c85,NOT NULL,NOT NULL,NOT NULL
1873,ase_pt_835d7f1f28f84c85,NOT NULL,NOT NULL,NOT NULL
1874,ase_pt_b19c89664d8d4c91,NOT NULL,NOT NULL,NOT NULL
1875,ase_pt_b19c89664d8d4c91,NOT NULL,NOT NULL,NOT NULL
1876,ase_pt_c10d6a979ce8484c,NOT NULL,NOT NULL,NOT NULL
1877,ase_pt_c10d6a979ce8484c,NOT NULL,NOT NULL,NOT NULL
1878,ase_pt_8dc0c46744d64953,NOT NULL,NOT NULL,NOT NULL
1879,ase_pt_8dc0c46744d64953,NOT NULL,NOT NULL,NOT NULL
1880,ase_pt_e27c631c24c34820,NOT NULL,NOT NULL,NOT NULL
1881,ase_pt_e27c631c24c34820,NOT NULL,NOT NULL,NOT NULL
1882,ase_pt_7973611a7c8d4405,NOT NULL,NOT NULL,NOT NULL
1883,ase_pt_7973611a7c8d4405,NOT NULL,NOT NULL,NOT NULL
1884,ase_pt_78a93830b36e4989,NOT NULL,NOT NULL,NOT NULL
1885,ase_pt_78a93830b36e4989,NOT NULL,NOT NULL,NOT NULL
1886,ase_pt_40a66873201c42c8,NOT NULL,NOT NULL,NOT NULL
1887,ase_pt_40a66873201c42c8,NOT NULL,NOT NULL,NOT NULL
1888,ase_pt_6cbd35962d814902,NOT NULL,NOT NULL,NOT NULL
1889,ase_pt_6cbd35962d814902,NOT NULL,NOT NULL,NOT NULL
1890,ase_pt_90ec6ab58d4a433f,NOT NULL,NOT NULL,NOT NULL
1891,ase_pt_90ec6ab58d4a433f,NOT NULL,NOT NULL,NOT NULL
1892,ase_pt_745a857919564dfc,NOT NULL,NOT NULL,NOT NULL
1893,ase_pt_745a857919564dfc,NOT NULL,NOT NULL,NOT NULL
1894,ase_pt_952d56fbc7614422,NOT NULL,NOT NULL,NOT NULL
1895,ase_pt_952d56fbc7614422,NOT NULL,NOT NULL,NOT NULL
1896,ase_pt_36e8e261e3e1469f,NOT NULL,NOT NULL,NOT NULL
1897,ase_pt_36e8e261e3e1469f,NOT NULL,NOT NULL,NOT NULL
1898,ase_pt_5b47757a95a44adf,NOT NULL,NOT NULL,NOT NULL
1899,ase_pt_5b47757a95a44adf,NOT NULL,NOT NULL,NOT NULL
1900,ase_pt_4ee635f1de7648c7,NOT NULL,NOT NULL,NOT NULL
1901,ase_pt_4ee635f1de7648c7,NOT NULL,NOT NULL,NOT NULL
1902,ase_pt_24a77f31cca74e21,NOT NULL,NOT NULL,NOT NULL
1903,ase_pt_24a77f31cca74e21,NOT NULL,NOT NULL,NOT NULL
1904,ase_pt_45c6ec985311418b,NOT NULL,NOT NULL,NOT NULL
1905,ase_pt_45c6ec985311418b,NOT NULL,NOT NULL,NOT NULL
1906,ase_pt_11864dfe6e164f25,NOT NULL,NOT NULL,NOT NULL
1907,ase_pt_11864dfe6e164f25,NOT NULL,NOT NULL,NOT NULL
1908,ase_pt_f57567ca8d45430f,NOT NULL,NOT NULL,NOT NULL
1909,ase_pt_f57567ca8d45430f,NOT NULL,NOT NULL,NOT NULL
1910,ase_pt_d69231f049ab4610,NOT NULL,NOT NULL,NOT NULL
1911,ase_pt_d69231f049ab4610,NOT NULL,NOT NULL,NOT NULL
1912,ase_pt_f3ac3c34466c4fa7,NOT NULL,NOT NULL,NOT NULL
1913,ase_pt_f3ac3c34466c4fa7,NOT NULL,NOT NULL,NOT NULL
1914,ase_pt_fc496f6591134f0d,NOT NULL,NOT NULL,NOT NULL
1915,ase_pt_fc496f6591134f0d,NOT NULL,NOT NULL,NOT NULL
1916,ase_pt_c319fad03c394a4c,NOT NULL,NOT NULL,NOT NULL
1917,ase_pt_c319fad03c394a4c,NOT NULL,NOT NULL,NOT NULL
1918,ase_pt_c319fad03c394a4c,NOT NULL,NOT NULL,NOT NULL
1919,ase_pt_c319fad03c394a4c,NOT NULL,NOT NULL,NOT NULL
1920,ase_pt_3159c7198f9847ca,NOT NULL,NOT NULL,NOT NULL
1921,ase_pt_3159c7198f9847ca,NOT NULL,NOT NULL,NOT NULL
1922,ase_pt_3159c7198f9847ca,NOT NULL,NOT NULL,NOT NULL
1923,ase_pt_3159c7198f9847ca,NOT NULL,NOT NULL,NOT NULL
1924,ase_pt_8ed093812bf24ba3,NOT NULL,NOT NULL,NOT NULL
1925,ase_pt_8ed093812bf24ba3,NOT NULL,NOT NULL,NOT NULL
1926,ase_pt_d87d772111f84a26,NOT NULL,NOT NULL,NOT NULL
1927,ase_pt_d87d772111f84a26,NOT NULL,NOT NULL,NOT NULL
1928,ase_pt_0341f5cb79124671,NOT NULL,NOT NULL,NOT NULL
1929,ase_pt_0341f5cb79124671,NOT NULL,NOT NULL,NOT NULL
1930,ase_pt_14dcb91297be4845,NOT NULL,NOT NULL,NOT NULL
1931,ase_pt_14dcb91297be4845,NOT NULL,NOT NULL,NOT NULL
1932,ase_pt_705b599905dc4225,NOT NULL,NOT NULL,NOT NULL
1933,ase_pt_705b599905dc4225,NOT NULL,NOT NULL,NOT NULL
1934,ase_pt_705b599905dc4225,NOT NULL,NOT NULL,NOT NULL
1935,ase_pt_705b599905dc4225,NOT NULL,NOT NULL,NOT NULL
1936,ase_pt_192d57c47a354464,NOT NULL,NOT NULL,NOT NULL
1937,ase_pt_192d57c47a354464,NOT NULL,NOT NULL,NOT NULL
1938,ase_pt_0ba8a78cd5cc44df,NOT NULL,NOT NULL,NOT NULL
1939,ase_pt_0ba8a78cd5cc44df,NOT NULL,NOT NULL,NOT NULL
1940,ase_pt_284fd697de8f4add,NOT NULL,NOT NULL,NOT NULL
1941,ase_pt_284fd697de8f4add,NOT NULL,NOT NULL,NOT NULL
1942,ase_pt_5d0d01f3280c46b1,NOT NULL,NOT NULL,NOT NULL
1943,ase_pt_5d0d01f3280c46b1,NOT NULL,NOT NULL,NOT NULL
1944,ase_pt_fadfe86140af455a,NOT NULL,NOT NULL,NOT NULL
1945,ase_pt_fadfe86140af455a,NOT NULL,NOT NULL,NOT NULL
1946,ase_pt_4be2cf80d3624f25,NOT NULL,NOT NULL,NOT NULL
1947,ase_pt_4be2cf80d3624f25,NOT NULL,NOT NULL,NOT NULL
1948,ase_pt_cf1c0cd326094aec,NOT NULL,NOT NULL,NOT NULL
1949,ase_pt_cf1c0cd326094aec,NOT NULL,NOT NULL,NOT NULL
1950,ase_pt_b02668e8ecc4498d,NOT NULL,NOT NULL,NOT NULL
1951,ase_pt_b02668e8ecc4498d,NOT NULL,NOT NULL,NOT NULL
1952,ase_pt_c940efd2a9954b9d,NOT NULL,NOT NULL,NOT NULL
1953,ase_pt_c940efd2a9954b9d,NOT NULL,NOT NULL,NOT NULL
1954,ase_pt_c940efd2a9954b9d,NOT NULL,NOT NULL,NOT NULL
1955,ase_pt_c940efd2a9954b9d,NOT NULL,NOT NULL,NOT NULL
1956,ase_pt_6c43af51552e48ae,NOT NULL,NOT NULL,NOT NULL
1957,ase_pt_6c43af51552e48ae,NOT NULL,NOT NULL,NOT NULL
1958,ase_pt_490447f9a8614b5a,NOT NULL,NOT NULL,NOT NULL
1959,ase_pt_490447f9a8614b5a,NOT NULL,NOT NULL,NOT NULL
1960,ase_pt_7f0e2dbd0444465a,NOT NULL,NOT NULL,NOT NULL
1961,ase_pt_7f0e2dbd0444465a,NOT NULL,NOT NULL,NOT NULL
1962,ase_pt_24be3ac5a5824fcf,NOT NULL,NOT NULL,NOT NULL
1963,ase_pt_24be3ac5a5824fcf,NOT NULL,NOT NULL,NOT NULL
1964,ase_pt_97bde6ee96964044,NOT NULL,NOT NULL,NOT NULL
1965,ase_pt_97bde6ee96964044,NOT NULL,NOT NULL,NOT NULL
1966,ase_pt_e027cb165fd34219,NOT NULL,NOT NULL,NOT NULL
1967,ase_pt_e027cb165fd34219,NOT NULL,NOT NULL,NOT NULL
1968,ase_pt_e027cb165fd34219,NOT NULL,NOT NULL,NOT NULL
1969,ase_pt_e027cb165fd34219,NOT NULL,NOT NULL,NOT NULL
1970,ase_pt_3cb297ccec4d4a6f,NOT NULL,NOT NULL,NOT NULL
1971,ase_pt_3cb297ccec4d4a6f,NOT NULL,NOT NULL,NOT NULL
1972,ase_pt_cecf9ac515e84f97,NOT NULL,NOT NULL,NOT NULL
1973,ase_pt_cecf9ac515e84f97,NOT NULL,NOT NULL,NOT NULL
1974,ase_pt_9c0bca498cd943c1,NOT NULL,NOT NULL,NOT NULL
1975,ase_pt_9c0bca498cd943c1,NOT NULL,NOT NULL,NOT NULL
1976,ase_pt_47b045d3637a422d,NOT NULL,NOT NULL,NOT NULL
1977,ase_pt_47b045d3637a422d,NOT NULL,NOT NULL,NOT NULL
1978,ase_pt_f718bcf91c2f4cf6,NOT NULL,NOT NULL,NOT NULL
1979,ase_pt_f718bcf91c2f4cf6,NOT NULL,NOT NULL,NOT NULL
1980,ase_pt_cc391a931e4f47f4,NOT NULL,NOT NULL,NOT NULL
1981,ase_pt_cc391a931e4f47f4,NOT NULL,NOT NULL,NOT NULL
1982,ase_pt_cc391a931e4f47f4,NOT NULL,NOT NULL,NOT NULL
1983,ase_pt_cc391a931e4f47f4,NOT NULL,NOT NULL,NOT NULL
1984,ase_pt_77eb0b5360724f38,NOT NULL,NOT NULL,NOT NULL
1985,ase_pt_77eb0b5360724f38,NOT NULL,NOT NULL,NOT NULL
1986,ase_pt_77eb0b5360724f38,NOT NULL,NOT NULL,NOT NULL
1987,ase_pt_77eb0b5360724f38,NOT NULL,NOT NULL,NOT NULL
1988,ase_pt_6aca195c5bfb4fb8,NOT NULL,NOT NULL,NOT NULL
1989,ase_pt_6aca195c5bfb4fb8,NOT NULL,NOT NULL,NOT NULL
1990,ase_pt_6aca195c5bfb4fb8,NOT NULL,NOT NULL,NOT NULL
1991,ase_pt_6aca195c5bfb4fb8,NOT NULL,NOT NULL,NOT NULL
1992,ase_pt_07b1b4e5014545b3,NOT NULL,NOT NULL,NOT NULL
1993,ase_pt_07b1b4e5014545b3,NOT NULL,NOT NULL,NOT NULL
1994,ase_pt_07b1b4e5014545b3,NOT NULL,NOT NULL,NOT NULL
1995,ase_pt_07b1b4e5014545b3,NOT NULL,NOT NULL,NOT NULL
1996,ase_pt_63310aeadd5649cd,NOT NULL,NOT NULL,NOT NULL
1997,ase_pt_63310aeadd5649cd,NOT NULL,NOT NULL,NOT NULL
1998,ase_pt_63310aeadd5649cd,NOT NULL,NOT NULL,NOT NULL
1999,ase_pt_28328029a7f34d5d,NOT NULL,NOT NULL,NOT NULL
2000,ase_pt_28328029a7f34d5d,NOT NULL,NOT NULL,NOT NULL
2001,ase_pt_28328029a7f34d5d,NOT NULL,NOT NULL,NOT NULL
2002,ase_pt_e9774f4255124adc,NOT NULL,NOT NULL,NOT NULL
2003,ase_pt_e9774f4255124adc,NOT NULL,NOT NULL,NOT NULL
2004,ase_pt_e9774f4255124adc,NOT NULL,NOT NULL,NOT NULL
2005,ase_pt_e9774f4255124adc,NOT NULL,NOT NULL,NOT NULL
2006,ase_pt_138b12dca04a4839,NOT NULL,NOT NULL,NOT NULL
2007,ase_pt_138b12dca04a4839,NOT NULL,NOT NULL,NOT NULL
2008,ase_pt_138b12dca04a4839,NOT NULL,NOT NULL,NOT NULL
2009,ase_pt_a9ede8c2b6164324,NOT NULL,NOT NULL,NOT NULL
2010,ase_pt_a9ede8c2b6164324,NOT NULL,NOT NULL,NOT NULL
2011,ase_pt_a9ede8c2b6164324,NOT NULL,NOT NULL,NOT NULL
2012,ase_pt_9179e74a98ee4988,NOT NULL,NOT NULL,NOT NULL
2013,ase_pt_9179e74a98ee4988,NOT NULL,NOT NULL,NOT NULL
2014,ase_pt_9179e74a98ee4988,NOT NULL,NOT NULL,NOT NULL
2015,ase_pt_2d62d52019a541bb,NOT NULL,NOT NULL,NOT NULL
2016,ase_pt_2d62d52019a541bb,NOT NULL,NOT NULL,NOT NULL
2017,ase_pt_2d62d52019a541bb,NOT NULL,NOT NULL,NOT NULL
2018,ase_pt_80b5cd91d5bc4242,NOT NULL,NOT NULL,NOT NULL
2019,ase_pt_80b5cd91d5bc4242,NOT NULL,NOT NULL,NOT NULL
2020,ase_pt_80b5cd91d5bc4242,NOT NULL,NOT NULL,NOT NULL
2021,ase_pt_61d345b280ce4300,NOT NULL,NOT NULL,NOT NULL
2022,ase_pt_61d345b280ce4300,NOT NULL,NOT NULL,NOT NULL
2023,ase_pt_61d345b280ce4300,NOT NULL,NOT NULL,NOT NULL
2024,ase_pt_7306e190b47841d5,NOT NULL,NOT NULL,NOT NULL
2025,ase_pt_7306e190b47841d5,NOT NULL,NOT NULL,NOT NULL
2026,ase_pt_7306e190b47841d5,NOT NULL,NOT NULL,NOT NULL
2027,ase_pt_7306e190b47841d5,NOT NULL,NOT NULL,NOT NULL
2028,ase_pt_7306e190b47841d5,NOT NULL,NOT NULL,NOT NULL
2029,ase_pt_7306e190b47841d5,NOT NULL,NOT NULL,NOT NULL
2030,ase_pt_00aa4dfd26224440,NOT NULL,NOT NULL,NOT NULL
2031,ase_pt_00aa4dfd26224440,NOT NULL,NOT NULL,NOT NULL
2032,ase_pt_00aa4dfd26224440,NOT NULL,NOT NULL,NOT NULL
2033,ase_pt_3632906f3796405f,NOT NULL,NOT NULL,NOT NULL
2034,ase_pt_3632906f3796405f,NOT NULL,NOT NULL,NOT NULL
2035,ase_pt_3632906f3796405f,NOT NULL,NOT NULL,NOT NULL
2036,ase_pt_793e28749bc24fce,NOT NULL,NOT NULL,NOT NULL
2037,ase_pt_793e28749bc24fce,NOT NULL,NOT NULL,NOT NULL
2038,ase_pt_793e28749bc24fce,NOT NULL,NOT NULL,NOT NULL
2039,ase_pt_793e28749bc24fce,NOT NULL,NOT NULL,NOT NULL
2040,ase_pt_b0eeb4319ad54360,NOT NULL,NOT NULL,NOT NULL
2041,ase_pt_b0eeb4319ad54360,NOT NULL,NOT NULL,NOT NULL
2042,ase_pt_b0eeb4319ad54360,NOT NULL,NOT NULL,NOT NULL
2043,ase_pt_b0eeb4319ad54360,NOT NULL,NOT NULL,NOT NULL
2044,ase_pt_19b4607ee28b4e4b,NOT NULL,NOT NULL,NOT NULL
2045,ase_pt_19b4607ee28b4e4b,NOT NULL,NOT NULL,NOT NULL
2046,ase_pt_19b4607ee28b4e4b,NOT NULL,NOT NULL,NOT NULL
2047,ase_pt_19b4607ee28b4e4b,NOT NULL,NOT NULL,NOT NULL
2048,ase_pt_bfac9a1717b7484c,NOT NULL,NOT NULL,NOT NULL
2049,ase_pt_bfac9a1717b7484c,NOT NULL,NOT NULL,NOT NULL
2050,ase_pt_bfac9a1717b7484c,NOT NULL,NOT NULL,NOT NULL
2051,ase_pt_bfac9a1717b7484c,NOT NULL,NOT NULL,NOT NULL
2052,ase_pt_a84f030dddc84b5c,NOT NULL,NOT NULL,NOT NULL
2053,ase_pt_a84f030dddc84b5c,NOT NULL,NOT NULL,NOT NULL
2054,ase_pt_a84f030dddc84b5c,NOT NULL,NOT NULL,NOT NULL
2055,ase_pt_a84f030dddc84b5c,NOT NULL,NOT NULL,NOT NULL
2056,ase_pt_f0cf4e295eb34ac4,NOT NULL,NOT NULL,NOT NULL
2057,ase_pt_f0cf4e295eb34ac4,NOT NULL,NOT NULL,NOT NULL
2058,ase_pt_f0cf4e295eb34ac4,NOT NULL,NOT NULL,NOT NULL
2059,ase_pt_f0cf4e295eb34ac4,NOT NULL,NOT NULL,NOT NULL
2060,ase_pt_a41cbde2d94b40f5,NOT NULL,NOT NULL,NOT NULL
2061,ase_pt_a41cbde2d94b40f5,NOT NULL,NOT NULL,NOT NULL
2062,ase_pt_a41cbde2d94b40f5,NOT NULL,NOT NULL,NOT NULL
2063,ase_pt_a41cbde2d94b40f5,NOT NULL,NOT NULL,NOT NULL
2064,ase_pt_a41cbde2d94b40f5,NOT NULL,NOT NULL,NOT NULL
2065,ase_pt_a41cbde2d94b40f5,NOT NULL,NOT NULL,NOT NULL
2066,ase_pt_a41cbde2d94b40f5,NOT NULL,NOT NULL,NOT NULL
2067,ase_pt_a41cbde2d94b40f5,NOT NULL,NOT NULL,NOT NULL
2068,ase_pt_c693893a29cf4a5c,NOT NULL,NOT NULL,NOT NULL
2069,ase_pt_c693893a29cf4a5c,NOT NULL,NOT NULL,NOT NULL
2070,ase_pt_c693893a29cf4a5c,NOT NULL,NOT NULL,NOT NULL
2071,ase_pt_c693893a29cf4a5c,NOT NULL,NOT NULL,NOT NULL
2072,ase_pt_17a87aa5b5ef41d5,NOT NULL,NOT NULL,NOT NULL
2073,ase_pt_17a87aa5b5ef41d5,NOT NULL,NOT NULL,NOT NULL
2074,ase_pt_17a87aa5b5ef41d5,NOT NULL,NOT NULL,NOT NULL
2075,ase_pt_17a87aa5b5ef41d5,NOT NULL,NOT NULL,NOT NULL
2076,ase_pt_daf29f93819041a8,NOT NULL,NOT NULL,NOT NULL
2077,ase_pt_daf29f93819041a8,NOT NULL,NOT NULL,NOT NULL
2078,ase_pt_daf29f93819041a8,NOT NULL,NOT NULL,NOT NULL
2079,ase_pt_daf29f93819041a8,NOT NULL,NOT NULL,NOT NULL
2080,ase_pt_5060831c6ba74a92,NOT NULL,NOT NULL,NOT NULL
2081,ase_pt_5060831c6ba74a92,NOT NULL,NOT NULL,NOT NULL
2082,ase_pt_5060831c6ba74a92,NOT NULL,NOT NULL,NOT NULL
2083,ase_pt_5060831c6ba74a92,NOT NULL,NOT NULL,NOT NULL
2084,ase_pt_b5a80c476a354e47,NOT NULL,NOT NULL,NOT NULL
2085,ase_pt_b5a80c476a354e47,NOT NULL,NOT NULL,NOT NULL
2086,ase_pt_b5a80c476a354e47,NOT NULL,NOT NULL,NOT NULL
2087,ase_pt_b5a80c476a354e47,NOT NULL,NOT NULL,NOT NULL
2088,ase_pt_b82b26af17754238,NOT NULL,NOT NULL,NOT NULL
2089,ase_pt_b82b26af17754238,NOT NULL,NOT NULL,NOT NULL
2090,ase_pt_392c2cc71b23483b,NOT NULL,NOT NULL,NOT NULL
2091,ase_pt_392c2cc71b23483b,NOT NULL,NOT NULL,NOT NULL
2092,ase_pt_ba89af7af8ba4e0a,NOT NULL,NOT NULL,NOT NULL
2093,ase_pt_ba89af7af8ba4e0a,NOT NULL,NOT NULL,NOT NULL
2094,ase_pt_ba89af7af8ba4e0a,NOT NULL,NOT NULL,NOT NULL
2095,ase_pt_c63b5ebecfbb40ba,NOT NULL,NOT NULL,NOT NULL
2096,ase_pt_c63b5ebecfbb40ba,NOT NULL,NOT NULL,NOT NULL
2097,ase_pt_c63b5ebecfbb40ba,NOT NULL,NOT NULL,NOT NULL
2098,ase_pt_41a973774616430c,NOT NULL,NOT NULL,NOT NULL
2099,ase_pt_41a973774616430c,NOT NULL,NOT NULL,NOT NULL
2100,ase_pt_41a973774616430c,NOT NULL,NOT NULL,NOT NULL
2101,ase_pt_41a973774616430c,NOT NULL,NOT NULL,NOT NULL
2102,ase_pt_b18fa90299b1435f,NOT NULL,NOT NULL,NOT NULL
2103,ase_pt_b18fa90299b1435f,NOT NULL,NOT NULL,NOT NULL
2104,ase_pt_b18fa90299b1435f,NOT NULL,NOT NULL,NOT NULL
2105,ase_pt_b18fa90299b1435f,NOT NULL,NOT NULL,NOT NULL
2106,ase_pt_afbccbf809824372,NOT NULL,NOT NULL,NOT NULL
2107,ase_pt_afbccbf809824372,NOT NULL,NOT NULL,NOT NULL
2108,ase_pt_afbccbf809824372,NOT NULL,NOT NULL,NOT NULL
2109,ase_pt_afbccbf809824372,NOT NULL,NOT NULL,NOT NULL
2110,ase_pt_98831dcb66714fbe,NOT NULL,NOT NULL,NOT NULL
2111,ase_pt_98831dcb66714fbe,NOT NULL,NOT NULL,NOT NULL
2112,ase_pt_52ee7c4cf21442b2,NOT NULL,NOT NULL,NOT NULL
2113,ase_pt_52ee7c4cf21442b2,NOT NULL,NOT NULL,NOT NULL
2114,ase_pt_13f1551ef56f423a,NOT NULL,NOT NULL,NOT NULL
2115,ase_pt_13f1551ef56f423a,NOT NULL,NOT NULL,NOT NULL
2116,ase_pt_13f1551ef56f423a,NOT NULL,NOT NULL,NOT NULL
2117,ase_pt_13f1551ef56f423a,NOT NULL,NOT NULL,NOT NULL
2118,ase_pt_668c2de047b24014,NOT NULL,NOT NULL,NOT NULL
2119,ase_pt_668c2de047b24014,NOT NULL,NOT NULL,NOT NULL
2120,ase_pt_668c2de047b24014,NOT NULL,NOT NULL,NOT NULL
2121,ase_pt_668c2de047b24014,NOT NULL,NOT NULL,NOT NULL
2122,ase_pt_01bff1e9f1a94d9b,NOT NULL,NOT NULL,NOT NULL
2123,ase_pt_01bff1e9f1a94d9b,NOT NULL,NOT NULL,NOT NULL
2124,ase_pt_deec57d13d8148c3,NOT NULL,NOT NULL,NOT NULL
2125,ase_pt_deec57d13d8148c3,NOT NULL,NOT NULL,NOT NULL
2126,ase_pt_323b41a676d94132,NOT NULL,NOT NULL,NOT NULL
2127,ase_pt_323b41a676d94132,NOT NULL,NOT NULL,NOT NULL
2128,ase_pt_c41a7642575b484e,NOT NULL,NOT NULL,NOT NULL
2129,ase_pt_c41a7642575b484e,NOT NULL,NOT NULL,NOT NULL
2130,ase_pt_3fc17c17f0ee41d0,NOT NULL,NOT NULL,NOT NULL
2131,ase_pt_3fc17c17f0ee41d0,NOT NULL,NOT NULL,NOT NULL
2132,ase_pt_3fc17c17f0ee41d0,NOT NULL,NOT NULL,NOT NULL
2133,ase_pt_8e69571ed93942dd,NOT NULL,NOT NULL,NOT NULL
2134,ase_pt_8e69571ed93942dd,NOT NULL,NOT NULL,NOT NULL
2135,ase_pt_8e69571ed93942dd,NOT NULL,NOT NULL,NOT NULL
2136,ase_pt_8e69571ed93942dd,NOT NULL,NOT NULL,NOT NULL
2137,ase_pt_ba237dbdad944b8b,NOT NULL,NOT NULL,NOT NULL
2138,ase_pt_ba237dbdad944b8b,NOT NULL,NOT NULL,NOT NULL
2139,ase_pt_8c37415feac34594,NOT NULL,NOT NULL,NOT NULL
2140,ase_pt_8c37415feac34594,NOT NULL,NOT NULL,NOT NULL
2141,ase_pt_8c37415feac34594,NOT NULL,NOT NULL,NOT NULL
2142,ase_pt_8c37415feac34594,NOT NULL,NOT NULL,NOT NULL
2143,ase_pt_e68147c53ad64379,NOT NULL,NOT NULL,NOT NULL
2144,ase_pt_e68147c53ad64379,NOT NULL,NOT NULL,NOT NULL
2145,ase_pt_ad101c6b69114db6,NOT NULL,NOT NULL,NOT NULL
2146,ase_pt_ad101c6b69114db6,NOT NULL,NOT NULL,NOT NULL
2147,ase_pt_ad101c6b69114db6,NOT NULL,NOT NULL,NOT NULL
2148,ase_pt_b816b72e7a2f46dc,NOT NULL,NOT NULL,NOT NULL
2149,ase_pt_b816b72e7a2f46dc,NOT NULL,NOT NULL,NOT NULL
2150,ase_pt_b816b72e7a2f46dc,NOT NULL,NOT NULL,NOT NULL
2151,ase_pt_b816b72e7a2f46dc,NOT NULL,NOT NULL,NOT NULL
2152,ase_pt_9403ce850be042b9,NOT NULL,NOT NULL,NOT NULL
2153,ase_pt_9403ce850be042b9,NOT NULL,NOT NULL,NOT NULL
2154,ase_pt_9403ce850be042b9,NOT NULL,NOT NULL,NOT NULL
2155,ase_pt_9403ce850be042b9,NOT NULL,NOT NULL,NOT NULL
2156,ase_pt_81f372c0b5194ee7,NOT NULL,NOT NULL,NOT NULL
2157,ase_pt_81f372c0b5194ee7,NOT NULL,NOT NULL,NOT NULL
2158,ase_pt_746387e359af4fd9,NOT NULL,NOT NULL,NOT NULL
2159,ase_pt_746387e359af4fd9,NOT NULL,NOT NULL,NOT NULL
2160,ase_pt_4d4e18373bcb40ef,NOT NULL,NOT NULL,NOT NULL
2161,ase_pt_4a4131e4b37349c8,NOT NULL,NOT NULL,NOT NULL
2162,ase_pt_4a4131e4b37349c8,NOT NULL,NOT NULL,NOT NULL
2163,ase_pt_a96a5356fe294b6a,NOT NULL,NOT NULL,NOT NULL
2164,ase_pt_a96a5356fe294b6a,NOT NULL,NOT NULL,NOT NULL
2165,ase_pt_a96a5356fe294b6a,NOT NULL,NOT NULL,NOT NULL
2166,ase_pt_a96a5356fe294b6a,NOT NULL,NOT NULL,NOT NULL
2167,ase_pt_0dd30d7452624163,NOT NULL,NOT NULL,NOT NULL
2168,ase_pt_0dd30d7452624163,NOT NULL,NOT NULL,NOT NULL
2169,ase_pt_0dd30d7452624163,NOT NULL,NOT NULL,NOT NULL
2170,ase_pt_0dd30d7452624163,NOT NULL,NOT NULL,NOT NULL
2171,ase_pt_0dd30d7452624163,NOT NULL,NOT NULL,NOT NULL
2172,ase_pt_9bb6a291e8394a63,NOT NULL,NOT NULL,NOT NULL
2173,ase_pt_9bb6a291e8394a63,NOT NULL,NOT NULL,NOT NULL
2174,ase_pt_9bb6a291e8394a63,NOT NULL,NOT NULL,NOT NULL
2175,ase_pt_9bb6a291e8394a63,NOT NULL,NOT NULL,NOT NULL
2176,ase_pt_9bb6a291e8394a63,NOT NULL,NOT NULL,NOT NULL
2177,ase_pt_9bb6a291e8394a63,NOT NULL,NOT NULL,NOT NULL
2178,ase_pt_3f2458b9297a4ad0,NOT NULL,NOT NULL,NOT NULL
2179,ase_pt_3f2458b9297a4ad0,NOT NULL,NOT NULL,NOT NULL
2180,ase_pt_3f2458b9297a4ad0,NOT NULL,NOT NULL,NOT NULL
2181,ase_pt_3f2458b9297a4ad0,NOT NULL,NOT NULL,NOT NULL
2182,ase_pt_3f2458b9297a4ad0,NOT NULL,NOT NULL,NOT NULL
2183,ase_pt_3f2458b9297a4ad0,NOT NULL,NOT NULL,NOT NULL
2184,ase_pt_3f2458b9297a4ad0,NOT NULL,NOT NULL,NOT NULL
2185,ase_pt_3f2458b9297a4ad0,NOT NULL,NOT NULL,NOT NULL
